time,t_air_c,u10_ms,v10_ms,u100_ms,v100_ms,ghi_wm2
2024-01-01 00:00:00+00:00,-9.66,2.521,4.155,3.644,6.006,0.0
2024-01-01 01:00:00+00:00,-7.65,2.894,4.526,4.183,6.542,0.0
2024-01-01 02:00:00+00:00,-11.21,2.879,4.354,4.161,6.294,0.0
2024-01-01 03:00:00+00:00,-11.99,3.288,4.317,4.753,6.24,0.0
2024-01-01 04:00:00+00:00,-13.03,3.553,4.028,5.136,5.823,0.0
2024-01-01 05:00:00+00:00,-11.85,3.352,3.43,4.845,4.957,0.0
2024-01-01 06:00:00+00:00,-10.94,4.113,4.024,5.945,5.816,0.0
2024-01-01 07:00:00+00:00,-9.97,3.998,3.816,5.778,5.516,0.0
2024-01-01 08:00:00+00:00,-11.14,4.807,3.559,6.948,5.145,0.0
2024-01-01 09:00:00+00:00,-12.51,4.3,3.079,6.216,4.451,0.0
2024-01-01 10:00:00+00:00,-12.36,3.698,2.139,5.345,3.092,11.7
2024-01-01 11:00:00+00:00,-13.35,5.166,2.093,7.467,3.025,58.1
2024-01-01 12:00:00+00:00,-14.81,4.614,0.877,6.669,1.267,53.1
2024-01-01 13:00:00+00:00,-14.28,4.687,0.103,6.775,0.149,58.1
2024-01-01 14:00:00+00:00,-15.49,5.414,-0.926,7.825,-1.338,11.7
2024-01-01 15:00:00+00:00,-17.98,4.743,-1.938,6.855,-2.801,0.0
2024-01-01 16:00:00+00:00,-20.04,3.532,-2.978,5.105,-4.304,0.0
2024-01-01 17:00:00+00:00,-18.48,2.395,-3.878,3.462,-5.606,0.0
2024-01-01 18:00:00+00:00,-17.72,1.352,-6.967,1.954,-10.07,0.0
2024-01-01 19:00:00+00:00,-16.99,-1.953,-6.825,-2.822,-9.865,0.0
2024-01-01 20:00:00+00:00,-15.29,-5.215,-5.259,-7.538,-7.601,0.0
2024-01-01 21:00:00+00:00,-10.82,-6.817,-2.602,-9.854,-3.761,0.0
2024-01-01 22:00:00+00:00,-10.27,-7.612,0.582,-11.003,0.841,0.0
2024-01-01 23:00:00+00:00,-6.96,-6.384,3.448,-9.227,4.984,0.0
2024-01-02 00:00:00+00:00,-5.11,-4.777,7.085,-6.904,10.241,0.0
2024-01-02 01:00:00+00:00,-3.77,-0.578,6.843,-0.836,9.891,0.0
2024-01-02 02:00:00+00:00,-4.44,3.768,7.992,5.446,11.552,0.0
2024-01-02 03:00:00+00:00,-3.12,7.755,4.219,11.209,6.098,0.0
2024-01-02 04:00:00+00:00,-4.1,7.566,-0.967,10.936,-1.397,0.0
2024-01-02 05:00:00+00:00,-6.41,5.609,-4.526,8.107,-6.542,0.0
2024-01-02 06:00:00+00:00,-7.17,2.948,-6.436,4.261,-9.303,0.0
2024-01-02 07:00:00+00:00,-8.07,-0.179,-5.959,-0.259,-8.614,0.0
2024-01-02 08:00:00+00:00,-9.39,-2.853,-6.518,-4.124,-9.422,0.0
2024-01-02 09:00:00+00:00,-8.45,-4.889,-4.678,-7.067,-6.761,0.0
2024-01-02 10:00:00+00:00,-13.53,-5.702,-2.339,-8.242,-3.381,7.6
2024-01-02 11:00:00+00:00,-15.86,-6.374,-0.513,-9.214,-0.741,35.3
2024-01-02 12:00:00+00:00,-17.49,-5.714,1.347,-8.259,1.946,46.1
2024-01-02 13:00:00+00:00,-19.08,-3.927,2.555,-5.676,3.693,29.2
2024-01-02 14:00:00+00:00,-18.38,-3.778,4.316,-5.461,6.239,6.3
2024-01-02 15:00:00+00:00,-17.32,-2.503,5.634,-3.618,8.143,0.0
2024-01-02 16:00:00+00:00,-17.59,-0.51,7.414,-0.737,10.717,0.0
2024-01-02 17:00:00+00:00,-16.22,1.504,6.168,2.174,8.915,0.0
2024-01-02 18:00:00+00:00,-15.41,3.304,5.456,4.776,7.887,0.0
2024-01-02 19:00:00+00:00,-14.73,5.107,4.483,7.382,6.479,0.0
2024-01-02 20:00:00+00:00,-12.09,5.783,3.225,8.36,4.662,0.0
2024-01-02 21:00:00+00:00,-12.93,4.974,1.014,7.19,1.466,0.0
2024-01-02 22:00:00+00:00,-12.53,5.713,-0.319,8.258,-0.461,0.0
2024-01-02 23:00:00+00:00,-12.54,6.039,-2.116,8.729,-3.058,0.0
2024-01-03 00:00:00+00:00,-12.45,5.879,-4.0,8.498,-5.782,0.0
2024-01-03 01:00:00+00:00,-8.31,4.169,-4.301,6.026,-6.216,0.0
2024-01-03 02:00:00+00:00,-9.61,2.452,-3.832,3.544,-5.538,0.0
2024-01-03 03:00:00+00:00,-10.97,1.374,-3.391,1.987,-4.901,0.0
2024-01-03 04:00:00+00:00,-12.53,0.872,-3.693,1.261,-5.338,0.0
2024-01-03 05:00:00+00:00,-13.73,0.564,-3.418,0.816,-4.941,0.0
2024-01-03 06:00:00+00:00,-11.37,0.535,-4.074,0.773,-5.889,0.0
2024-01-03 07:00:00+00:00,-10.6,0.818,-3.651,1.182,-5.278,0.0
2024-01-03 08:00:00+00:00,-11.86,1.173,-3.552,1.696,-5.135,0.0
2024-01-03 09:00:00+00:00,-13.02,1.357,-2.907,1.962,-4.202,0.0
2024-01-03 10:00:00+00:00,-13.38,1.948,-4.303,2.816,-6.22,3.8
2024-01-03 11:00:00+00:00,-14.11,1.644,-3.497,2.377,-5.054,13.6
2024-01-03 12:00:00+00:00,-14.5,1.48,-2.964,2.139,-4.284,16.7
2024-01-03 13:00:00+00:00,-15.81,1.525,-2.81,2.204,-4.061,19.9
2024-01-03 14:00:00+00:00,-15.2,2.0,-2.79,2.891,-4.033,9.9
2024-01-03 15:00:00+00:00,-16.92,2.808,-3.101,4.059,-4.483,0.0
2024-01-03 16:00:00+00:00,-15.92,2.852,-2.373,4.122,-3.431,0.0
2024-01-03 17:00:00+00:00,-14.13,3.827,-2.206,5.531,-3.189,0.0
2024-01-03 18:00:00+00:00,-15.12,4.887,-1.26,7.065,-1.822,0.0
2024-01-03 19:00:00+00:00,-14.75,5.58,0.159,8.065,0.23,0.0
2024-01-03 20:00:00+00:00,-12.01,4.433,1.245,6.408,1.799,0.0
2024-01-03 21:00:00+00:00,-11.94,4.788,2.765,6.92,3.996,0.0
2024-01-03 22:00:00+00:00,-11.75,4.036,3.302,5.834,4.773,0.0
2024-01-03 23:00:00+00:00,-12.02,3.734,4.786,5.397,6.918,0.0
2024-01-04 00:00:00+00:00,-8.83,2.491,6.501,3.601,9.397,0.0
2024-01-04 01:00:00+00:00,-9.02,1.281,8.009,1.851,11.576,0.0
2024-01-04 02:00:00+00:00,-9.66,-0.292,5.801,-0.422,8.386,0.0
2024-01-04 03:00:00+00:00,-9.31,-0.863,5.144,-1.247,7.435,0.0
2024-01-04 04:00:00+00:00,-5.2,-1.325,5.282,-1.915,7.635,0.0
2024-01-04 05:00:00+00:00,-9.39,-1.916,6.021,-2.769,8.703,0.0
2024-01-04 06:00:00+00:00,-10.38,-1.991,4.874,-2.878,7.044,0.0
2024-01-04 07:00:00+00:00,-10.53,-2.553,4.911,-3.69,7.098,0.0
2024-01-04 08:00:00+00:00,-12.16,-1.808,3.606,-2.614,5.212,0.0
2024-01-04 09:00:00+00:00,-13.61,-1.679,4.031,-2.427,5.826,0.0
2024-01-04 10:00:00+00:00,-12.58,-1.516,5.046,-2.191,7.293,12.8
2024-01-04 11:00:00+00:00,-12.99,-1.799,5.495,-2.601,7.943,42.6
2024-01-04 12:00:00+00:00,-9.44,-1.651,5.459,-2.387,7.89,46.7
2024-01-04 13:00:00+00:00,-6.13,-2.166,7.126,-3.131,10.3,59.6
2024-01-04 14:00:00+00:00,-8.93,-1.936,6.524,-2.799,9.43,14.9
2024-01-04 15:00:00+00:00,-11.97,-1.979,7.084,-2.861,10.239,0.0
2024-01-04 16:00:00+00:00,-11.52,-1.706,7.251,-2.466,10.481,0.0
2024-01-04 17:00:00+00:00,-11.35,-1.001,6.936,-1.446,10.026,0.0
2024-01-04 18:00:00+00:00,-12.67,0.57,8.17,0.824,11.809,0.0
2024-01-04 19:00:00+00:00,-11.4,3.416,8.771,4.938,12.678,0.0
2024-01-04 20:00:00+00:00,-11.57,5.402,6.7,7.808,9.685,0.0
2024-01-04 21:00:00+00:00,-14.04,6.253,4.087,9.039,5.908,0.0
2024-01-04 22:00:00+00:00,-13.45,8.513,2.432,12.305,3.515,0.0
2024-01-04 23:00:00+00:00,-11.53,7.46,0.134,10.783,0.193,0.0
2024-01-05 00:00:00+00:00,-12.04,6.797,-1.751,9.824,-2.531,0.0
2024-01-05 01:00:00+00:00,-11.15,5.078,-2.74,7.339,-3.961,0.0
2024-01-05 02:00:00+00:00,-11.2,4.594,-4.143,6.641,-5.988,0.0
2024-01-05 03:00:00+00:00,-11.16,4.885,-5.431,7.061,-7.85,0.0
2024-01-05 04:00:00+00:00,-8.2,3.362,-5.793,4.86,-8.373,0.0
2024-01-05 05:00:00+00:00,-5.83,2.091,-6.465,3.023,-9.345,0.0
2024-01-05 06:00:00+00:00,-6.57,0.62,-10.138,0.896,-14.653,0.0
2024-01-05 07:00:00+00:00,-8.13,-1.602,-9.1,-2.316,-13.153,0.0
2024-01-05 08:00:00+00:00,-8.12,-4.01,-8.375,-5.796,-12.105,0.0
2024-01-05 09:00:00+00:00,-10.65,-7.791,-8.852,-11.261,-12.794,0.0
2024-01-05 10:00:00+00:00,-11.76,-10.076,-6.368,-14.565,-9.205,6.5
2024-01-05 11:00:00+00:00,-13.11,-12.975,-4.657,-18.755,-6.732,37.4
2024-01-05 12:00:00+00:00,-13.9,-12.299,-0.435,-17.778,-0.629,29.8
2024-01-05 13:00:00+00:00,-14.8,-12.082,1.768,-17.464,2.555,14.2
2024-01-05 14:00:00+00:00,-16.34,-9.883,3.007,-14.285,4.346,4.6
2024-01-05 15:00:00+00:00,-15.34,-7.683,3.83,-11.106,5.536,0.0
2024-01-05 16:00:00+00:00,-16.81,-6.362,4.623,-9.196,6.682,0.0
2024-01-05 17:00:00+00:00,-16.78,-4.716,5.115,-6.817,7.394,0.0
2024-01-05 18:00:00+00:00,-15.48,-3.488,5.852,-5.041,8.458,0.0
2024-01-05 19:00:00+00:00,-13.5,-2.708,6.692,-3.915,9.672,0.0
2024-01-05 20:00:00+00:00,-10.49,-1.767,5.727,-2.554,8.278,0.0
2024-01-05 21:00:00+00:00,-9.79,-1.124,5.529,-1.625,7.992,0.0
2024-01-05 22:00:00+00:00,-8.94,-0.38,5.789,-0.549,8.368,0.0
2024-01-05 23:00:00+00:00,-11.36,0.696,5.676,1.006,8.204,0.0
2024-01-06 00:00:00+00:00,-10.46,2.305,4.933,3.331,7.13,0.0
2024-01-06 01:00:00+00:00,-8.7,3.882,4.134,5.611,5.976,0.0
2024-01-06 02:00:00+00:00,-8.3,4.302,2.361,6.219,3.412,0.0
2024-01-06 03:00:00+00:00,-8.87,4.908,0.634,7.094,0.916,0.0
2024-01-06 04:00:00+00:00,-7.74,4.299,-1.181,6.214,-1.708,0.0
2024-01-06 05:00:00+00:00,-8.06,3.254,-2.724,4.703,-3.938,0.0
2024-01-06 06:00:00+00:00,-7.6,1.582,-3.515,2.287,-5.081,0.0
2024-01-06 07:00:00+00:00,-7.83,-0.047,-3.822,-0.067,-5.524,0.0
2024-01-06 08:00:00+00:00,-10.88,-2.216,-3.849,-3.204,-5.564,0.0
2024-01-06 09:00:00+00:00,-10.51,-4.305,-2.503,-6.222,-3.618,0.0
2024-01-06 10:00:00+00:00,-8.22,-6.613,0.183,-9.559,0.264,19.6
2024-01-06 11:00:00+00:00,-8.31,-4.57,3.524,-6.606,5.094,66.7
2024-01-06 12:00:00+00:00,-9.1,-2.575,7.512,-3.722,10.858,44.8
2024-01-06 13:00:00+00:00,-9.98,1.845,6.794,2.667,9.82,31.2
2024-01-06 14:00:00+00:00,-11.69,5.545,4.91,8.015,7.097,5.2
2024-01-06 15:00:00+00:00,-9.32,7.005,1.349,10.125,1.951,0.0
2024-01-06 16:00:00+00:00,-10.58,4.434,-2.014,6.408,-2.91,0.0
2024-01-06 17:00:00+00:00,-10.83,2.512,-4.452,3.631,-6.435,0.0
2024-01-06 18:00:00+00:00,-14.03,-0.195,-3.928,-0.282,-5.678,0.0
2024-01-06 19:00:00+00:00,-13.88,-2.128,-3.156,-3.075,-4.562,0.0
2024-01-06 20:00:00+00:00,-12.07,-2.992,-1.41,-4.324,-2.038,0.0
2024-01-06 21:00:00+00:00,-12.42,-2.529,0.327,-3.656,0.473,0.0
2024-01-06 22:00:00+00:00,-13.97,-2.122,1.676,-3.067,2.423,0.0
2024-01-06 23:00:00+00:00,-14.07,-1.146,2.959,-1.657,4.277,0.0
2024-01-07 00:00:00+00:00,-13.54,0.514,3.226,0.744,4.664,0.0
2024-01-07 01:00:00+00:00,-12.53,2.201,2.479,3.181,3.583,0.0
2024-01-07 02:00:00+00:00,-13.07,3.43,0.644,4.958,0.931,0.0
2024-01-07 03:00:00+00:00,-13.02,3.235,-1.395,4.676,-2.016,0.0
2024-01-07 04:00:00+00:00,-13.14,1.585,-2.365,2.291,-3.419,0.0
2024-01-07 05:00:00+00:00,-14.32,0.175,-3.321,0.253,-4.801,0.0
2024-01-07 06:00:00+00:00,-15.91,-1.611,-2.788,-2.329,-4.029,0.0
2024-01-07 07:00:00+00:00,-17.67,-2.85,-1.752,-4.119,-2.532,0.0
2024-01-07 08:00:00+00:00,-16.4,-4.204,-0.63,-6.076,-0.911,0.0
2024-01-07 09:00:00+00:00,-16.38,-5.049,1.042,-7.298,1.506,0.0
2024-01-07 10:00:00+00:00,-17.0,-3.919,2.246,-5.665,3.246,5.4
2024-01-07 11:00:00+00:00,-17.69,-2.057,2.303,-2.974,3.329,15.1
2024-01-07 12:00:00+00:00,-18.29,-1.108,2.902,-1.602,4.195,40.2
2024-01-07 13:00:00+00:00,-17.51,0.214,3.133,0.309,4.529,41.5
2024-01-07 14:00:00+00:00,-14.28,1.526,3.031,2.206,4.382,16.5
2024-01-07 15:00:00+00:00,-18.01,2.866,2.549,4.142,3.684,0.0
2024-01-07 16:00:00+00:00,-19.11,3.599,1.152,5.202,1.665,0.0
2024-01-07 17:00:00+00:00,-17.82,4.304,-0.416,6.221,-0.601,0.0
2024-01-07 18:00:00+00:00,-14.03,3.876,-2.422,5.603,-3.5,0.0
2024-01-07 19:00:00+00:00,-14.2,1.885,-3.664,2.725,-5.296,0.0
2024-01-07 20:00:00+00:00,-10.26,0.069,-4.621,0.1,-6.679,0.0
2024-01-07 21:00:00+00:00,-10.64,-2.167,-4.459,-3.133,-6.446,0.0
2024-01-07 22:00:00+00:00,-12.34,-3.868,-3.31,-5.59,-4.784,0.0
2024-01-07 23:00:00+00:00,-11.27,-4.539,-0.71,-6.561,-1.026,0.0
2024-01-08 00:00:00+00:00,-11.34,-3.781,1.414,-5.465,2.043,0.0
2024-01-08 01:00:00+00:00,-10.48,-2.158,2.598,-3.12,3.755,0.0
2024-01-08 02:00:00+00:00,-8.4,-0.444,3.46,-0.642,5.001,0.0
2024-01-08 03:00:00+00:00,-8.48,2.01,3.609,2.906,5.216,0.0
2024-01-08 04:00:00+00:00,-10.67,3.358,1.383,4.854,1.998,0.0
2024-01-08 05:00:00+00:00,-11.5,3.167,-0.899,4.577,-1.299,0.0
2024-01-08 06:00:00+00:00,-13.38,2.244,-2.714,3.243,-3.922,0.0
2024-01-08 07:00:00+00:00,-14.5,0.595,-4.079,0.86,-5.896,0.0
2024-01-08 08:00:00+00:00,-13.01,-1.403,-3.334,-2.028,-4.82,0.0
2024-01-08 09:00:00+00:00,-10.81,-3.516,-2.455,-5.082,-3.548,0.0
2024-01-08 10:00:00+00:00,-12.65,-4.121,-0.184,-5.957,-0.265,26.9
2024-01-08 11:00:00+00:00,-11.19,-3.877,2.08,-5.604,3.007,71.0
2024-01-08 12:00:00+00:00,-13.76,-1.748,3.203,-2.526,4.63,86.0
2024-01-08 13:00:00+00:00,-13.81,0.29,4.238,0.419,6.125,71.0
2024-01-08 14:00:00+00:00,-11.99,2.013,2.454,2.909,3.547,19.3
2024-01-08 15:00:00+00:00,-11.87,3.244,1.257,4.688,1.817,0.0
2024-01-08 16:00:00+00:00,-12.12,3.281,-0.735,4.743,-1.063,0.0
2024-01-08 17:00:00+00:00,-11.18,2.318,-2.143,3.351,-3.098,0.0
2024-01-08 18:00:00+00:00,-11.21,0.751,-2.571,1.085,-3.716,0.0
2024-01-08 19:00:00+00:00,-12.37,-0.899,-3.101,-1.299,-4.482,0.0
2024-01-08 20:00:00+00:00,-10.66,-2.569,-2.098,-3.713,-3.033,0.0
2024-01-08 21:00:00+00:00,-10.2,-3.167,-0.287,-4.578,-0.415,0.0
2024-01-08 22:00:00+00:00,-9.55,-2.584,1.305,-3.735,1.886,0.0
2024-01-08 23:00:00+00:00,-10.75,-1.766,3.037,-2.552,4.39,0.0
2024-01-09 00:00:00+00:00,-8.27,0.464,4.485,0.671,6.483,0.0
2024-01-09 01:00:00+00:00,-9.35,3.23,3.064,4.668,4.429,0.0
2024-01-09 02:00:00+00:00,-12.38,4.936,0.314,7.135,0.454,0.0
2024-01-09 03:00:00+00:00,-10.36,3.308,-2.533,4.781,-3.661,0.0
2024-01-09 04:00:00+00:00,-12.36,1.003,-3.644,1.45,-5.267,0.0
2024-01-09 05:00:00+00:00,-12.74,-1.817,-4.387,-2.627,-6.341,0.0
2024-01-09 06:00:00+00:00,-17.11,-5.53,-2.98,-7.993,-4.308,0.0
2024-01-09 07:00:00+00:00,-17.37,-5.309,1.107,-7.674,1.599,0.0
2024-01-09 08:00:00+00:00,-18.78,-2.91,4.285,-4.206,6.194,0.0
2024-01-09 09:00:00+00:00,-17.68,0.861,5.477,1.245,7.917,0.0
2024-01-09 10:00:00+00:00,-17.82,4.085,3.973,5.905,5.743,11.7
2024-01-09 11:00:00+00:00,-17.72,4.645,0.53,6.714,0.766,16.1
2024-01-09 12:00:00+00:00,-20.12,4.061,-2.234,5.87,-3.229,19.4
2024-01-09 13:00:00+00:00,-19.27,1.868,-4.499,2.701,-6.504,16.1
2024-01-09 14:00:00+00:00,-17.71,-1.996,-6.143,-2.885,-8.879,20.7
2024-01-09 15:00:00+00:00,-16.29,-5.769,-3.456,-8.339,-4.995,0.0
2024-01-09 16:00:00+00:00,-14.68,-5.69,1.455,-8.224,2.103,0.0
2024-01-09 17:00:00+00:00,-14.24,-3.273,5.956,-4.731,8.609,0.0
2024-01-09 18:00:00+00:00,-12.54,2.492,7.932,3.602,11.465,0.0
2024-01-09 19:00:00+00:00,-10.76,6.862,2.971,9.919,4.294,0.0
2024-01-09 20:00:00+00:00,-10.57,6.841,-2.955,9.888,-4.271,0.0
2024-01-09 21:00:00+00:00,-9.34,2.241,-7.245,3.239,-10.472,0.0
2024-01-09 22:00:00+00:00,-9.39,-3.526,-6.081,-5.096,-8.79,0.0
2024-01-09 23:00:00+00:00,-9.65,-6.657,-1.018,-9.623,-1.472,0.0
2024-01-10 00:00:00+00:00,-7.57,-4.647,4.115,-6.717,5.947,0.0
2024-01-10 01:00:00+00:00,-6.18,0.315,5.828,0.455,8.424,0.0
2024-01-10 02:00:00+00:00,-6.3,6.284,4.337,9.084,6.269,0.0
2024-01-10 03:00:00+00:00,-6.97,8.053,-2.973,11.64,-4.298,0.0
2024-01-10 04:00:00+00:00,-7.52,3.65,-9.3,5.276,-13.443,0.0
2024-01-10 05:00:00+00:00,-11.41,-3.399,-9.062,-4.914,-13.099,0.0
2024-01-10 06:00:00+00:00,-11.11,-7.01,-4.187,-10.133,-6.052,0.0
2024-01-10 07:00:00+00:00,-10.08,-7.014,0.684,-10.138,0.988,0.0
2024-01-10 08:00:00+00:00,-7.79,-4.909,4.378,-7.095,6.328,0.0
2024-01-10 09:00:00+00:00,-9.06,-1.337,6.072,-1.933,8.777,0.0
2024-01-10 10:00:00+00:00,-11.75,2.675,6.644,3.867,9.604,7.0
2024-01-10 11:00:00+00:00,-10.45,4.905,3.203,7.09,4.63,16.7
2024-01-10 12:00:00+00:00,-10.3,5.299,-0.158,7.66,-0.228,37.9
2024-01-10 13:00:00+00:00,-8.27,3.698,-2.779,5.345,-4.017,16.7
2024-01-10 14:00:00+00:00,-9.34,1.73,-4.846,2.5,-7.004,7.0
2024-01-10 15:00:00+00:00,-9.86,-0.972,-5.828,-1.404,-8.424,0.0
2024-01-10 16:00:00+00:00,-13.27,-2.998,-4.193,-4.333,-6.061,0.0
2024-01-10 17:00:00+00:00,-14.44,-6.518,-2.648,-9.421,-3.827,0.0
2024-01-10 18:00:00+00:00,-15.29,-8.1,1.273,-11.708,1.839,0.0
2024-01-10 19:00:00+00:00,-14.86,-6.741,5.171,-9.744,7.475,0.0
2024-01-10 20:00:00+00:00,-12.02,-2.631,6.502,-3.804,9.398,0.0
2024-01-10 21:00:00+00:00,-8.81,0.798,6.765,1.153,9.779,0.0
2024-01-10 22:00:00+00:00,-5.77,4.333,5.96,6.263,8.614,0.0
2024-01-10 23:00:00+00:00,-5.32,7.358,3.772,10.635,5.453,0.0
2024-01-11 00:00:00+00:00,-2.27,11.352,-1.071,16.409,-1.548,0.0
2024-01-11 01:00:00+00:00,-3.14,8.363,-6.006,12.088,-8.681,0.0
2024-01-11 02:00:00+00:00,-3.51,3.117,-7.5,4.506,-10.841,0.0
2024-01-11 03:00:00+00:00,-7.23,-1.259,-6.585,-1.82,-9.518,0.0
2024-01-11 04:00:00+00:00,-9.44,-4.739,-5.074,-6.85,-7.334,0.0
2024-01-11 05:00:00+00:00,-12.38,-6.92,-2.15,-10.002,-3.108,0.0
2024-01-11 06:00:00+00:00,-12.21,-6.815,0.935,-9.851,1.352,0.0
2024-01-11 07:00:00+00:00,-9.88,-5.418,3.672,-7.832,5.307,0.0
2024-01-11 08:00:00+00:00,-9.7,-2.411,4.149,-3.485,5.997,0.0
2024-01-11 09:00:00+00:00,-6.97,0.043,4.435,0.062,6.41,0.0
2024-01-11 10:00:00+00:00,-6.82,1.788,3.396,2.585,4.909,16.1
2024-01-11 11:00:00+00:00,-5.2,3.381,2.687,4.887,3.884,42.4
2024-01-11 12:00:00+00:00,-6.41,3.994,0.812,5.773,1.174,93.4
2024-01-11 13:00:00+00:00,-8.76,4.13,-1.134,5.97,-1.64,78.3
2024-01-11 14:00:00+00:00,-12.74,4.026,-2.997,5.82,-4.332,34.1
2024-01-11 15:00:00+00:00,-12.24,2.116,-3.315,3.058,-4.792,0.0
2024-01-11 16:00:00+00:00,-10.42,1.077,-5.039,1.556,-7.284,0.0
2024-01-11 17:00:00+00:00,-8.49,-0.868,-5.283,-1.255,-7.637,0.0
2024-01-11 18:00:00+00:00,-6.61,-3.041,-4.747,-4.395,-6.862,0.0
2024-01-11 19:00:00+00:00,-4.54,-4.774,-3.676,-6.9,-5.313,0.0
2024-01-11 20:00:00+00:00,-7.49,-6.768,-2.161,-9.783,-3.123,0.0
2024-01-11 21:00:00+00:00,-8.01,-7.448,0.553,-10.766,0.8,0.0
2024-01-11 22:00:00+00:00,-8.79,-7.569,3.736,-10.94,5.4,0.0
2024-01-11 23:00:00+00:00,-5.42,-3.831,4.588,-5.538,6.632,0.0
2024-01-12 00:00:00+00:00,-5.65,-1.886,4.123,-2.726,5.959,0.0
2024-01-12 01:00:00+00:00,-8.04,-0.454,3.863,-0.656,5.583,0.0
2024-01-12 02:00:00+00:00,-7.3,0.429,2.98,0.62,4.307,0.0
2024-01-12 03:00:00+00:00,-6.78,1.205,3.309,1.741,4.783,0.0
2024-01-12 04:00:00+00:00,-8.84,1.586,2.858,2.292,4.131,0.0
2024-01-12 05:00:00+00:00,-11.48,2.079,2.767,3.005,3.999,0.0
2024-01-12 06:00:00+00:00,-13.69,2.446,2.322,3.536,3.356,0.0
2024-01-12 07:00:00+00:00,-12.28,3.038,2.282,4.391,3.298,0.0
2024-01-12 08:00:00+00:00,-12.4,3.698,2.264,5.346,3.273,0.0
2024-01-12 09:00:00+00:00,-13.74,3.508,1.741,5.071,2.516,0.0
2024-01-12 10:00:00+00:00,-13.03,4.04,1.56,5.839,2.254,22.8
2024-01-12 11:00:00+00:00,-9.87,4.605,1.242,6.656,1.795,69.5
2024-01-12 12:00:00+00:00,-7.92,4.418,0.732,6.387,1.059,51.9
2024-01-12 13:00:00+00:00,-8.46,3.865,0.419,5.586,0.606,30.4
2024-01-12 14:00:00+00:00,-12.87,4.031,0.345,5.826,0.498,15.2
2024-01-12 15:00:00+00:00,-13.44,4.622,0.288,6.681,0.416,0.0
2024-01-12 16:00:00+00:00,-13.9,4.066,0.026,5.878,0.038,0.0
2024-01-12 17:00:00+00:00,-13.86,3.505,-0.225,5.066,-0.325,0.0
2024-01-12 18:00:00+00:00,-12.13,3.52,-0.435,5.088,-0.629,0.0
2024-01-12 19:00:00+00:00,-12.52,3.361,-0.676,4.858,-0.977,0.0
2024-01-12 20:00:00+00:00,-11.56,3.64,-1.333,5.262,-1.926,0.0
2024-01-12 21:00:00+00:00,-11.57,3.255,-1.865,4.705,-2.696,0.0
2024-01-12 22:00:00+00:00,-11.14,2.715,-2.459,3.924,-3.554,0.0
2024-01-12 23:00:00+00:00,-10.01,2.084,-3.013,3.013,-4.356,0.0
2024-01-13 00:00:00+00:00,-10.51,1.14,-2.78,1.648,-4.018,0.0
2024-01-13 01:00:00+00:00,-9.97,0.661,-2.916,0.955,-4.215,0.0
2024-01-13 02:00:00+00:00,-11.03,0.442,-4.265,0.639,-6.165,0.0
2024-01-13 03:00:00+00:00,-11.03,-0.07,-4.405,-0.101,-6.366,0.0
2024-01-13 04:00:00+00:00,-8.63,-0.343,-5.244,-0.495,-7.579,0.0
2024-01-13 05:00:00+00:00,-10.68,-0.526,-4.678,-0.761,-6.762,0.0
2024-01-13 06:00:00+00:00,-10.41,-1.103,-4.856,-1.595,-7.019,0.0
2024-01-13 07:00:00+00:00,-9.39,-2.314,-5.205,-3.345,-7.524,0.0
2024-01-13 08:00:00+00:00,-9.87,-2.586,-3.69,-3.738,-5.333,0.0
2024-01-13 09:00:00+00:00,-10.49,-3.812,-3.471,-5.509,-5.017,0.0
2024-01-13 10:00:00+00:00,-10.69,-4.204,-2.204,-6.076,-3.186,39.5
2024-01-13 11:00:00+00:00,-10.88,-5.229,-1.34,-7.558,-1.937,83.8
2024-01-13 12:00:00+00:00,-10.87,-5.615,-0.303,-8.116,-0.437,98.9
2024-01-13 13:00:00+00:00,-13.39,-6.511,0.257,-9.411,0.372,83.8
2024-01-13 14:00:00+00:00,-12.78,-5.255,0.778,-7.596,1.124,39.5
2024-01-13 15:00:00+00:00,-13.61,-5.173,1.343,-7.477,1.942,0.0
2024-01-13 16:00:00+00:00,-16.57,-4.222,1.829,-6.103,2.643,0.0
2024-01-13 17:00:00+00:00,-17.59,-3.493,2.051,-5.049,2.965,0.0
2024-01-13 18:00:00+00:00,-14.6,-3.357,2.405,-4.852,3.477,0.0
2024-01-13 19:00:00+00:00,-11.79,-3.034,2.907,-4.385,4.202,0.0
2024-01-13 20:00:00+00:00,-11.73,-2.37,3.148,-3.426,4.55,0.0
2024-01-13 21:00:00+00:00,-10.76,-2.146,3.591,-3.102,5.191,0.0
2024-01-13 22:00:00+00:00,-9.56,-1.498,3.655,-2.166,5.283,0.0
2024-01-13 23:00:00+00:00,-8.52,-0.76,3.209,-1.098,4.639,0.0
2024-01-14 00:00:00+00:00,-4.3,-0.422,3.242,-0.61,4.686,0.0
2024-01-14 01:00:00+00:00,-8.12,-0.004,2.265,-0.005,3.274,0.0
2024-01-14 02:00:00+00:00,-7.99,0.132,2.645,0.19,3.823,0.0
2024-01-14 03:00:00+00:00,-8.44,0.316,2.497,0.457,3.61,0.0
2024-01-14 04:00:00+00:00,-10.93,0.694,2.673,1.003,3.863,0.0
2024-01-14 05:00:00+00:00,-13.73,1.17,2.582,1.691,3.732,0.0
2024-01-14 06:00:00+00:00,-11.98,1.981,2.61,2.864,3.773,0.0
2024-01-14 07:00:00+00:00,-13.2,2.704,2.152,3.909,3.11,0.0
2024-01-14 08:00:00+00:00,-14.6,2.915,1.34,4.213,1.936,0.0
2024-01-14 09:00:00+00:00,-15.31,2.979,0.6,4.306,0.867,0.0
2024-01-14 10:00:00+00:00,-16.61,2.846,0.066,4.113,0.095,24.0
2024-01-14 11:00:00+00:00,-16.87,3.875,-0.809,5.601,-1.169,25.5
2024-01-14 12:00:00+00:00,-20.49,3.517,-1.962,5.084,-2.836,43.9
2024-01-14 13:00:00+00:00,-19.05,2.813,-3.059,4.066,-4.422,63.5
2024-01-14 14:00:00+00:00,-17.57,1.729,-4.008,2.499,-5.793,40.4
2024-01-14 15:00:00+00:00,-16.14,0.77,-5.665,1.113,-8.189,0.0
2024-01-14 16:00:00+00:00,-18.52,-0.795,-6.5,-1.149,-9.396,0.0
2024-01-14 17:00:00+00:00,-18.85,-2.499,-7.818,-3.612,-11.3,0.0
2024-01-14 18:00:00+00:00,-20.57,-3.976,-7.244,-5.747,-10.471,0.0
2024-01-14 19:00:00+00:00,-15.44,-5.241,-6.475,-7.576,-9.359,0.0
2024-01-14 20:00:00+00:00,-12.79,-5.946,-4.651,-8.595,-6.723,0.0
2024-01-14 21:00:00+00:00,-9.34,-6.744,-3.45,-9.747,-4.987,0.0
2024-01-14 22:00:00+00:00,-12.65,-6.3,-2.064,-9.106,-2.984,0.0
2024-01-14 23:00:00+00:00,-12.38,-7.095,-0.571,-10.255,-0.826,0.0
2024-01-15 00:00:00+00:00,-9.81,-5.762,0.598,-8.329,0.865,0.0
2024-01-15 01:00:00+00:00,-10.3,-4.945,1.434,-7.148,2.073,0.0
2024-01-15 02:00:00+00:00,-10.56,-5.22,2.223,-7.545,3.214,0.0
2024-01-15 03:00:00+00:00,-10.83,-3.956,2.576,-5.718,3.723,0.0
2024-01-15 04:00:00+00:00,-12.28,-3.104,2.943,-4.487,4.254,0.0
2024-01-15 05:00:00+00:00,-11.15,-2.463,3.417,-3.56,4.939,0.0
2024-01-15 06:00:00+00:00,-11.56,-2.249,4.236,-3.251,6.123,0.0
2024-01-15 07:00:00+00:00,-11.44,-2.155,6.692,-3.115,9.673,0.0
2024-01-15 08:00:00+00:00,-11.19,-0.919,7.152,-1.328,10.338,0.0
2024-01-15 09:00:00+00:00,-11.28,-0.088,6.828,-0.128,9.87,0.0
2024-01-15 10:00:00+00:00,-13.48,0.74,7.045,1.069,10.183,45.3
2024-01-15 11:00:00+00:00,-11.23,1.424,6.743,2.058,9.746,89.7
2024-01-15 12:00:00+00:00,-9.86,2.311,6.86,3.341,9.916,104.8
2024-01-15 13:00:00+00:00,-8.98,2.691,7.095,3.889,10.255,89.7
2024-01-15 14:00:00+00:00,-10.06,2.57,6.913,3.715,9.992,45.3
2024-01-15 15:00:00+00:00,-7.56,2.66,6.741,3.844,9.743,0.0
2024-01-15 16:00:00+00:00,-8.93,2.957,6.572,4.274,9.5,0.0
2024-01-15 17:00:00+00:00,-7.66,4.437,7.379,6.414,10.666,0.0
2024-01-15 18:00:00+00:00,-9.46,4.756,7.048,6.874,10.187,0.0
2024-01-15 19:00:00+00:00,-9.45,5.59,8.545,8.079,12.352,0.0
2024-01-15 20:00:00+00:00,-9.33,5.847,9.091,8.452,13.14,0.0
2024-01-15 21:00:00+00:00,-9.32,7.923,9.934,11.452,14.359,0.0
2024-01-15 22:00:00+00:00,-6.9,7.454,8.156,10.775,11.789,0.0
2024-01-15 23:00:00+00:00,-6.57,9.002,7.065,13.012,10.211,0.0
2024-01-16 00:00:00+00:00,-8.38,7.527,4.221,10.88,6.102,0.0
2024-01-16 01:00:00+00:00,-8.89,8.97,3.354,12.965,4.849,0.0
2024-01-16 02:00:00+00:00,-5.93,9.928,2.851,14.35,4.121,0.0
2024-01-16 03:00:00+00:00,-7.8,10.913,2.28,15.774,3.296,0.0
2024-01-16 04:00:00+00:00,-7.06,10.78,0.845,15.583,1.221,0.0
2024-01-16 05:00:00+00:00,-10.19,11.322,-0.087,16.365,-0.125,0.0
2024-01-16 06:00:00+00:00,-11.11,10.716,-1.313,15.49,-1.898,0.0
2024-01-16 07:00:00+00:00,-11.13,10.794,-3.198,15.601,-4.622,0.0
2024-01-16 08:00:00+00:00,-11.21,13.108,-6.402,18.946,-9.254,0.0
2024-01-16 09:00:00+00:00,-9.34,10.925,-7.657,15.791,-11.068,0.0
2024-01-16 10:00:00+00:00,-8.98,9.424,-9.692,13.622,-14.01,31.7
2024-01-16 11:00:00+00:00,-11.3,9.625,-12.843,13.913,-18.564,92.8
2024-01-16 12:00:00+00:00,-11.82,7.453,-13.062,10.773,-18.881,108.0
2024-01-16 13:00:00+00:00,-11.84,8.078,-17.607,11.676,-25.449,92.8
2024-01-16 14:00:00+00:00,-12.52,4.225,-15.009,6.107,-21.695,48.4
2024-01-16 15:00:00+00:00,-14.78,1.943,-15.283,2.808,-22.091,0.0
2024-01-16 16:00:00+00:00,-15.16,-0.487,-12.684,-0.703,-18.334,0.0
2024-01-16 17:00:00+00:00,-15.34,-2.552,-15.014,-3.688,-21.702,0.0
2024-01-16 18:00:00+00:00,-13.29,-5.385,-14.181,-7.784,-20.497,0.0
2024-01-16 19:00:00+00:00,-13.2,-8.732,-13.59,-12.621,-19.643,0.0
2024-01-16 20:00:00+00:00,-11.72,-9.979,-9.1,-14.423,-13.154,0.0
2024-01-16 21:00:00+00:00,-7.98,-9.647,-5.324,-13.944,-7.696,0.0
2024-01-16 22:00:00+00:00,-6.15,-11.387,-3.077,-16.459,-4.447,0.0
2024-01-16 23:00:00+00:00,-6.54,-11.653,-0.002,-16.844,-0.003,0.0
2024-01-17 00:00:00+00:00,-6.21,-10.132,3.14,-14.645,4.538,0.0
2024-01-17 01:00:00+00:00,-4.12,-6.807,5.51,-9.839,7.964,0.0
2024-01-17 02:00:00+00:00,-4.76,-4.249,6.548,-6.141,9.465,0.0
2024-01-17 03:00:00+00:00,-7.28,-1.878,8.576,-2.715,12.396,0.0
2024-01-17 04:00:00+00:00,-8.14,1.326,8.172,1.917,11.812,0.0
2024-01-17 05:00:00+00:00,-7.79,4.923,7.6,7.116,10.986,0.0
2024-01-17 06:00:00+00:00,-8.05,6.135,4.108,8.868,5.938,0.0
2024-01-17 07:00:00+00:00,-9.8,10.091,1.259,14.586,1.82,0.0
2024-01-17 08:00:00+00:00,-8.81,10.767,-3.748,15.564,-5.418,0.0
2024-01-17 09:00:00+00:00,-12.12,7.32,-6.236,10.581,-9.013,0.0
2024-01-17 10:00:00+00:00,-14.39,4.816,-9.123,6.961,-13.187,22.3
2024-01-17 11:00:00+00:00,-15.12,1.695,-12.037,2.45,-17.399,58.9
2024-01-17 12:00:00+00:00,-19.14,-1.711,-9.798,-2.472,-14.162,69.4
2024-01-17 13:00:00+00:00,-19.46,-5.376,-9.53,-7.771,-13.775,96.1
2024-01-17 14:00:00+00:00,-19.56,-9.99,-9.902,-14.44,-14.312,51.6
2024-01-17 15:00:00+00:00,-14.28,-10.227,-6.73,-14.783,-9.728,0.0
2024-01-17 16:00:00+00:00,-13.51,-11.541,-5.363,-16.682,-7.753,0.0
2024-01-17 17:00:00+00:00,-12.6,-12.261,-2.672,-17.723,-3.862,0.0
2024-01-17 18:00:00+00:00,-11.35,-12.192,0.078,-17.623,0.113,0.0
2024-01-17 19:00:00+00:00,-10.21,-11.562,3.134,-16.712,4.53,0.0
2024-01-17 20:00:00+00:00,-8.14,-10.309,5.365,-14.901,7.755,0.0
2024-01-17 21:00:00+00:00,-9.48,-8.541,9.058,-12.345,13.093,0.0
2024-01-17 22:00:00+00:00,-7.3,-4.021,8.445,-5.811,12.207,0.0
2024-01-17 23:00:00+00:00,-4.73,-3.012,12.93,-4.353,18.69,0.0
2024-01-18 00:00:00+00:00,-5.28,-0.044,15.718,-0.064,22.72,0.0
2024-01-18 01:00:00+00:00,-6.89,3.033,12.564,4.384,18.16,0.0
2024-01-18 02:00:00+00:00,-9.3,6.232,12.054,9.008,17.424,0.0
2024-01-18 03:00:00+00:00,-10.53,8.97,9.605,12.966,13.883,0.0
2024-01-18 04:00:00+00:00,-13.22,10.577,6.332,15.288,9.153,0.0
2024-01-18 05:00:00+00:00,-13.01,16.242,6.123,23.477,8.85,0.0
2024-01-18 06:00:00+00:00,-14.9,14.894,3.454,21.528,4.993,0.0
2024-01-18 07:00:00+00:00,-15.86,12.977,1.024,18.758,1.48,0.0
2024-01-18 08:00:00+00:00,-17.72,12.51,-1.06,18.082,-1.532,0.0
2024-01-18 09:00:00+00:00,-16.7,11.92,-3.095,17.23,-4.474,0.0
2024-01-18 10:00:00+00:00,-18.01,9.997,-3.825,14.45,-5.529,54.9
2024-01-18 11:00:00+00:00,-20.45,10.564,-4.6,15.27,-6.649,99.5
2024-01-18 12:00:00+00:00,-19.56,9.515,-4.142,13.753,-5.987,114.6
2024-01-18 13:00:00+00:00,-20.15,10.472,-4.369,15.137,-6.316,34.7
2024-01-18 14:00:00+00:00,-17.33,9.53,-4.149,13.776,-5.997,35.8
2024-01-18 15:00:00+00:00,-17.18,10.59,-3.748,15.307,-5.417,0.0
2024-01-18 16:00:00+00:00,-15.89,8.659,-1.412,12.515,-2.042,0.0
2024-01-18 17:00:00+00:00,-13.01,9.542,-0.09,13.793,-0.13,0.0
2024-01-18 18:00:00+00:00,-13.39,10.966,1.045,15.85,1.511,0.0
2024-01-18 19:00:00+00:00,-11.55,12.712,2.382,18.375,3.443,0.0
2024-01-18 20:00:00+00:00,-11.01,11.649,3.386,16.837,4.894,0.0
2024-01-18 21:00:00+00:00,-12.73,11.24,4.797,16.246,6.934,0.0
2024-01-18 22:00:00+00:00,-11.34,10.348,5.521,14.957,7.98,0.0
2024-01-18 23:00:00+00:00,-11.14,8.638,5.65,12.485,8.167,0.0
2024-01-19 00:00:00+00:00,-11.62,8.568,6.483,12.384,9.371,0.0
2024-01-19 01:00:00+00:00,-10.83,9.168,8.22,13.252,11.881,0.0
2024-01-19 02:00:00+00:00,-11.88,8.617,9.765,12.455,14.115,0.0
2024-01-19 03:00:00+00:00,-12.73,10.21,12.921,14.758,18.676,0.0
2024-01-19 04:00:00+00:00,-10.88,7.089,10.213,10.246,14.762,0.0
2024-01-19 05:00:00+00:00,-11.46,6.611,10.03,9.555,14.498,0.0
2024-01-19 06:00:00+00:00,-13.71,5.581,7.154,8.067,10.341,0.0
2024-01-19 07:00:00+00:00,-9.78,5.022,6.702,7.26,9.687,0.0
2024-01-19 08:00:00+00:00,-8.7,4.274,6.479,6.178,9.364,0.0
2024-01-19 09:00:00+00:00,-9.62,3.911,6.565,5.654,9.49,0.0
2024-01-19 10:00:00+00:00,-10.83,5.055,9.079,7.306,13.124,57.2
2024-01-19 11:00:00+00:00,-14.26,3.17,7.257,4.582,10.489,102.9
2024-01-19 12:00:00+00:00,-14.26,2.071,7.342,2.993,10.613,118.1
2024-01-19 13:00:00+00:00,-12.93,2.146,9.338,3.102,13.497,102.9
2024-01-19 14:00:00+00:00,-13.33,1.591,9.645,2.3,13.942,58.3
2024-01-19 15:00:00+00:00,-13.49,1.881,11.564,2.719,16.715,0.0
2024-01-19 16:00:00+00:00,-15.07,1.372,10.769,1.983,15.565,0.0
2024-01-19 17:00:00+00:00,-15.91,0.394,9.826,0.569,14.203,0.0
2024-01-19 18:00:00+00:00,-18.62,-0.368,7.67,-0.532,11.087,0.0
2024-01-19 19:00:00+00:00,-20.24,-1.207,6.829,-1.745,9.871,0.0
2024-01-19 20:00:00+00:00,-18.44,-2.709,7.368,-3.916,10.651,0.0
2024-01-19 21:00:00+00:00,-16.63,-4.859,6.765,-7.023,9.778,0.0
2024-01-19 22:00:00+00:00,-14.54,-7.122,5.096,-10.295,7.366,0.0
2024-01-19 23:00:00+00:00,-15.66,-7.753,3.161,-11.207,4.569,0.0
2024-01-20 00:00:00+00:00,-15.8,-8.282,1.682,-11.971,2.431,0.0
2024-01-20 01:00:00+00:00,-19.59,-6.337,0.37,-9.159,0.535,0.0
2024-01-20 02:00:00+00:00,-19.11,-5.683,-0.661,-8.215,-0.956,0.0
2024-01-20 03:00:00+00:00,-17.39,-4.988,-1.3,-7.21,-1.878,0.0
2024-01-20 04:00:00+00:00,-17.7,-5.707,-2.625,-8.25,-3.794,0.0
2024-01-20 05:00:00+00:00,-20.06,-4.24,-2.952,-6.129,-4.267,0.0
2024-01-20 06:00:00+00:00,-19.7,-3.786,-3.926,-5.472,-5.675,0.0
2024-01-20 07:00:00+00:00,-21.08,-2.952,-4.019,-4.267,-5.81,0.0
2024-01-20 08:00:00+00:00,-21.36,-2.014,-3.584,-2.911,-5.181,0.0
2024-01-20 09:00:00+00:00,-20.52,-1.399,-3.906,-2.022,-5.645,0.0
2024-01-20 10:00:00+00:00,-23.31,-0.485,-3.728,-0.701,-5.388,31.0
2024-01-20 11:00:00+00:00,-24.08,0.545,-3.41,0.787,-4.929,33.6
2024-01-20 12:00:00+00:00,-23.73,1.485,-3.63,2.146,-5.247,26.8
2024-01-20 13:00:00+00:00,-23.26,2.396,-3.298,3.464,-4.767,23.4
2024-01-20 14:00:00+00:00,-23.18,2.92,-2.128,4.221,-3.076,13.6
2024-01-20 15:00:00+00:00,-22.26,4.428,-1.557,6.401,-2.25,0.0
2024-01-20 16:00:00+00:00,-20.62,6.261,0.278,9.05,0.401,0.0
2024-01-20 17:00:00+00:00,-19.08,5.919,2.078,8.556,3.003,0.0
2024-01-20 18:00:00+00:00,-18.67,4.538,3.252,6.559,4.7,0.0
2024-01-20 19:00:00+00:00,-17.8,3.776,4.659,5.458,6.734,0.0
2024-01-20 20:00:00+00:00,-18.77,1.9,4.39,2.747,6.346,0.0
2024-01-20 21:00:00+00:00,-16.9,1.001,4.173,1.447,6.031,0.0
2024-01-20 22:00:00+00:00,-16.6,0.118,3.604,0.171,5.209,0.0
2024-01-20 23:00:00+00:00,-15.19,-0.342,3.792,-0.495,5.481,0.0
2024-01-21 00:00:00+00:00,-13.77,-0.496,4.075,-0.718,5.891,0.0
2024-01-21 01:00:00+00:00,-14.51,-0.714,4.457,-1.032,6.443,0.0
2024-01-21 02:00:00+00:00,-13.18,-1.245,4.525,-1.799,6.54,0.0
2024-01-21 03:00:00+00:00,-14.28,-1.71,3.618,-2.472,5.23,0.0
2024-01-21 04:00:00+00:00,-14.45,-1.891,3.083,-2.733,4.456,0.0
2024-01-21 05:00:00+00:00,-14.9,-2.077,3.136,-3.002,4.533,0.0
2024-01-21 06:00:00+00:00,-14.56,-2.525,3.563,-3.65,5.15,0.0
2024-01-21 07:00:00+00:00,-14.05,-2.422,3.355,-3.501,4.849,0.0
2024-01-21 08:00:00+00:00,-13.47,-2.006,2.73,-2.9,3.947,0.0
2024-01-21 09:00:00+00:00,-14.16,-2.479,3.109,-3.584,4.495,0.0
2024-01-21 10:00:00+00:00,-15.18,-2.198,2.529,-3.178,3.655,27.0
2024-01-21 11:00:00+00:00,-15.1,-2.379,2.39,-3.439,3.455,28.2
2024-01-21 12:00:00+00:00,-16.26,-2.011,1.719,-2.907,2.485,57.8
2024-01-21 13:00:00+00:00,-17.46,-2.323,1.664,-3.358,2.406,97.1
2024-01-21 14:00:00+00:00,-18.77,-2.431,1.487,-3.514,2.149,58.2
2024-01-21 15:00:00+00:00,-16.23,-3.121,1.603,-4.511,2.317,0.0
2024-01-21 16:00:00+00:00,-17.78,-3.279,1.026,-4.739,1.483,0.0
2024-01-21 17:00:00+00:00,-16.65,-3.615,0.415,-5.225,0.599,0.0
2024-01-21 18:00:00+00:00,-16.28,-3.479,0.05,-5.029,0.072,0.0
2024-01-21 19:00:00+00:00,-14.84,-2.837,0.086,-4.101,0.125,0.0
2024-01-21 20:00:00+00:00,-14.11,-2.749,0.124,-3.974,0.179,0.0
2024-01-21 21:00:00+00:00,-14.03,-3.194,0.285,-4.617,0.412,0.0
2024-01-21 22:00:00+00:00,-14.03,-3.666,0.689,-5.3,0.996,0.0
2024-01-21 23:00:00+00:00,-13.17,-3.324,1.059,-4.804,1.53,0.0
2024-01-22 00:00:00+00:00,-14.08,-3.047,1.582,-4.405,2.287,0.0
2024-01-22 01:00:00+00:00,-14.06,-2.604,1.948,-3.764,2.816,0.0
2024-01-22 02:00:00+00:00,-14.37,-2.607,2.492,-3.769,3.602,0.0
2024-01-22 03:00:00+00:00,-13.62,-2.213,2.895,-3.199,4.185,0.0
2024-01-22 04:00:00+00:00,-12.76,-1.48,2.585,-2.14,3.737,0.0
2024-01-22 05:00:00+00:00,-13.23,-1.132,2.692,-1.637,3.892,0.0
2024-01-22 06:00:00+00:00,-13.18,-0.963,2.541,-1.392,3.672,0.0
2024-01-22 07:00:00+00:00,-9.39,-0.961,3.116,-1.389,4.505,0.0
2024-01-22 08:00:00+00:00,-7.32,-0.801,3.332,-1.158,4.816,0.0
2024-01-22 09:00:00+00:00,-6.92,-1.073,4.291,-1.551,6.202,0.0
2024-01-22 10:00:00+00:00,-6.77,-0.884,4.245,-1.278,6.136,58.1
2024-01-22 11:00:00+00:00,-6.42,-0.921,5.04,-1.332,7.285,52.5
2024-01-22 12:00:00+00:00,-6.41,-0.445,4.826,-0.644,6.975,50.6
2024-01-22 13:00:00+00:00,-4.2,-0.24,5.712,-0.347,8.257,25.6
2024-01-22 14:00:00+00:00,-4.23,0.101,6.136,0.146,8.869,15.2
2024-01-22 15:00:00+00:00,-5.32,0.251,5.203,0.363,7.521,0.0
2024-01-22 16:00:00+00:00,-6.89,0.825,4.913,1.193,7.102,0.0
2024-01-22 17:00:00+00:00,-7.89,1.155,3.887,1.669,5.619,0.0
2024-01-22 18:00:00+00:00,-9.05,1.279,3.146,1.849,4.548,0.0
2024-01-22 19:00:00+00:00,-7.45,1.928,3.434,2.787,4.964,0.0
2024-01-22 20:00:00+00:00,-3.79,1.999,2.6,2.889,3.758,0.0
2024-01-22 21:00:00+00:00,-2.04,2.213,2.455,3.199,3.549,0.0
2024-01-22 22:00:00+00:00,1.71,2.949,2.678,4.263,3.87,0.0
2024-01-22 23:00:00+00:00,-0.2,2.955,2.366,4.271,3.42,0.0
2024-01-23 00:00:00+00:00,-1.18,3.223,2.542,4.658,3.675,0.0
2024-01-23 01:00:00+00:00,-1.1,3.52,2.936,5.088,4.244,0.0
2024-01-23 02:00:00+00:00,-1.95,2.998,2.191,4.333,3.167,0.0
2024-01-23 03:00:00+00:00,-4.94,3.472,2.263,5.018,3.271,0.0
2024-01-23 04:00:00+00:00,-4.48,4.019,2.401,5.809,3.47,0.0
2024-01-23 05:00:00+00:00,-4.11,3.562,1.6,5.149,2.313,0.0
2024-01-23 06:00:00+00:00,-2.02,2.676,0.909,3.867,1.314,0.0
2024-01-23 07:00:00+00:00,-4.09,2.776,0.673,4.013,0.973,0.0
2024-01-23 08:00:00+00:00,-6.15,3.358,0.577,4.854,0.835,0.0
2024-01-23 09:00:00+00:00,-6.55,3.936,0.299,5.689,0.432,0.4
2024-01-23 10:00:00+00:00,-5.59,3.6,0.034,5.204,0.049,17.3
2024-01-23 11:00:00+00:00,-6.69,3.468,-0.06,5.012,-0.087,29.1
2024-01-23 12:00:00+00:00,-8.88,4.298,-0.114,6.213,-0.164,29.3
2024-01-23 13:00:00+00:00,-9.96,3.241,-0.4,4.684,-0.578,25.9
2024-01-23 14:00:00+00:00,-11.83,3.806,-0.769,5.501,-1.111,20.7
2024-01-23 15:00:00+00:00,-12.35,4.487,-1.204,6.485,-1.74,0.8
2024-01-23 16:00:00+00:00,-12.26,4.889,-1.382,7.067,-1.997,0.0
2024-01-23 17:00:00+00:00,-12.03,4.772,-1.333,6.897,-1.927,0.0
2024-01-23 18:00:00+00:00,-14.24,4.627,-1.396,6.687,-2.018,0.0
2024-01-23 19:00:00+00:00,-13.91,4.677,-1.252,6.761,-1.809,0.0
2024-01-23 20:00:00+00:00,-12.57,5.493,-1.831,7.94,-2.646,0.0
2024-01-23 21:00:00+00:00,-13.06,4.564,-1.894,6.597,-2.738,0.0
2024-01-23 22:00:00+00:00,-13.45,3.215,-1.66,4.647,-2.4,0.0
2024-01-23 23:00:00+00:00,-11.95,3.15,-1.892,4.554,-2.734,0.0
2024-01-24 00:00:00+00:00,-10.98,3.284,-2.486,4.747,-3.594,0.0
2024-01-24 01:00:00+00:00,-8.04,3.373,-4.05,4.875,-5.853,0.0
2024-01-24 02:00:00+00:00,-6.67,2.718,-5.228,3.929,-7.556,0.0
2024-01-24 03:00:00+00:00,-8.18,1.925,-6.629,2.783,-9.582,0.0
2024-01-24 04:00:00+00:00,-7.73,0.36,-6.524,0.52,-9.43,0.0
2024-01-24 05:00:00+00:00,-10.05,-1.05,-7.564,-1.517,-10.934,0.0
2024-01-24 06:00:00+00:00,-9.58,-2.326,-7.166,-3.361,-10.357,0.0
2024-01-24 07:00:00+00:00,-12.03,-3.457,-6.454,-4.997,-9.329,0.0
2024-01-24 08:00:00+00:00,-13.96,-4.416,-5.85,-6.383,-8.456,0.0
2024-01-24 09:00:00+00:00,-12.88,-4.905,-3.962,-7.09,-5.727,1.2
2024-01-24 10:00:00+00:00,-11.73,-6.195,-3.343,-8.955,-4.831,16.9
2024-01-24 11:00:00+00:00,-11.91,-8.231,-2.799,-11.898,-4.046,26.8
2024-01-24 12:00:00+00:00,-13.53,-8.432,-1.588,-12.187,-2.295,30.2
2024-01-24 13:00:00+00:00,-11.35,-9.425,-0.278,-13.624,-0.402,26.8
2024-01-24 14:00:00+00:00,-9.9,-9.851,2.204,-14.239,3.186,16.9
2024-01-24 15:00:00+00:00,-9.52,-9.54,4.095,-13.789,5.919,1.2
2024-01-24 16:00:00+00:00,-8.94,-7.736,4.953,-11.182,7.16,0.0
2024-01-24 17:00:00+00:00,-8.67,-6.782,6.64,-9.802,9.598,0.0
2024-01-24 18:00:00+00:00,-6.69,-5.179,7.475,-7.487,10.805,0.0
2024-01-24 19:00:00+00:00,-4.72,-4.084,9.227,-5.903,13.337,0.0
2024-01-24 20:00:00+00:00,-4.19,-3.35,10.948,-4.842,15.825,0.0
2024-01-24 21:00:00+00:00,-4.78,-2.786,10.556,-4.027,15.257,0.0
2024-01-24 22:00:00+00:00,-5.67,-2.033,9.501,-2.939,13.734,0.0
2024-01-24 23:00:00+00:00,-2.4,-1.634,8.956,-2.362,12.946,0.0
2024-01-25 00:00:00+00:00,-3.03,-0.821,11.232,-1.187,16.235,0.0
2024-01-25 01:00:00+00:00,-3.15,0.273,11.996,0.394,17.339,0.0
2024-01-25 02:00:00+00:00,-1.92,2.001,11.978,2.893,17.313,0.0
2024-01-25 03:00:00+00:00,0.78,2.886,15.03,4.171,21.724,0.0
2024-01-25 04:00:00+00:00,2.85,3.133,10.979,4.528,15.869,0.0
2024-01-25 05:00:00+00:00,2.34,4.228,9.683,6.112,13.996,0.0
2024-01-25 06:00:00+00:00,1.85,5.233,7.893,7.565,11.409,0.0
2024-01-25 07:00:00+00:00,-1.11,6.958,6.6,10.057,9.54,0.0
2024-01-25 08:00:00+00:00,-0.33,7.273,4.487,10.512,6.486,0.0
2024-01-25 09:00:00+00:00,-0.92,7.719,2.908,11.157,4.203,2.1
2024-01-25 10:00:00+00:00,-1.92,7.723,1.036,11.163,1.498,17.8
2024-01-25 11:00:00+00:00,0.14,9.136,-1.654,13.205,-2.391,27.7
2024-01-25 12:00:00+00:00,-1.1,7.061,-3.788,10.206,-5.476,92.5
2024-01-25 13:00:00+00:00,-0.79,4.116,-4.426,5.95,-6.397,55.2
2024-01-25 14:00:00+00:00,0.22,2.304,-4.595,3.33,-6.642,53.0
2024-01-25 15:00:00+00:00,-1.27,0.622,-4.924,0.899,-7.117,7.9
2024-01-25 16:00:00+00:00,-4.33,-0.869,-4.841,-1.256,-6.998,0.0
2024-01-25 17:00:00+00:00,-4.34,-1.773,-4.022,-2.563,-5.813,0.0
2024-01-25 18:00:00+00:00,-6.3,-2.555,-3.2,-3.694,-4.626,0.0
2024-01-25 19:00:00+00:00,-5.39,-2.722,-1.955,-3.934,-2.826,0.0
2024-01-25 20:00:00+00:00,-5.73,-3.169,-1.179,-4.58,-1.704,0.0
2024-01-25 21:00:00+00:00,-8.37,-3.23,-0.61,-4.669,-0.882,0.0
2024-01-25 22:00:00+00:00,-9.46,-2.942,0.043,-4.253,0.062,0.0
2024-01-25 23:00:00+00:00,-10.85,-2.518,0.517,-3.64,0.748,0.0
2024-01-26 00:00:00+00:00,-10.02,-2.274,0.962,-3.287,1.391,0.0
2024-01-26 01:00:00+00:00,-12.15,-2.121,1.869,-3.066,2.702,0.0
2024-01-26 02:00:00+00:00,-9.1,-1.356,2.267,-1.959,3.277,0.0
2024-01-26 03:00:00+00:00,-9.89,-0.583,2.851,-0.843,4.121,0.0
2024-01-26 04:00:00+00:00,-9.82,0.69,3.327,0.998,4.809,0.0
2024-01-26 05:00:00+00:00,-10.8,2.174,2.54,3.143,3.672,0.0
2024-01-26 06:00:00+00:00,-11.55,3.478,1.488,5.027,2.151,0.0
2024-01-26 07:00:00+00:00,-12.37,4.15,-0.294,5.999,-0.425,0.0
2024-01-26 08:00:00+00:00,-11.06,4.737,-3.153,6.847,-4.558,0.0
2024-01-26 09:00:00+00:00,-14.9,1.964,-4.766,2.838,-6.888,3.9
2024-01-26 10:00:00+00:00,-14.03,-0.739,-4.034,-1.068,-5.831,71.3
2024-01-26 11:00:00+00:00,-16.9,-3.191,-4.101,-4.612,-5.928,96.2
2024-01-26 12:00:00+00:00,-15.76,-4.577,-2.491,-6.616,-3.6,69.1
2024-01-26 13:00:00+00:00,-15.72,-5.258,-0.487,-7.6,-0.703,60.3
2024-01-26 14:00:00+00:00,-14.17,-4.665,1.506,-6.743,2.176,40.0
2024-01-26 15:00:00+00:00,-12.37,-3.481,2.892,-5.032,4.18,3.0
2024-01-26 16:00:00+00:00,-10.26,-1.901,4.134,-2.747,5.975,0.0
2024-01-26 17:00:00+00:00,-11.27,0.003,3.953,0.005,5.714,0.0
2024-01-26 18:00:00+00:00,-10.47,1.323,3.235,1.912,4.676,0.0
2024-01-26 19:00:00+00:00,-10.31,2.541,3.029,3.673,4.378,0.0
2024-01-26 20:00:00+00:00,-9.14,3.185,2.034,4.603,2.941,0.0
2024-01-26 21:00:00+00:00,-7.39,3.65,1.325,5.276,1.915,0.0
2024-01-26 22:00:00+00:00,-5.38,3.571,0.558,5.162,0.806,0.0
2024-01-26 23:00:00+00:00,-4.25,4.124,-0.52,5.961,-0.752,0.0
2024-01-27 00:00:00+00:00,-3.69,3.988,-1.927,5.765,-2.785,0.0
2024-01-27 01:00:00+00:00,-4.27,3.28,-2.922,4.742,-4.224,0.0
2024-01-27 02:00:00+00:00,-5.86,2.982,-4.514,4.31,-6.525,0.0
2024-01-27 03:00:00+00:00,-4.94,1.651,-6.552,2.387,-9.47,0.0
2024-01-27 04:00:00+00:00,-3.88,-0.354,-5.913,-0.511,-8.546,0.0
2024-01-27 05:00:00+00:00,-5.1,-1.959,-4.801,-2.831,-6.94,0.0
2024-01-27 06:00:00+00:00,-5.22,-3.544,-3.49,-5.123,-5.044,0.0
2024-01-27 07:00:00+00:00,-4.14,-4.897,-1.338,-7.079,-1.935,0.0
2024-01-27 08:00:00+00:00,-6.2,-4.582,1.021,-6.622,1.476,0.0
2024-01-27 09:00:00+00:00,-7.24,-4.143,3.565,-5.989,5.153,3.9
2024-01-27 10:00:00+00:00,-6.23,-1.605,4.697,-2.32,6.789,19.7
2024-01-27 11:00:00+00:00,-8.01,1.125,5.711,1.626,8.255,29.6
2024-01-27 12:00:00+00:00,-6.14,4.319,4.787,6.243,6.92,33.0
2024-01-27 13:00:00+00:00,-5.26,5.8,2.083,8.383,3.01,29.6
2024-01-27 14:00:00+00:00,-6.42,5.253,-0.798,7.593,-1.153,25.7
2024-01-27 15:00:00+00:00,-4.48,4.429,-3.516,6.403,-5.082,7.5
2024-01-27 16:00:00+00:00,-2.94,1.637,-5.462,2.367,-7.894,0.0
2024-01-27 17:00:00+00:00,-2.2,-2.134,-5.988,-3.085,-8.655,0.0
2024-01-27 18:00:00+00:00,-4.46,-5.632,-3.748,-8.141,-5.418,0.0
2024-01-27 19:00:00+00:00,-4.08,-7.67,1.076,-11.087,1.555,0.0
2024-01-27 20:00:00+00:00,-5.5,-4.435,5.409,-6.41,7.818,0.0
2024-01-27 21:00:00+00:00,-3.61,1.377,8.259,1.99,11.938,0.0
2024-01-27 22:00:00+00:00,-3.41,5.866,3.426,8.479,4.952,0.0
2024-01-27 23:00:00+00:00,-1.83,6.658,-3.041,9.624,-4.396,0.0
2024-01-28 00:00:00+00:00,0.01,1.685,-6.8,2.436,-9.829,0.0
2024-01-28 01:00:00+00:00,0.42,-3.784,-5.243,-5.469,-7.579,0.0
2024-01-28 02:00:00+00:00,-1.86,-6.787,-0.762,-9.81,-1.101,0.0
2024-01-28 03:00:00+00:00,-3.34,-3.985,2.619,-5.76,3.785,0.0
2024-01-28 04:00:00+00:00,-2.27,-1.29,4.441,-1.864,6.419,0.0
2024-01-28 05:00:00+00:00,-4.37,2.227,4.774,3.219,6.901,0.0
2024-01-28 06:00:00+00:00,-1.55,5.229,1.874,7.558,2.709,0.0
2024-01-28 07:00:00+00:00,-2.49,4.461,-1.898,6.448,-2.744,0.0
2024-01-28 08:00:00+00:00,-4.41,2.294,-4.304,3.316,-6.221,0.0
2024-01-28 09:00:00+00:00,-5.47,-1.044,-5.67,-1.509,-8.195,22.0
2024-01-28 10:00:00+00:00,-6.14,-3.881,-3.578,-5.61,-5.172,93.8
2024-01-28 11:00:00+00:00,-7.39,-6.77,-0.092,-9.786,-0.133,138.9
2024-01-28 12:00:00+00:00,-9.59,-4.588,4.205,-6.631,6.078,108.8
2024-01-28 13:00:00+00:00,-9.24,0.234,6.188,0.338,8.944,97.7
2024-01-28 14:00:00+00:00,-10.07,5.058,3.682,7.311,5.322,54.9
2024-01-28 15:00:00+00:00,-9.56,4.876,-1.666,7.048,-2.408,12.6
2024-01-28 16:00:00+00:00,-9.25,1.3,-5.584,1.879,-8.071,0.0
2024-01-28 17:00:00+00:00,-11.49,-3.459,-3.591,-5.0,-5.191,0.0
2024-01-28 18:00:00+00:00,-12.21,-5.122,1.607,-7.403,2.323,0.0
2024-01-28 19:00:00+00:00,-14.92,-0.708,4.614,-1.023,6.669,0.0
2024-01-28 20:00:00+00:00,-15.2,4.052,3.055,5.857,4.416,0.0
2024-01-28 21:00:00+00:00,-13.23,6.562,-3.482,9.485,-5.033,0.0
2024-01-28 22:00:00+00:00,-13.01,-1.38,-7.971,-1.995,-11.522,0.0
2024-01-28 23:00:00+00:00,-14.32,-6.989,-1.134,-10.102,-1.639,0.0
2024-01-29 00:00:00+00:00,-13.73,-3.511,6.954,-5.075,10.051,0.0
2024-01-29 01:00:00+00:00,-13.56,4.094,4.108,5.918,5.938,0.0
2024-01-29 02:00:00+00:00,-11.44,5.114,-2.43,7.391,-3.513,0.0
2024-01-29 03:00:00+00:00,-13.19,-0.725,-6.202,-1.048,-8.965,0.0
2024-01-29 04:00:00+00:00,-13.35,-5.861,-1.202,-8.472,-1.738,0.0
2024-01-29 05:00:00+00:00,-11.92,-3.639,6.73,-5.259,9.727,0.0
2024-01-29 06:00:00+00:00,-9.77,5.453,5.241,7.882,7.575,0.0
2024-01-29 07:00:00+00:00,-8.81,6.507,-4.346,9.405,-6.282,0.0
2024-01-29 08:00:00+00:00,-7.54,-1.862,-6.27,-2.691,-9.063,0.0
2024-01-29 09:00:00+00:00,-10.44,-7.113,0.543,-10.282,0.785,26.3
2024-01-29 10:00:00+00:00,-11.78,-1.002,6.395,-1.448,9.244,98.2
2024-01-29 11:00:00+00:00,-13.67,5.902,2.054,8.531,2.969,134.6
2024-01-29 12:00:00+00:00,-12.44,3.019,-6.664,4.363,-9.632,124.2
2024-01-29 13:00:00+00:00,-15.0,-5.255,-3.911,-7.596,-5.654,110.4
2024-01-29 14:00:00+00:00,-15.84,-5.749,4.659,-8.309,6.735,57.2
2024-01-29 15:00:00+00:00,-20.15,2.343,5.379,3.386,7.775,9.9
2024-01-29 16:00:00+00:00,-19.25,5.869,-0.248,8.483,-0.359,0.0
2024-01-29 17:00:00+00:00,-17.1,1.868,-5.653,2.7,-8.171,0.0
2024-01-29 18:00:00+00:00,-17.9,-5.122,-3.633,-7.404,-5.251,0.0
2024-01-29 19:00:00+00:00,-15.4,-5.005,4.022,-7.234,5.813,0.0
2024-01-29 20:00:00+00:00,-15.76,3.119,7.729,4.508,11.172,0.0
2024-01-29 21:00:00+00:00,-16.53,8.03,-0.684,11.607,-0.989,0.0
2024-01-29 22:00:00+00:00,-14.31,1.361,-8.416,1.967,-12.165,0.0
2024-01-29 23:00:00+00:00,-16.97,-8.801,-3.184,-12.722,-4.602,0.0
2024-01-30 00:00:00+00:00,-12.99,-3.877,8.284,-5.604,11.974,0.0
2024-01-30 01:00:00+00:00,-13.51,11.351,6.784,16.407,9.806,0.0
2024-01-30 02:00:00+00:00,-14.11,7.201,-10.456,10.408,-15.114,0.0
2024-01-30 03:00:00+00:00,-14.17,-8.797,-6.374,-12.716,-9.213,0.0
2024-01-30 04:00:00+00:00,-12.96,-7.904,10.965,-11.424,15.85,0.0
2024-01-30 05:00:00+00:00,-14.39,11.069,8.083,16.0,11.683,0.0
2024-01-30 06:00:00+00:00,-12.81,8.367,-12.603,12.093,-18.218,0.0
2024-01-30 07:00:00+00:00,-16.07,-13.284,-9.4,-19.201,-13.587,0.0
2024-01-30 08:00:00+00:00,-18.0,-8.349,11.278,-12.068,16.302,0.0
2024-01-30 09:00:00+00:00,-19.21,12.003,8.611,17.35,12.446,29.7
2024-01-30 10:00:00+00:00,-19.06,7.192,-8.487,10.395,-12.267,58.6
2024-01-30 11:00:00+00:00,-18.86,-8.174,-7.902,-11.814,-11.422,148.0
2024-01-30 12:00:00+00:00,-20.38,-9.936,7.794,-14.362,11.266,143.2
2024-01-30 13:00:00+00:00,-23.27,5.264,9.119,7.609,13.18,148.0
2024-01-30 14:00:00+00:00,-23.22,10.004,-4.294,14.46,-6.206,102.8
2024-01-30 15:00:00+00:00,-21.87,-2.031,-7.713,-2.935,-11.149,30.7
2024-01-30 16:00:00+00:00,-20.82,-7.944,0.687,-11.483,0.993,0.0
2024-01-30 17:00:00+00:00,-19.82,-0.499,7.541,-0.722,10.9,0.0
2024-01-30 18:00:00+00:00,-19.7,7.144,1.237,10.326,1.789,0.0
2024-01-30 19:00:00+00:00,-20.55,2.5,-7.743,3.614,-11.192,0.0
2024-01-30 20:00:00+00:00,-21.04,-7.133,-2.793,-10.31,-4.037,0.0
2024-01-30 21:00:00+00:00,-19.57,-3.955,7.132,-5.717,10.309,0.0
2024-01-30 22:00:00+00:00,-20.19,5.662,4.002,8.184,5.785,0.0
2024-01-30 23:00:00+00:00,-18.78,3.731,-4.663,5.393,-6.739,0.0
2024-01-31 00:00:00+00:00,-18.2,-4.207,-3.693,-6.082,-5.338,0.0
2024-01-31 01:00:00+00:00,-16.77,-4.378,4.756,-6.329,6.874,0.0
2024-01-31 02:00:00+00:00,-15.63,4.544,3.833,6.569,5.54,0.0
2024-01-31 03:00:00+00:00,-17.89,4.045,-5.254,5.847,-7.595,0.0
2024-01-31 04:00:00+00:00,-17.94,-4.395,-3.542,-6.352,-5.12,0.0
2024-01-31 05:00:00+00:00,-17.43,-3.988,4.863,-5.764,7.029,0.0
2024-01-31 06:00:00+00:00,-19.31,4.601,5.046,6.651,7.293,0.0
2024-01-31 07:00:00+00:00,-22.56,6.363,-4.016,9.198,-5.805,0.0
2024-01-31 08:00:00+00:00,-20.94,-3.169,-8.125,-4.58,-11.745,0.0
2024-01-31 09:00:00+00:00,-20.8,-9.668,2.754,-13.975,3.981,9.1
2024-01-31 10:00:00+00:00,-15.71,1.697,10.561,2.453,15.265,48.2
2024-01-31 11:00:00+00:00,-17.55,9.979,-0.232,14.424,-0.336,33.6
2024-01-31 12:00:00+00:00,-18.82,1.089,-11.267,1.573,-16.285,37.0
2024-01-31 13:00:00+00:00,-17.89,-9.171,-2.015,-13.256,-2.912,55.3
2024-01-31 14:00:00+00:00,-15.29,-2.221,8.789,-3.21,12.704,104.4
2024-01-31 15:00:00+00:00,-14.5,7.262,2.289,10.497,3.308,35.2
2024-01-31 16:00:00+00:00,-13.55,2.203,-6.123,3.184,-8.85,0.0
2024-01-31 17:00:00+00:00,-15.46,-5.853,-1.801,-8.46,-2.604,0.0
2024-01-31 18:00:00+00:00,-14.53,-1.35,6.256,-1.951,9.043,0.0
2024-01-31 19:00:00+00:00,-13.0,6.512,1.195,9.412,1.727,0.0
2024-01-31 20:00:00+00:00,-11.92,0.857,-5.463,1.239,-7.896,0.0
2024-01-31 21:00:00+00:00,-11.88,-5.05,-0.921,-7.299,-1.331,0.0
2024-01-31 22:00:00+00:00,-9.05,-1.0,5.817,-1.445,8.408,0.0
2024-01-31 23:00:00+00:00,-8.06,4.848,1.721,7.007,2.488,0.0
2024-02-01 00:00:00+00:00,-10.18,2.382,-4.624,3.443,-6.683,0.0
2024-02-01 01:00:00+00:00,-12.88,-5.035,-4.46,-7.278,-6.447,0.0
2024-02-01 02:00:00+00:00,-11.94,-6.083,3.887,-8.792,5.618,0.0
2024-02-01 03:00:00+00:00,-10.7,2.453,7.784,3.546,11.252,0.0
2024-02-01 04:00:00+00:00,-13.28,7.575,0.223,10.949,0.322,0.0
2024-02-01 05:00:00+00:00,-11.86,3.012,-7.359,4.354,-10.637,0.0
2024-02-01 06:00:00+00:00,-10.89,-6.199,-5.74,-8.96,-8.297,0.0
2024-02-01 07:00:00+00:00,-11.24,-7.283,3.557,-10.526,5.142,0.0
2024-02-01 08:00:00+00:00,-12.25,1.058,9.939,1.529,14.366,0.0
2024-02-01 09:00:00+00:00,-13.97,10.945,2.803,15.82,4.052,15.9
2024-02-01 10:00:00+00:00,-14.77,6.468,-8.176,9.349,-11.817,55.9
2024-02-01 11:00:00+00:00,-11.35,-4.067,-10.905,-5.878,-15.762,134.4
2024-02-01 12:00:00+00:00,-13.16,-10.565,-1.817,-15.272,-2.626,173.0
2024-02-01 13:00:00+00:00,-12.13,-5.647,7.364,-8.162,10.644,151.9
2024-02-01 14:00:00+00:00,-11.42,4.422,8.755,6.391,12.654,98.4
2024-02-01 15:00:00+00:00,-14.98,10.778,-0.141,15.578,-0.203,39.9
2024-02-01 16:00:00+00:00,-15.64,3.775,-8.592,5.456,-12.419,0.0
2024-02-01 17:00:00+00:00,-12.67,-7.484,-8.067,-10.817,-11.66,0.0
2024-02-01 18:00:00+00:00,-12.31,-10.949,3.843,-15.826,5.555,0.0
2024-02-01 19:00:00+00:00,-14.8,-0.836,9.351,-1.209,13.516,0.0
2024-02-01 20:00:00+00:00,-14.08,8.832,4.532,12.766,6.551,0.0
2024-02-01 21:00:00+00:00,-14.99,6.644,-5.367,9.603,-7.758,0.0
2024-02-01 22:00:00+00:00,-13.85,-2.093,-9.044,-3.025,-13.073,0.0
2024-02-01 23:00:00+00:00,-14.26,-11.124,-2.974,-16.08,-4.298,0.0
2024-02-02 00:00:00+00:00,-13.89,-8.107,8.658,-11.718,12.514,0.0
2024-02-02 01:00:00+00:00,-15.06,2.905,9.754,4.2,14.099,0.0
2024-02-02 02:00:00+00:00,-15.07,10.546,1.948,15.243,2.815,0.0
2024-02-02 03:00:00+00:00,-13.53,5.347,-7.655,7.729,-11.064,0.0
2024-02-02 04:00:00+00:00,-14.15,-3.817,-6.125,-5.518,-8.854,0.0
2024-02-02 05:00:00+00:00,-10.02,-5.937,1.351,-8.582,1.952,0.0
2024-02-02 06:00:00+00:00,-13.17,-0.393,5.035,-0.568,7.277,0.0
2024-02-02 07:00:00+00:00,-14.91,4.12,1.12,5.955,1.619,0.0
2024-02-02 08:00:00+00:00,-16.87,2.21,-4.73,3.195,-6.837,0.0
2024-02-02 09:00:00+00:00,-18.98,-3.535,-2.742,-5.109,-3.963,9.8
2024-02-02 10:00:00+00:00,-19.54,-3.727,2.926,-5.387,4.229,25.7
2024-02-02 11:00:00+00:00,-20.78,2.329,5.283,3.366,7.636,35.7
2024-02-02 12:00:00+00:00,-18.65,5.131,-0.736,7.416,-1.065,39.1
2024-02-02 13:00:00+00:00,-18.65,0.542,-4.966,0.783,-7.178,35.7
2024-02-02 14:00:00+00:00,-16.68,-4.957,-2.191,-7.165,-3.166,25.7
2024-02-02 15:00:00+00:00,-16.05,-3.474,4.294,-5.021,6.207,9.8
2024-02-02 16:00:00+00:00,-17.7,3.822,5.214,5.524,7.536,0.0
2024-02-02 17:00:00+00:00,-18.09,6.541,-2.377,9.455,-3.436,0.0
2024-02-02 18:00:00+00:00,-15.25,0.242,-5.646,0.35,-8.161,0.0
2024-02-02 19:00:00+00:00,-15.82,-4.514,-2.021,-6.525,-2.921,0.0
2024-02-02 20:00:00+00:00,-16.77,-3.553,3.524,-5.135,5.093,0.0
2024-02-02 21:00:00+00:00,-16.31,2.138,3.718,3.09,5.374,0.0
2024-02-02 22:00:00+00:00,-10.22,3.952,-1.054,5.712,-1.524,0.0
2024-02-02 23:00:00+00:00,-9.42,0.164,-4.731,0.237,-6.839,0.0
2024-02-03 00:00:00+00:00,-8.17,-4.571,-1.612,-6.607,-2.331,0.0
2024-02-03 01:00:00+00:00,-12.21,-2.903,4.088,-4.196,5.909,0.0
2024-02-03 02:00:00+00:00,-9.63,3.066,4.549,4.431,6.575,0.0
2024-02-03 03:00:00+00:00,-8.21,6.035,-1.328,8.724,-1.92,0.0
2024-02-03 04:00:00+00:00,-10.03,0.736,-5.734,1.064,-8.288,0.0
2024-02-03 05:00:00+00:00,-12.8,-6.615,-3.186,-9.562,-4.605,0.0
2024-02-03 06:00:00+00:00,-14.92,-3.917,4.383,-5.662,6.336,0.0
2024-02-03 07:00:00+00:00,-14.76,3.657,5.038,5.287,7.282,0.0
2024-02-03 08:00:00+00:00,-11.65,5.161,-2.465,7.46,-3.563,0.0
2024-02-03 09:00:00+00:00,-13.55,-1.17,-5.759,-1.691,-8.325,10.9
2024-02-03 10:00:00+00:00,-14.92,-5.463,-0.493,-7.896,-0.712,26.8
2024-02-03 11:00:00+00:00,-13.13,-1.918,4.939,-2.772,7.139,36.8
2024-02-03 12:00:00+00:00,-11.59,4.49,2.996,6.49,4.331,40.2
2024-02-03 13:00:00+00:00,-10.29,3.436,-3.339,4.967,-4.826,36.8
2024-02-03 14:00:00+00:00,-11.08,-2.525,-4.516,-3.649,-6.528,26.8
2024-02-03 15:00:00+00:00,-11.19,-4.744,1.525,-6.856,2.205,10.9
2024-02-03 16:00:00+00:00,-11.85,-0.052,4.06,-0.075,5.869,0.0
2024-02-03 17:00:00+00:00,-12.97,4.001,1.191,5.783,1.722,0.0
2024-02-03 18:00:00+00:00,-11.7,2.398,-3.017,3.466,-4.361,0.0
2024-02-03 19:00:00+00:00,-11.27,-1.872,-3.872,-2.706,-5.597,0.0
2024-02-03 20:00:00+00:00,-9.21,-3.991,0.027,-5.769,0.038,0.0
2024-02-03 21:00:00+00:00,-10.92,-1.891,3.761,-2.734,5.436,0.0
2024-02-03 22:00:00+00:00,-11.39,2.472,3.539,3.573,5.115,0.0
2024-02-03 23:00:00+00:00,-12.82,5.695,-0.25,8.232,-0.361,0.0
2024-02-04 00:00:00+00:00,-14.99,3.202,-5.179,4.629,-7.486,0.0
2024-02-04 01:00:00+00:00,-15.83,-2.279,-5.376,-3.295,-7.771,0.0
2024-02-04 02:00:00+00:00,-18.23,-6.861,-1.867,-9.918,-2.699,0.0
2024-02-04 03:00:00+00:00,-16.82,-4.402,3.884,-6.363,5.615,0.0
2024-02-04 04:00:00+00:00,-16.94,1.095,6.027,1.583,8.712,0.0
2024-02-04 05:00:00+00:00,-17.76,6.429,2.312,9.292,3.342,0.0
2024-02-04 06:00:00+00:00,-16.25,4.817,-3.827,6.963,-5.532,0.0
2024-02-04 07:00:00+00:00,-14.31,-0.773,-5.95,-1.117,-8.6,0.0
2024-02-04 08:00:00+00:00,-14.08,-5.543,-2.187,-8.011,-3.162,0.0
2024-02-04 09:00:00+00:00,-12.18,-4.657,3.749,-6.731,5.419,11.9
2024-02-04 10:00:00+00:00,-10.26,0.74,6.04,1.069,8.731,27.9
2024-02-04 11:00:00+00:00,-13.06,4.934,2.576,7.132,3.724,40.0
2024-02-04 12:00:00+00:00,-13.89,5.549,-2.54,8.021,-3.671,41.3
2024-02-04 13:00:00+00:00,-15.9,0.977,-5.52,1.412,-7.978,37.9
2024-02-04 14:00:00+00:00,-14.51,-4.885,-4.949,-7.06,-7.154,27.9
2024-02-04 15:00:00+00:00,-18.17,-5.849,0.602,-8.455,0.87,11.9
2024-02-04 16:00:00+00:00,-17.36,-3.061,3.841,-4.424,5.552,0.0
2024-02-04 17:00:00+00:00,-16.0,0.55,4.1,0.795,5.927,0.0
2024-02-04 18:00:00+00:00,-13.9,4.237,3.037,6.124,4.39,0.0
2024-02-04 19:00:00+00:00,-12.84,6.038,-0.922,8.728,-1.332,0.0
2024-02-04 20:00:00+00:00,-14.32,3.516,-4.534,5.082,-6.554,0.0
2024-02-04 21:00:00+00:00,-12.32,-0.423,-7.381,-0.611,-10.669,0.0
2024-02-04 22:00:00+00:00,-13.91,-5.517,-5.696,-7.974,-8.234,0.0
2024-02-04 23:00:00+00:00,-10.66,-7.189,0.09,-10.392,0.129,0.0
2024-02-05 00:00:00+00:00,-9.85,-5.362,5.361,-7.751,7.749,0.0
2024-02-05 01:00:00+00:00,-7.99,-0.325,6.688,-0.469,9.667,0.0
2024-02-05 02:00:00+00:00,-5.12,4.025,4.705,5.818,6.801,0.0
2024-02-05 03:00:00+00:00,-2.9,5.855,1.255,8.463,1.814,0.0
2024-02-05 04:00:00+00:00,-3.08,4.931,-1.976,7.127,-2.856,0.0
2024-02-05 05:00:00+00:00,-3.32,2.554,-3.823,3.692,-5.527,0.0
2024-02-05 06:00:00+00:00,-5.73,-0.058,-3.795,-0.084,-5.486,0.0
2024-02-05 07:00:00+00:00,-4.42,-3.048,-3.89,-4.405,-5.623,0.0
2024-02-05 08:00:00+00:00,-6.61,-5.23,-1.585,-7.559,-2.291,0.0
2024-02-05 09:00:00+00:00,-6.63,-4.788,1.63,-6.92,2.356,18.8
2024-02-05 10:00:00+00:00,-10.17,-2.382,3.88,-3.443,5.608,76.0
2024-02-05 11:00:00+00:00,-11.4,0.25,4.188,0.361,6.054,163.0
2024-02-05 12:00:00+00:00,-11.23,2.39,3.542,3.454,5.119,126.1
2024-02-05 13:00:00+00:00,-10.11,4.116,2.251,5.95,3.253,75.0
2024-02-05 14:00:00+00:00,-8.9,4.747,0.322,6.862,0.465,97.9
2024-02-05 15:00:00+00:00,-7.4,4.132,-1.462,5.973,-2.114,58.9
2024-02-05 16:00:00+00:00,-7.47,2.82,-2.383,4.076,-3.444,0.0
2024-02-05 17:00:00+00:00,-9.38,1.604,-2.921,2.318,-4.222,0.0
2024-02-05 18:00:00+00:00,-11.43,0.429,-2.955,0.62,-4.272,0.0
2024-02-05 19:00:00+00:00,-12.6,-0.621,-3.168,-0.898,-4.58,0.0
2024-02-05 20:00:00+00:00,-14.11,-1.628,-2.651,-2.354,-3.831,0.0
2024-02-05 21:00:00+00:00,-15.68,-2.439,-2.102,-3.526,-3.039,0.0
2024-02-05 22:00:00+00:00,-12.81,-3.508,-1.282,-5.07,-1.853,0.0
2024-02-05 23:00:00+00:00,-14.51,-4.043,0.117,-5.844,0.169,0.0
2024-02-06 00:00:00+00:00,-12.35,-3.297,1.71,-4.766,2.471,0.0
2024-02-06 01:00:00+00:00,-12.84,-2.303,2.677,-3.329,3.87,0.0
2024-02-06 02:00:00+00:00,-10.02,-1.275,3.495,-1.842,5.052,0.0
2024-02-06 03:00:00+00:00,-10.42,0.467,4.262,0.676,6.16,0.0
2024-02-06 04:00:00+00:00,-9.87,2.282,3.465,3.299,5.008,0.0
2024-02-06 05:00:00+00:00,-9.79,3.58,1.762,5.174,2.546,0.0
2024-02-06 06:00:00+00:00,-12.07,4.431,-0.52,6.405,-0.751,0.0
2024-02-06 07:00:00+00:00,-12.44,3.706,-3.137,5.357,-4.534,0.0
2024-02-06 08:00:00+00:00,-16.37,1.493,-5.319,2.157,-7.689,0.0
2024-02-06 09:00:00+00:00,-15.07,-2.23,-5.59,-3.223,-8.08,43.0
2024-02-06 10:00:00+00:00,-17.37,-4.614,-2.613,-6.669,-3.777,85.9
2024-02-06 11:00:00+00:00,-16.78,-4.695,0.391,-6.786,0.565,40.2
2024-02-06 12:00:00+00:00,-14.9,-3.938,2.95,-5.692,4.264,43.6
2024-02-06 13:00:00+00:00,-17.92,-1.479,4.2,-2.138,6.07,40.2
2024-02-06 14:00:00+00:00,-19.32,0.87,4.161,1.258,6.015,30.1
2024-02-06 15:00:00+00:00,-18.41,2.293,2.591,3.314,3.744,14.1
2024-02-06 16:00:00+00:00,-18.2,3.032,0.97,4.382,1.402,0.0
2024-02-06 17:00:00+00:00,-19.47,3.563,-0.99,5.15,-1.431,0.0
2024-02-06 18:00:00+00:00,-18.9,3.744,-4.369,5.412,-6.315,0.0
2024-02-06 19:00:00+00:00,-18.13,1.083,-4.996,1.565,-7.221,0.0
2024-02-06 20:00:00+00:00,-16.63,-1.42,-4.962,-2.053,-7.172,0.0
2024-02-06 21:00:00+00:00,-16.07,-2.466,-2.73,-3.565,-3.946,0.0
2024-02-06 22:00:00+00:00,-13.64,-3.946,-1.423,-5.704,-2.056,0.0
2024-02-06 23:00:00+00:00,-13.62,-3.558,0.839,-5.143,1.213,0.0
2024-02-07 00:00:00+00:00,-13.9,-2.83,2.94,-4.091,4.249,0.0
2024-02-07 01:00:00+00:00,-11.7,-0.779,3.67,-1.126,5.305,0.0
2024-02-07 02:00:00+00:00,-10.3,0.964,3.48,1.394,5.03,0.0
2024-02-07 03:00:00+00:00,-7.29,3.285,2.914,4.748,4.212,0.0
2024-02-07 04:00:00+00:00,-8.42,4.076,0.855,5.891,1.236,0.0
2024-02-07 05:00:00+00:00,-7.3,3.527,-0.945,5.098,-1.365,0.0
2024-02-07 06:00:00+00:00,-6.29,2.416,-1.799,3.492,-2.6,0.0
2024-02-07 07:00:00+00:00,-6.37,1.684,-2.961,2.435,-4.28,0.0
2024-02-07 08:00:00+00:00,-6.02,0.867,-4.323,1.253,-6.249,0.0
2024-02-07 09:00:00+00:00,-6.61,-0.537,-4.726,-0.776,-6.831,15.3
2024-02-07 10:00:00+00:00,-6.36,-1.699,-4.067,-2.456,-5.879,31.3
2024-02-07 11:00:00+00:00,-8.39,-2.765,-3.834,-3.997,-5.542,41.4
2024-02-07 12:00:00+00:00,-8.97,-2.698,-2.618,-3.9,-3.784,44.8
2024-02-07 13:00:00+00:00,-8.77,-3.408,-2.316,-4.925,-3.347,41.4
2024-02-07 14:00:00+00:00,-11.01,-4.619,-2.504,-6.677,-3.619,31.3
2024-02-07 15:00:00+00:00,-11.61,-4.97,-1.546,-7.183,-2.234,15.3
2024-02-07 16:00:00+00:00,-12.92,-6.152,-0.621,-8.893,-0.898,0.0
2024-02-07 17:00:00+00:00,-11.48,-6.802,0.548,-9.832,0.792,0.0
2024-02-07 18:00:00+00:00,-11.54,-7.184,1.903,-10.384,2.75,0.0
2024-02-07 19:00:00+00:00,-7.98,-7.883,4.207,-11.394,6.08,0.0
2024-02-07 20:00:00+00:00,-9.22,-5.261,5.783,-7.605,8.359,0.0
2024-02-07 21:00:00+00:00,-9.92,-2.541,6.299,-3.672,9.105,0.0
2024-02-07 22:00:00+00:00,-10.37,-0.609,7.742,-0.881,11.19,0.0
2024-02-07 23:00:00+00:00,-12.37,1.934,7.737,2.796,11.183,0.0
2024-02-08 00:00:00+00:00,-10.04,2.862,4.695,4.137,6.787,0.0
2024-02-08 01:00:00+00:00,-9.33,4.386,4.118,6.34,5.952,0.0
2024-02-08 02:00:00+00:00,-11.32,4.981,2.695,7.2,3.896,0.0
2024-02-08 03:00:00+00:00,-12.79,5.545,1.271,8.014,1.837,0.0
2024-02-08 04:00:00+00:00,-12.73,4.746,-0.058,6.86,-0.083,0.0
2024-02-08 05:00:00+00:00,-9.72,3.703,-0.816,5.353,-1.179,0.0
2024-02-08 06:00:00+00:00,-7.16,3.393,-1.28,4.904,-1.85,0.0
2024-02-08 07:00:00+00:00,-7.84,4.175,-1.659,6.034,-2.399,0.0
2024-02-08 08:00:00+00:00,-6.38,4.441,-1.465,6.419,-2.117,0.0
2024-02-08 09:00:00+00:00,-9.43,4.949,-0.956,7.153,-1.383,48.8
2024-02-08 10:00:00+00:00,-8.41,4.914,-0.344,7.103,-0.498,76.8
2024-02-08 11:00:00+00:00,-8.96,4.949,0.476,7.153,0.688,66.1
2024-02-08 12:00:00+00:00,-9.79,4.792,1.654,6.926,2.39,101.7
2024-02-08 13:00:00+00:00,-10.52,4.568,3.135,6.603,4.531,147.9
2024-02-08 14:00:00+00:00,-11.02,3.85,3.479,5.566,5.029,71.4
2024-02-08 15:00:00+00:00,-8.69,3.644,3.99,5.268,5.768,36.3
2024-02-08 16:00:00+00:00,-9.94,2.189,3.309,3.164,4.782,0.0
2024-02-08 17:00:00+00:00,-9.79,1.728,4.036,2.497,5.834,0.0
2024-02-08 18:00:00+00:00,-7.75,0.729,4.055,1.054,5.862,0.0
2024-02-08 19:00:00+00:00,-5.57,-0.207,3.062,-0.299,4.426,0.0
2024-02-08 20:00:00+00:00,-6.47,-0.771,2.94,-1.114,4.25,0.0
2024-02-08 21:00:00+00:00,-4.6,-1.297,2.917,-1.874,4.216,0.0
2024-02-08 22:00:00+00:00,-4.44,-2.031,2.735,-2.935,3.953,0.0
2024-02-08 23:00:00+00:00,-8.53,-2.312,1.901,-3.343,2.748,0.0
2024-02-09 00:00:00+00:00,-7.19,-2.73,0.923,-3.946,1.334,0.0
2024-02-09 01:00:00+00:00,-5.41,-2.989,0.168,-4.32,0.243,0.0
2024-02-09 02:00:00+00:00,-5.85,-2.711,-0.642,-3.918,-0.928,0.0
2024-02-09 03:00:00+00:00,-6.5,-2.492,-1.438,-3.602,-2.079,0.0
2024-02-09 04:00:00+00:00,-5.48,-1.79,-1.94,-2.588,-2.804,0.0
2024-02-09 05:00:00+00:00,-5.06,-1.217,-2.438,-1.759,-3.523,0.0
2024-02-09 06:00:00+00:00,-5.42,-0.345,-2.86,-0.499,-4.133,0.0
2024-02-09 07:00:00+00:00,-5.69,0.66,-2.936,0.954,-4.244,0.0
2024-02-09 08:00:00+00:00,-3.59,1.679,-2.684,2.427,-3.879,0.0
2024-02-09 09:00:00+00:00,-5.94,2.528,-1.978,3.654,-2.858,65.2
2024-02-09 10:00:00+00:00,-10.03,3.353,-1.214,4.847,-1.754,119.0
2024-02-09 11:00:00+00:00,-10.64,2.958,-0.037,4.275,-0.053,105.4
2024-02-09 12:00:00+00:00,-9.68,2.823,0.939,4.08,1.358,123.0
2024-02-09 13:00:00+00:00,-9.43,2.278,1.67,3.292,2.415,198.9
2024-02-09 14:00:00+00:00,-11.8,1.585,2.213,2.291,3.199,139.2
2024-02-09 15:00:00+00:00,-15.46,0.867,2.649,1.253,3.83,79.8
2024-02-09 16:00:00+00:00,-14.07,-0.127,3.957,-0.183,5.719,0.0
2024-02-09 17:00:00+00:00,-7.3,-1.191,2.844,-1.721,4.111,0.0
2024-02-09 18:00:00+00:00,-8.0,-3.145,2.958,-4.546,4.276,0.0
2024-02-09 19:00:00+00:00,-9.01,-5.227,1.576,-7.555,2.278,0.0
2024-02-09 20:00:00+00:00,-9.93,-5.029,-1.366,-7.269,-1.975,0.0
2024-02-09 21:00:00+00:00,-10.05,-3.752,-4.024,-5.423,-5.817,0.0
2024-02-09 22:00:00+00:00,-10.65,-1.119,-6.177,-1.617,-8.928,0.0
2024-02-09 23:00:00+00:00,-11.33,1.835,-4.579,2.652,-6.618,0.0
2024-02-10 00:00:00+00:00,-10.19,4.113,-3.206,5.946,-4.635,0.0
2024-02-10 01:00:00+00:00,-12.03,6.041,-0.386,8.732,-0.558,0.0
2024-02-10 02:00:00+00:00,-10.77,4.759,3.079,6.878,4.45,0.0
2024-02-10 03:00:00+00:00,-9.67,1.178,5.449,1.703,7.876,0.0
2024-02-10 04:00:00+00:00,-10.76,-2.164,4.67,-3.128,6.751,0.0
2024-02-10 05:00:00+00:00,-8.87,-5.768,2.686,-8.338,3.882,0.0
2024-02-10 06:00:00+00:00,-9.1,-8.431,-2.066,-12.186,-2.987,0.0
2024-02-10 07:00:00+00:00,-8.39,-3.881,-4.863,-5.609,-7.029,0.0
2024-02-10 08:00:00+00:00,-7.69,-0.492,-6.315,-0.711,-9.127,0.0
2024-02-10 09:00:00+00:00,-6.39,3.57,-5.838,5.16,-8.439,73.9
2024-02-10 10:00:00+00:00,-7.07,5.533,-2.138,7.997,-3.091,158.4
2024-02-10 11:00:00+00:00,-6.15,6.097,1.709,8.813,2.47,204.4
2024-02-10 12:00:00+00:00,-7.84,3.527,4.982,5.099,7.201,220.1
2024-02-10 13:00:00+00:00,-11.04,-0.253,6.013,-0.365,8.691,204.4
2024-02-10 14:00:00+00:00,-11.01,-4.194,4.907,-6.063,7.093,158.4
2024-02-10 15:00:00+00:00,-11.75,-6.32,1.617,-9.135,2.337,85.2
2024-02-10 16:00:00+00:00,-11.22,-5.956,-2.052,-8.609,-2.966,0.0
2024-02-10 17:00:00+00:00,-11.38,-2.798,-4.051,-4.044,-5.856,0.0
2024-02-10 18:00:00+00:00,-10.35,0.354,-4.629,0.512,-6.691,0.0
2024-02-10 19:00:00+00:00,-8.64,3.502,-3.03,5.062,-4.379,0.0
2024-02-10 20:00:00+00:00,-8.48,5.681,0.423,8.212,0.612,0.0
2024-02-10 21:00:00+00:00,-7.97,4.369,4.313,6.315,6.233,0.0
2024-02-10 22:00:00+00:00,-5.61,0.173,6.468,0.25,9.349,0.0
2024-02-10 23:00:00+00:00,-5.4,-3.424,3.95,-4.949,5.71,0.0
2024-02-11 00:00:00+00:00,-4.93,-4.204,0.747,-6.077,1.08,0.0
2024-02-11 01:00:00+00:00,-2.81,-3.927,-2.119,-5.676,-3.063,0.0
2024-02-11 02:00:00+00:00,-5.05,-2.22,-4.417,-3.208,-6.385,0.0
2024-02-11 03:00:00+00:00,-5.43,0.487,-4.274,0.704,-6.178,0.0
2024-02-11 04:00:00+00:00,-5.47,3.63,-4.759,5.247,-6.879,0.0
2024-02-11 05:00:00+00:00,-6.36,5.879,-2.576,8.498,-3.723,0.0
2024-02-11 06:00:00+00:00,-5.94,5.924,0.604,8.562,0.873,0.0
2024-02-11 07:00:00+00:00,-7.23,4.884,3.535,7.059,5.11,0.0
2024-02-11 08:00:00+00:00,-9.32,2.342,5.523,3.386,7.984,0.0
2024-02-11 09:00:00+00:00,-8.34,-0.909,6.299,-1.315,9.105,90.6
2024-02-11 10:00:00+00:00,-7.32,-5.198,5.434,-7.514,7.855,139.8
2024-02-11 11:00:00+00:00,-8.04,-6.772,1.443,-9.789,2.085,98.1
2024-02-11 12:00:00+00:00,-7.26,-6.4,-2.291,-9.25,-3.312,49.7
2024-02-11 13:00:00+00:00,-9.17,-3.831,-4.772,-5.538,-6.897,46.2
2024-02-11 14:00:00+00:00,-10.17,-0.887,-5.757,-1.282,-8.321,36.1
2024-02-11 15:00:00+00:00,-10.73,1.808,-5.786,2.613,-8.363,19.9
2024-02-11 16:00:00+00:00,-9.55,3.801,-4.552,5.494,-6.58,0.0
2024-02-11 17:00:00+00:00,-8.69,6.845,-3.449,9.894,-4.985,0.0
2024-02-11 18:00:00+00:00,-9.36,6.581,-0.866,9.512,-1.251,0.0
2024-02-11 19:00:00+00:00,-7.87,5.426,0.869,7.842,1.256,0.0
2024-02-11 20:00:00+00:00,-6.01,5.052,2.338,7.303,3.379,0.0
2024-02-11 21:00:00+00:00,-6.67,3.111,2.974,4.497,4.299,0.0
2024-02-11 22:00:00+00:00,-5.18,1.927,3.62,2.786,5.232,0.0
2024-02-11 23:00:00+00:00,-5.04,0.598,5.688,0.865,8.222,0.0
2024-02-12 00:00:00+00:00,-2.08,-1.528,5.342,-2.209,7.722,0.0
2024-02-12 01:00:00+00:00,-4.34,-3.829,4.301,-5.534,6.217,0.0
2024-02-12 02:00:00+00:00,-4.04,-4.769,2.004,-6.893,2.896,0.0
2024-02-12 03:00:00+00:00,-3.71,-5.441,-0.032,-7.864,-0.046,0.0
2024-02-12 04:00:00+00:00,-1.37,-4.46,-2.393,-6.446,-3.459,0.0
2024-02-12 05:00:00+00:00,-2.81,-2.33,-3.474,-3.368,-5.021,0.0
2024-02-12 06:00:00+00:00,-4.42,0.026,-5.229,0.037,-7.558,0.0
2024-02-12 07:00:00+00:00,-4.42,3.062,-4.624,4.426,-6.683,0.0
2024-02-12 08:00:00+00:00,-3.28,6.868,-2.38,9.927,-3.441,0.1
2024-02-12 09:00:00+00:00,-5.38,7.482,1.709,10.815,2.47,34.1
2024-02-12 10:00:00+00:00,-6.25,5.248,4.951,7.586,7.157,61.7
2024-02-12 11:00:00+00:00,-9.24,1.739,6.314,2.513,9.127,107.1
2024-02-12 12:00:00+00:00,-8.69,-1.919,6.159,-2.774,8.903,104.8
2024-02-12 13:00:00+00:00,-10.16,-5.681,4.589,-8.211,6.634,76.2
2024-02-12 14:00:00+00:00,-7.73,-6.721,0.876,-9.714,1.266,113.2
2024-02-12 15:00:00+00:00,-9.18,-6.75,-2.888,-9.757,-4.175,64.6
2024-02-12 16:00:00+00:00,-10.07,-5.857,-6.481,-8.466,-9.368,0.1
2024-02-12 17:00:00+00:00,-6.11,-3.106,-11.578,-4.489,-16.736,0.0
2024-02-12 18:00:00+00:00,-6.46,1.32,-10.312,1.908,-14.905,0.0
2024-02-12 19:00:00+00:00,-6.9,3.51,-7.643,5.074,-11.048,0.0
2024-02-12 20:00:00+00:00,-8.16,6.263,-6.9,9.052,-9.974,0.0
2024-02-12 21:00:00+00:00,-8.67,9.384,-5.958,13.563,-8.611,0.0
2024-02-12 22:00:00+00:00,-6.78,11.724,-3.065,16.946,-4.43,0.0
2024-02-12 23:00:00+00:00,-5.37,10.967,1.109,15.851,1.603,0.0
2024-02-13 00:00:00+00:00,-5.23,10.495,5.323,15.169,7.694,0.0
2024-02-13 01:00:00+00:00,-6.79,7.415,8.855,10.717,12.799,0.0
2024-02-13 02:00:00+00:00,-6.98,3.256,11.159,4.707,16.13,0.0
2024-02-13 03:00:00+00:00,-9.0,-1.951,12.084,-2.819,17.467,0.0
2024-02-13 04:00:00+00:00,-9.66,-6.983,10.482,-10.094,15.152,0.0
2024-02-13 05:00:00+00:00,-9.65,-9.636,6.35,-13.928,9.178,0.0
2024-02-13 06:00:00+00:00,-8.0,-9.533,2.448,-13.779,3.539,0.0
2024-02-13 07:00:00+00:00,-8.9,-9.218,-0.749,-13.324,-1.082,0.0
2024-02-13 08:00:00+00:00,-10.15,-7.874,-2.727,-11.382,-3.942,3.6
2024-02-13 09:00:00+00:00,-11.81,-5.131,-2.739,-7.417,-3.959,37.8
2024-02-13 10:00:00+00:00,-12.53,-4.665,-3.813,-6.743,-5.512,63.5
2024-02-13 11:00:00+00:00,-14.02,-3.366,-4.653,-4.865,-6.726,111.2
2024-02-13 12:00:00+00:00,-14.1,-2.895,-5.004,-4.185,-7.232,69.7
2024-02-13 13:00:00+00:00,-14.46,-2.609,-5.978,-3.771,-8.64,48.7
2024-02-13 14:00:00+00:00,-16.19,-2.104,-5.62,-3.041,-8.123,38.5
2024-02-13 15:00:00+00:00,-19.95,-1.953,-5.665,-2.823,-8.189,47.2
2024-02-13 16:00:00+00:00,-17.97,-2.695,-6.529,-3.896,-9.437,2.8
2024-02-13 17:00:00+00:00,-15.69,-3.304,-6.536,-4.776,-9.447,0.0
2024-02-13 18:00:00+00:00,-11.45,-3.351,-6.117,-4.843,-8.841,0.0
2024-02-13 19:00:00+00:00,-9.67,-2.71,-4.439,-3.917,-6.417,0.0
2024-02-13 20:00:00+00:00,-11.49,-2.991,-4.695,-4.323,-6.786,0.0
2024-02-13 21:00:00+00:00,-8.14,-4.216,-5.886,-6.094,-8.508,0.0
2024-02-13 22:00:00+00:00,-5.95,-3.614,-4.948,-5.224,-7.152,0.0
2024-02-13 23:00:00+00:00,-4.68,-3.911,-4.805,-5.654,-6.946,0.0
2024-02-14 00:00:00+00:00,-6.87,-5.525,-5.395,-7.987,-7.798,0.0
2024-02-14 01:00:00+00:00,-7.28,-5.035,-4.345,-7.278,-6.28,0.0
2024-02-14 02:00:00+00:00,-7.9,-5.963,-3.949,-8.62,-5.709,0.0
2024-02-14 03:00:00+00:00,-8.49,-6.787,-3.588,-9.81,-5.186,0.0
2024-02-14 04:00:00+00:00,-6.87,-7.337,-3.815,-10.605,-5.514,0.0
2024-02-14 05:00:00+00:00,-8.36,-8.191,-3.555,-11.84,-5.138,0.0
2024-02-14 06:00:00+00:00,-10.91,-7.468,-2.688,-10.794,-3.885,0.0
2024-02-14 07:00:00+00:00,-13.47,-6.079,-1.982,-8.787,-2.865,0.0
2024-02-14 08:00:00+00:00,-10.5,-5.717,-1.787,-8.264,-2.583,6.0
2024-02-14 09:00:00+00:00,-10.31,-5.03,-1.619,-7.27,-2.34,35.5
2024-02-14 10:00:00+00:00,-12.9,-5.36,-1.535,-7.747,-2.218,116.3
2024-02-14 11:00:00+00:00,-14.03,-4.385,-1.127,-6.339,-1.629,153.6
2024-02-14 12:00:00+00:00,-14.99,-5.517,-0.917,-7.975,-1.326,160.4
2024-02-14 13:00:00+00:00,-14.26,-6.55,-0.738,-9.467,-1.067,183.6
2024-02-14 14:00:00+00:00,-14.55,-7.081,-0.958,-10.235,-1.385,73.1
2024-02-14 15:00:00+00:00,-13.73,-6.059,-0.957,-8.757,-1.383,57.4
2024-02-14 16:00:00+00:00,-13.39,-5.526,-1.069,-7.988,-1.545,5.6
2024-02-14 17:00:00+00:00,-16.01,-5.308,-0.964,-7.672,-1.394,0.0
2024-02-14 18:00:00+00:00,-12.89,-6.05,-0.346,-8.744,-0.5,0.0
2024-02-14 19:00:00+00:00,-14.8,-5.729,0.197,-8.281,0.284,0.0
2024-02-14 20:00:00+00:00,-12.47,-4.987,0.685,-7.208,0.991,0.0
2024-02-14 21:00:00+00:00,-10.17,-5.834,1.119,-8.432,1.618,0.0
2024-02-14 22:00:00+00:00,-9.77,-6.564,1.629,-9.488,2.355,0.0
2024-02-14 23:00:00+00:00,-9.15,-7.469,2.381,-10.796,3.441,0.0
2024-02-15 00:00:00+00:00,-8.17,-8.399,3.426,-12.14,4.953,0.0
2024-02-15 01:00:00+00:00,-8.61,-7.098,3.171,-10.26,4.584,0.0
2024-02-15 02:00:00+00:00,-10.37,-7.159,3.079,-10.347,4.451,0.0
2024-02-15 03:00:00+00:00,-11.19,-6.625,3.478,-9.577,5.027,0.0
2024-02-15 04:00:00+00:00,-13.36,-6.726,3.749,-9.723,5.42,0.0
2024-02-15 05:00:00+00:00,-12.38,-5.523,3.584,-7.983,5.181,0.0
2024-02-15 06:00:00+00:00,-13.98,-4.505,4.266,-6.512,6.166,0.0
2024-02-15 07:00:00+00:00,-14.02,-4.895,5.277,-7.076,7.628,0.0
2024-02-15 08:00:00+00:00,-13.8,-5.227,5.238,-7.556,7.571,16.9
2024-02-15 09:00:00+00:00,-14.77,-6.306,5.843,-9.115,8.446,113.0
2024-02-15 10:00:00+00:00,-14.47,-4.486,3.994,-6.484,5.774,186.7
2024-02-15 11:00:00+00:00,-12.99,-5.608,4.094,-8.107,5.918,233.1
2024-02-15 12:00:00+00:00,-13.4,-6.627,3.33,-9.579,4.813,248.9
2024-02-15 13:00:00+00:00,-14.94,-8.173,2.896,-11.814,4.187,233.1
2024-02-15 14:00:00+00:00,-17.36,-7.577,1.708,-10.951,2.469,169.9
2024-02-15 15:00:00+00:00,-16.25,-7.99,0.593,-11.55,0.857,113.0
2024-02-15 16:00:00+00:00,-15.59,-7.023,-0.755,-10.151,-1.091,16.9
2024-02-15 17:00:00+00:00,-16.61,-7.336,-1.635,-10.603,-2.364,0.0
2024-02-15 18:00:00+00:00,-12.54,-5.89,-2.692,-8.514,-3.892,0.0
2024-02-15 19:00:00+00:00,-9.66,-5.831,-3.739,-8.428,-5.404,0.0
2024-02-15 20:00:00+00:00,-8.83,-6.214,-4.44,-8.982,-6.417,0.0
2024-02-15 21:00:00+00:00,-6.25,-5.983,-4.223,-8.648,-6.104,0.0
2024-02-15 22:00:00+00:00,-6.53,-4.699,-3.668,-6.792,-5.302,0.0
2024-02-15 23:00:00+00:00,-5.49,-3.873,-3.064,-5.599,-4.429,0.0
2024-02-16 00:00:00+00:00,-4.19,-3.168,-3.198,-4.579,-4.623,0.0
2024-02-16 01:00:00+00:00,-4.04,-2.59,-3.637,-3.744,-5.257,0.0
2024-02-16 02:00:00+00:00,-2.78,-2.166,-4.617,-3.131,-6.673,0.0
2024-02-16 03:00:00+00:00,-6.63,-0.935,-4.851,-1.351,-7.011,0.0
2024-02-16 04:00:00+00:00,-7.66,-0.053,-4.769,-0.077,-6.893,0.0
2024-02-16 05:00:00+00:00,-8.0,1.032,-5.262,1.492,-7.606,0.0
2024-02-16 06:00:00+00:00,-8.03,2.116,-5.956,3.058,-8.609,0.0
2024-02-16 07:00:00+00:00,-7.78,2.561,-5.312,3.702,-7.678,0.0
2024-02-16 08:00:00+00:00,-8.11,2.678,-4.045,3.872,-5.847,20.8
2024-02-16 09:00:00+00:00,-8.12,3.694,-3.881,5.339,-5.61,39.1
2024-02-16 10:00:00+00:00,-8.01,4.218,-3.257,6.097,-4.708,96.5
2024-02-16 11:00:00+00:00,-10.3,5.525,-3.055,7.986,-4.416,146.6
2024-02-16 12:00:00+00:00,-10.43,9.191,-3.534,13.285,-5.109,93.9
2024-02-16 13:00:00+00:00,-7.37,6.938,-1.736,10.028,-2.509,52.6
2024-02-16 14:00:00+00:00,-7.29,5.263,-1.226,7.607,-1.772,42.4
2024-02-16 15:00:00+00:00,-8.94,5.467,-1.391,7.902,-2.011,40.7
2024-02-16 16:00:00+00:00,-8.42,5.279,-0.974,7.631,-1.407,5.0
2024-02-16 17:00:00+00:00,-9.65,5.17,-0.439,7.474,-0.635,0.0
2024-02-16 18:00:00+00:00,-8.38,5.209,0.337,7.529,0.487,0.0
2024-02-16 19:00:00+00:00,-9.36,4.806,0.885,6.946,1.279,0.0
2024-02-16 20:00:00+00:00,-8.36,5.408,1.427,7.817,2.063,0.0
2024-02-16 21:00:00+00:00,-9.02,4.584,1.43,6.625,2.067,0.0
2024-02-16 22:00:00+00:00,-5.5,6.337,2.761,9.16,3.991,0.0
2024-02-16 23:00:00+00:00,-2.1,7.751,3.8,11.203,5.493,0.0
2024-02-17 00:00:00+00:00,-3.48,8.242,4.409,11.913,6.372,0.0
2024-02-17 01:00:00+00:00,-3.31,6.91,4.265,9.988,6.164,0.0
2024-02-17 02:00:00+00:00,-4.31,7.569,5.492,10.941,7.938,0.0
2024-02-17 03:00:00+00:00,-5.29,6.296,5.188,9.101,7.499,0.0
2024-02-17 04:00:00+00:00,-4.52,5.224,4.128,7.551,5.966,0.0
2024-02-17 05:00:00+00:00,-4.68,4.198,3.095,6.068,4.473,0.0
2024-02-17 06:00:00+00:00,-4.36,3.488,2.505,5.041,3.621,0.0
2024-02-17 07:00:00+00:00,-7.31,3.351,2.83,4.843,4.09,0.0
2024-02-17 08:00:00+00:00,-7.23,3.551,2.922,5.133,4.223,23.1
2024-02-17 09:00:00+00:00,-8.08,3.079,3.041,4.451,4.395,117.2
2024-02-17 10:00:00+00:00,-9.67,2.273,2.725,3.285,3.939,198.5
2024-02-17 11:00:00+00:00,-10.01,1.86,2.985,2.688,4.315,245.0
2024-02-17 12:00:00+00:00,-9.37,1.175,3.702,1.699,5.351,260.8
2024-02-17 13:00:00+00:00,-9.91,0.395,5.006,0.571,7.236,245.0
2024-02-17 14:00:00+00:00,-11.05,-0.76,5.781,-1.099,8.356,198.5
2024-02-17 15:00:00+00:00,-10.59,-2.609,6.702,-3.77,9.687,124.6
2024-02-17 16:00:00+00:00,-9.46,-3.726,5.338,-5.386,7.716,28.2
2024-02-17 17:00:00+00:00,-8.5,-5.61,4.674,-8.109,6.756,0.0
2024-02-17 18:00:00+00:00,-9.75,-5.905,2.37,-8.536,3.425,0.0
2024-02-17 19:00:00+00:00,-8.65,-4.32,0.327,-6.244,0.472,0.0
2024-02-17 20:00:00+00:00,-9.44,-3.533,-0.64,-5.106,-0.926,0.0
2024-02-17 21:00:00+00:00,-10.16,-3.519,-1.525,-5.087,-2.205,0.0
2024-02-17 22:00:00+00:00,-9.23,-3.203,-2.504,-4.63,-3.619,0.0
2024-02-17 23:00:00+00:00,-9.44,-2.979,-3.677,-4.306,-5.315,0.0
2024-02-18 00:00:00+00:00,-4.96,-2.103,-4.088,-3.04,-5.909,0.0
2024-02-18 01:00:00+00:00,-4.37,-1.209,-3.408,-1.747,-4.925,0.0
2024-02-18 02:00:00+00:00,-4.6,-0.56,-2.998,-0.809,-4.333,0.0
2024-02-18 03:00:00+00:00,-3.58,-0.12,-3.407,-0.173,-4.925,0.0
2024-02-18 04:00:00+00:00,-6.92,0.421,-3.703,0.608,-5.352,0.0
2024-02-18 05:00:00+00:00,-8.88,1.055,-3.687,1.526,-5.33,0.0
2024-02-18 06:00:00+00:00,-10.8,1.617,-3.061,2.337,-4.424,0.0
2024-02-18 07:00:00+00:00,-9.61,2.271,-2.97,3.283,-4.293,0.0
2024-02-18 08:00:00+00:00,-11.11,2.391,-1.973,3.456,-2.852,7.5
2024-02-18 09:00:00+00:00,-14.24,3.479,-1.837,5.028,-2.655,39.0
2024-02-18 10:00:00+00:00,-13.4,3.106,-0.921,4.489,-1.331,58.1
2024-02-18 11:00:00+00:00,-12.15,2.711,-0.261,3.919,-0.377,118.1
2024-02-18 12:00:00+00:00,-12.28,2.754,0.447,3.98,0.647,150.0
2024-02-18 13:00:00+00:00,-13.84,2.654,1.1,3.836,1.59,251.0
2024-02-18 14:00:00+00:00,-12.17,2.453,1.749,3.545,2.527,128.5
2024-02-18 15:00:00+00:00,-8.51,2.197,2.563,3.176,3.705,64.3
2024-02-18 16:00:00+00:00,-8.35,1.504,2.926,2.174,4.229,16.0
2024-02-18 17:00:00+00:00,-4.6,0.975,3.262,1.409,4.716,0.0
2024-02-18 18:00:00+00:00,-6.71,0.265,3.623,0.383,5.236,0.0
2024-02-18 19:00:00+00:00,-6.38,-0.464,3.735,-0.67,5.399,0.0
2024-02-18 20:00:00+00:00,-7.11,-1.158,3.476,-1.673,5.025,0.0
2024-02-18 21:00:00+00:00,-4.18,-1.772,2.957,-2.561,4.274,0.0
2024-02-18 22:00:00+00:00,-2.16,-2.336,2.255,-3.376,3.259,0.0
2024-02-18 23:00:00+00:00,-1.53,-3.633,2.242,-5.252,3.24,0.0
2024-02-19 00:00:00+00:00,-1.49,-4.729,1.403,-6.836,2.028,0.0
2024-02-19 01:00:00+00:00,-1.37,-5.576,0.556,-8.06,0.803,0.0
2024-02-19 02:00:00+00:00,-2.47,-6.165,-0.609,-8.911,-0.881,0.0
2024-02-19 03:00:00+00:00,-3.6,-5.595,-1.39,-8.088,-2.009,0.0
2024-02-19 04:00:00+00:00,-5.13,-5.534,-2.329,-7.999,-3.366,0.0
2024-02-19 05:00:00+00:00,-6.01,-5.705,-3.814,-8.246,-5.513,0.0
2024-02-19 06:00:00+00:00,-5.3,-4.895,-5.341,-7.076,-7.721,0.0
2024-02-19 07:00:00+00:00,-8.49,-3.817,-6.405,-5.518,-9.258,0.0
2024-02-19 08:00:00+00:00,-10.38,-2.561,-7.496,-3.702,-10.836,39.8
2024-02-19 09:00:00+00:00,-10.58,-0.226,-7.981,-0.326,-11.536,136.4
2024-02-19 10:00:00+00:00,-11.33,2.086,-8.49,3.016,-12.272,210.5
2024-02-19 11:00:00+00:00,-13.99,6.782,-10.01,9.803,-14.469,257.1
2024-02-19 12:00:00+00:00,-15.67,9.302,-7.514,13.446,-10.862,239.7
2024-02-19 13:00:00+00:00,-11.5,13.386,-4.407,19.348,-6.371,257.1
2024-02-19 14:00:00+00:00,-9.17,12.343,-0.293,17.84,-0.423,210.5
2024-02-19 15:00:00+00:00,-8.98,12.895,3.73,18.639,5.392,136.4
2024-02-19 16:00:00+00:00,-9.16,11.02,10.197,15.929,14.74,39.8
2024-02-19 17:00:00+00:00,-7.52,4.217,10.65,6.095,15.394,0.0
2024-02-19 18:00:00+00:00,-7.44,-1.552,15.949,-2.243,23.053,0.0
2024-02-19 19:00:00+00:00,-4.15,-6.263,10.151,-9.053,14.673,0.0
2024-02-19 20:00:00+00:00,-5.52,-9.719,6.098,-14.048,8.815,0.0
2024-02-19 21:00:00+00:00,-3.35,-12.602,1.887,-18.215,2.727,0.0
2024-02-19 22:00:00+00:00,-2.55,-13.749,-4.176,-19.873,-6.037,0.0
2024-02-19 23:00:00+00:00,-2.39,-10.805,-7.904,-15.618,-11.425,0.0
2024-02-20 00:00:00+00:00,-0.34,-7.789,-10.285,-11.259,-14.867,0.0
2024-02-20 01:00:00+00:00,1.4,-4.423,-10.006,-6.393,-14.463,0.0
2024-02-20 02:00:00+00:00,2.24,-1.457,-9.944,-2.105,-14.374,0.0
2024-02-20 03:00:00+00:00,0.31,0.832,-8.73,1.203,-12.619,0.0
2024-02-20 04:00:00+00:00,-1.12,1.589,-6.814,2.296,-9.849,0.0
2024-02-20 05:00:00+00:00,-1.16,3.411,-7.568,4.93,-10.939,0.0
2024-02-20 06:00:00+00:00,0.19,5.699,-7.255,8.238,-10.487,0.0
2024-02-20 07:00:00+00:00,-1.72,6.68,-5.014,9.656,-7.248,0.0
2024-02-20 08:00:00+00:00,-4.1,6.35,-2.698,9.178,-3.9,10.1
2024-02-20 09:00:00+00:00,-5.44,6.537,-0.549,9.449,-0.793,31.3
2024-02-20 10:00:00+00:00,-6.88,6.318,1.521,9.132,2.198,47.7
2024-02-20 11:00:00+00:00,-8.16,5.54,2.861,8.008,4.135,61.5
2024-02-20 12:00:00+00:00,-7.85,4.314,3.473,6.235,5.02,166.1
2024-02-20 13:00:00+00:00,-6.57,3.852,4.259,5.567,6.156,199.2
2024-02-20 14:00:00+00:00,-9.34,2.364,5.031,3.417,7.272,212.4
2024-02-20 15:00:00+00:00,-9.61,0.904,4.992,1.307,7.215,104.4
2024-02-20 16:00:00+00:00,-9.21,-0.193,4.492,-0.279,6.492,21.4
2024-02-20 17:00:00+00:00,-8.54,-1.29,4.422,-1.865,6.392,0.0
2024-02-20 18:00:00+00:00,-10.35,-2.119,4.208,-3.064,6.082,0.0
2024-02-20 19:00:00+00:00,-8.73,-3.976,4.734,-5.747,6.843,0.0
2024-02-20 20:00:00+00:00,-7.09,-4.046,2.736,-5.848,3.955,0.0
2024-02-20 21:00:00+00:00,-5.12,-4.442,1.058,-6.42,1.529,0.0
2024-02-20 22:00:00+00:00,-2.22,-4.751,-0.825,-6.868,-1.193,0.0
2024-02-20 23:00:00+00:00,-2.73,-4.093,-2.353,-5.916,-3.402,0.0
2024-02-21 00:00:00+00:00,-0.37,-3.219,-3.612,-4.653,-5.222,0.0
2024-02-21 01:00:00+00:00,-0.65,-1.401,-4.12,-2.025,-5.955,0.0
2024-02-21 02:00:00+00:00,-3.2,0.681,-4.668,0.985,-6.747,0.0
2024-02-21 03:00:00+00:00,-5.15,2.855,-3.845,4.126,-5.558,0.0
2024-02-21 04:00:00+00:00,-7.74,5.286,-2.816,7.641,-4.071,0.0
2024-02-21 05:00:00+00:00,-9.56,5.921,-0.133,8.558,-0.193,0.0
2024-02-21 06:00:00+00:00,-9.65,4.593,2.671,6.639,3.861,0.0
2024-02-21 07:00:00+00:00,-11.87,3.007,4.609,4.346,6.662,0.0
2024-02-21 08:00:00+00:00,-11.86,0.787,5.069,1.138,7.327,42.4
2024-02-21 09:00:00+00:00,-11.44,-1.085,5.527,-1.568,7.989,51.3
2024-02-21 10:00:00+00:00,-12.89,-2.526,4.484,-3.651,6.482,119.1
2024-02-21 11:00:00+00:00,-12.78,-4.148,3.426,-5.996,4.952,97.8
2024-02-21 12:00:00+00:00,-12.58,-4.521,1.603,-6.535,2.317,62.8
2024-02-21 13:00:00+00:00,-13.88,-5.223,-0.414,-7.549,-0.599,59.3
2024-02-21 14:00:00+00:00,-14.18,-5.835,-3.054,-8.435,-4.415,49.0
2024-02-21 15:00:00+00:00,-13.23,-3.675,-3.987,-5.311,-5.763,32.7
2024-02-21 16:00:00+00:00,-14.81,-2.115,-4.749,-3.057,-6.864,11.4
2024-02-21 17:00:00+00:00,-15.04,0.175,-4.562,0.254,-6.594,0.0
2024-02-21 18:00:00+00:00,-14.53,3.044,-5.089,4.4,-7.356,0.0
2024-02-21 19:00:00+00:00,-14.14,6.168,-4.441,8.916,-6.419,0.0
2024-02-21 20:00:00+00:00,-12.42,7.974,-1.728,11.526,-2.497,0.0
2024-02-21 21:00:00+00:00,-10.02,8.98,1.863,12.98,2.693,0.0
2024-02-21 22:00:00+00:00,-7.54,7.954,5.48,11.496,7.92,0.0
2024-02-21 23:00:00+00:00,-8.18,3.452,7.084,4.989,10.239,0.0
2024-02-22 00:00:00+00:00,-7.11,-0.103,9.122,-0.15,13.186,0.0
2024-02-22 01:00:00+00:00,-5.7,-4.668,10.911,-6.748,15.772,0.0
2024-02-22 02:00:00+00:00,-7.51,-10.398,9.71,-15.029,14.035,0.0
2024-02-22 03:00:00+00:00,-5.69,-14.214,5.154,-20.545,7.449,0.0
2024-02-22 04:00:00+00:00,-4.41,-12.464,-0.87,-18.016,-1.257,0.0
2024-02-22 05:00:00+00:00,-8.5,-8.932,-4.624,-12.911,-6.684,0.0
2024-02-22 06:00:00+00:00,-10.35,-6.892,-8.152,-9.962,-11.784,0.0
2024-02-22 07:00:00+00:00,-12.01,-3.658,-7.642,-5.287,-11.047,0.0
2024-02-22 08:00:00+00:00,-16.25,-1.725,-7.562,-2.494,-10.931,12.7
2024-02-22 09:00:00+00:00,-16.05,-0.275,-7.053,-0.397,-10.195,53.1
2024-02-22 10:00:00+00:00,-17.79,0.886,-5.625,1.281,-8.131,109.3
2024-02-22 11:00:00+00:00,-16.15,1.424,-5.037,2.058,-7.28,155.5
2024-02-22 12:00:00+00:00,-14.51,1.828,-4.757,2.643,-6.875,243.5
2024-02-22 13:00:00+00:00,-14.77,2.245,-4.674,3.245,-6.756,216.4
2024-02-22 14:00:00+00:00,-17.37,2.886,-4.847,4.172,-7.006,206.8
2024-02-22 15:00:00+00:00,-16.43,3.375,-5.195,4.878,-7.508,154.6
2024-02-22 16:00:00+00:00,-15.88,3.934,-4.918,5.686,-7.109,57.6
2024-02-22 17:00:00+00:00,-14.96,5.07,-5.155,7.328,-7.451,0.0
2024-02-22 18:00:00+00:00,-15.51,5.812,-4.845,8.401,-7.003,0.0
2024-02-22 19:00:00+00:00,-13.02,7.419,-4.671,10.724,-6.751,0.0
2024-02-22 20:00:00+00:00,-12.83,8.128,-4.133,11.749,-5.974,0.0
2024-02-22 21:00:00+00:00,-11.49,8.777,-3.307,12.686,-4.78,0.0
2024-02-22 22:00:00+00:00,-13.88,8.743,-2.342,12.637,-3.385,0.0
2024-02-22 23:00:00+00:00,-9.72,10.665,-0.952,15.416,-1.376,0.0
2024-02-23 00:00:00+00:00,-9.37,10.673,1.176,15.427,1.7,0.0
2024-02-23 01:00:00+00:00,-6.73,10.205,2.646,14.751,3.824,0.0
2024-02-23 02:00:00+00:00,-5.39,8.56,3.871,12.372,5.595,0.0
2024-02-23 03:00:00+00:00,-4.97,8.421,5.222,12.172,7.548,0.0
2024-02-23 04:00:00+00:00,-4.57,7.247,6.193,10.475,8.951,0.0
2024-02-23 05:00:00+00:00,-4.95,5.306,6.464,7.67,9.343,0.0
2024-02-23 06:00:00+00:00,-5.89,4.207,7.003,6.081,10.123,0.0
2024-02-23 07:00:00+00:00,-5.12,3.208,8.655,4.637,12.51,0.0
2024-02-23 08:00:00+00:00,-4.1,1.222,8.178,1.766,11.821,25.5
2024-02-23 09:00:00+00:00,-4.37,-0.227,8.023,-0.328,11.597,50.7
2024-02-23 10:00:00+00:00,-5.18,-1.838,7.983,-2.656,11.539,108.3
2024-02-23 11:00:00+00:00,-4.35,-3.528,8.131,-5.1,11.753,239.7
2024-02-23 12:00:00+00:00,-5.88,-5.401,7.625,-7.807,11.021,65.6
2024-02-23 13:00:00+00:00,-6.39,-6.787,6.97,-9.811,10.075,200.1
2024-02-23 14:00:00+00:00,-5.25,-7.854,6.662,-11.353,9.63,140.8
2024-02-23 15:00:00+00:00,-5.86,-8.195,5.032,-11.845,7.274,72.9
2024-02-23 16:00:00+00:00,-4.62,-6.835,2.586,-9.879,3.738,49.8
2024-02-23 17:00:00+00:00,-4.58,-6.802,1.992,-9.831,2.879,0.0
2024-02-23 18:00:00+00:00,-4.36,-6.628,1.754,-9.58,2.536,0.0
2024-02-23 19:00:00+00:00,-6.88,-5.15,0.859,-7.444,1.241,0.0
2024-02-23 20:00:00+00:00,-5.68,-5.237,-0.259,-7.569,-0.374,0.0
2024-02-23 21:00:00+00:00,-6.28,-5.439,-1.154,-7.861,-1.669,0.0
2024-02-23 22:00:00+00:00,-7.06,-6.055,-3.142,-8.753,-4.542,0.0
2024-02-23 23:00:00+00:00,-10.35,-4.685,-4.467,-6.771,-6.457,0.0
2024-02-24 00:00:00+00:00,-10.59,-2.476,-5.236,-3.579,-7.568,0.0
2024-02-24 01:00:00+00:00,-9.86,-0.561,-4.684,-0.811,-6.77,0.0
2024-02-24 02:00:00+00:00,-14.32,0.926,-4.898,1.339,-7.079,0.0
2024-02-24 03:00:00+00:00,-15.86,2.158,-4.24,3.119,-6.129,0.0
2024-02-24 04:00:00+00:00,-16.1,3.242,-3.15,4.686,-4.553,0.0
2024-02-24 05:00:00+00:00,-14.81,4.427,-2.106,6.399,-3.045,0.0
2024-02-24 06:00:00+00:00,-15.31,5.985,-0.513,8.651,-0.742,0.0
2024-02-24 07:00:00+00:00,-17.23,4.291,1.276,6.203,1.845,0.0
2024-02-24 08:00:00+00:00,-14.64,3.6,2.806,5.204,4.056,21.6
2024-02-24 09:00:00+00:00,-20.09,2.574,3.715,3.721,5.369,37.7
2024-02-24 10:00:00+00:00,-16.68,1.28,4.519,1.851,6.532,75.7
2024-02-24 11:00:00+00:00,-18.0,-0.131,3.605,-0.19,5.211,184.3
2024-02-24 12:00:00+00:00,-15.61,-0.991,3.081,-1.433,4.453,169.3
2024-02-24 13:00:00+00:00,-12.99,-2.631,3.561,-3.803,5.147,266.3
2024-02-24 14:00:00+00:00,-15.59,-3.64,2.134,-5.261,3.085,220.7
2024-02-24 15:00:00+00:00,-17.6,-3.802,0.57,-5.496,0.824,125.2
2024-02-24 16:00:00+00:00,-18.18,-4.436,-0.954,-6.412,-1.379,69.8
2024-02-24 17:00:00+00:00,-20.62,-2.643,-2.058,-3.821,-2.975,0.0
2024-02-24 18:00:00+00:00,-19.05,-1.23,-2.638,-1.778,-3.813,0.0
2024-02-24 19:00:00+00:00,-15.18,0.234,-3.111,0.339,-4.496,0.0
2024-02-24 20:00:00+00:00,-13.46,1.806,-2.904,2.611,-4.197,0.0
2024-02-24 21:00:00+00:00,-12.24,2.819,-1.603,4.074,-2.317,0.0
2024-02-24 22:00:00+00:00,-12.04,3.098,-0.207,4.477,-0.299,0.0
2024-02-24 23:00:00+00:00,-12.03,3.046,1.395,4.403,2.017,0.0
2024-02-25 00:00:00+00:00,-10.01,1.967,2.548,2.843,3.683,0.0
2024-02-25 01:00:00+00:00,-12.31,0.61,3.093,0.881,4.47,0.0
2024-02-25 02:00:00+00:00,-7.28,-0.657,3.208,-0.949,4.637,0.0
2024-02-25 03:00:00+00:00,-6.3,-1.794,2.934,-2.593,4.24,0.0
2024-02-25 04:00:00+00:00,-7.43,-2.759,1.943,-3.988,2.808,0.0
2024-02-25 05:00:00+00:00,-7.92,-3.362,0.951,-4.859,1.375,0.0
2024-02-25 06:00:00+00:00,-7.28,-4.04,-0.282,-5.839,-0.408,0.0
2024-02-25 07:00:00+00:00,-7.61,-3.292,-1.862,-4.758,-2.691,0.0
2024-02-25 08:00:00+00:00,-6.59,-2.389,-3.556,-3.453,-5.14,36.5
2024-02-25 09:00:00+00:00,-6.13,-0.48,-4.762,-0.693,-6.883,51.5
2024-02-25 10:00:00+00:00,-4.63,1.76,-4.157,2.544,-6.009,157.3
2024-02-25 11:00:00+00:00,-5.91,3.333,-2.954,4.817,-4.269,117.7
2024-02-25 12:00:00+00:00,-6.33,6.181,-1.985,8.935,-2.869,137.4
2024-02-25 13:00:00+00:00,-6.11,6.116,0.887,8.84,1.282,149.3
2024-02-25 14:00:00+00:00,-6.94,4.357,3.008,6.297,4.348,157.4
2024-02-25 15:00:00+00:00,-5.31,2.047,3.657,2.959,5.287,85.2
2024-02-25 16:00:00+00:00,-5.23,0.04,4.466,0.057,6.455,21.2
2024-02-25 17:00:00+00:00,-5.23,-1.657,4.187,-2.396,6.053,0.0
2024-02-25 18:00:00+00:00,-7.68,-4.145,3.674,-5.991,5.311,0.0
2024-02-25 19:00:00+00:00,-6.15,-5.167,1.165,-7.469,1.683,0.0
2024-02-25 20:00:00+00:00,-5.9,-5.196,-1.713,-7.511,-2.476,0.0
2024-02-25 21:00:00+00:00,-5.02,-2.956,-3.602,-4.273,-5.207,0.0
2024-02-25 22:00:00+00:00,-1.14,-0.47,-3.951,-0.679,-5.711,0.0
2024-02-25 23:00:00+00:00,0.66,1.578,-3.011,2.281,-4.353,0.0
2024-02-26 00:00:00+00:00,1.01,3.633,-2.264,5.251,-3.273,0.0
2024-02-26 01:00:00+00:00,-0.25,5.559,-0.127,8.035,-0.184,0.0
2024-02-26 02:00:00+00:00,0.03,5.662,3.065,8.184,4.43,0.0
2024-02-26 03:00:00+00:00,0.15,4.032,5.71,5.828,8.253,0.0
2024-02-26 04:00:00+00:00,0.19,1.107,6.549,1.6,9.467,0.0
2024-02-26 05:00:00+00:00,-0.82,-1.547,5.577,-2.237,8.062,0.0
2024-02-26 06:00:00+00:00,-1.79,-3.969,4.589,-5.737,6.633,0.0
2024-02-26 07:00:00+00:00,-2.46,-4.254,1.863,-6.149,2.693,0.0
2024-02-26 08:00:00+00:00,-1.28,-4.4,-0.237,-6.359,-0.342,53.0
2024-02-26 09:00:00+00:00,-1.57,-3.434,-2.371,-4.964,-3.427,116.8
2024-02-26 10:00:00+00:00,-3.72,-1.59,-3.694,-2.299,-5.34,59.3
2024-02-26 11:00:00+00:00,-4.67,0.346,-3.926,0.5,-5.675,87.2
2024-02-26 12:00:00+00:00,-5.84,2.498,-3.924,3.611,-5.672,119.2
2024-02-26 13:00:00+00:00,-10.47,4.18,-2.332,6.042,-3.37,91.5
2024-02-26 14:00:00+00:00,-10.41,5.276,-0.889,7.626,-1.284,88.3
2024-02-26 15:00:00+00:00,-11.19,4.711,1.256,6.81,1.816,43.9
2024-02-26 16:00:00+00:00,-10.46,3.4,2.933,4.915,4.24,18.1
2024-02-26 17:00:00+00:00,-7.46,1.536,3.633,2.221,5.251,0.0
2024-02-26 18:00:00+00:00,-4.74,-0.001,5.684,-0.001,8.216,0.0
2024-02-26 19:00:00+00:00,-5.75,-1.805,4.831,-2.609,6.983,0.0
2024-02-26 20:00:00+00:00,-2.44,-3.564,4.489,-5.152,6.489,0.0
2024-02-26 21:00:00+00:00,-3.0,-4.441,3.346,-6.419,4.836,0.0
2024-02-26 22:00:00+00:00,-3.54,-4.29,1.862,-6.202,2.692,0.0
2024-02-26 23:00:00+00:00,-3.33,-5.1,0.448,-7.372,0.648,0.0
2024-02-27 00:00:00+00:00,-3.74,-5.137,-1.348,-7.425,-1.948,0.0
2024-02-27 01:00:00+00:00,-3.16,-4.781,-3.084,-6.91,-4.458,0.0
2024-02-27 02:00:00+00:00,-1.38,-3.189,-3.848,-4.609,-5.562,0.0
2024-02-27 03:00:00+00:00,-2.6,-1.898,-4.677,-2.743,-6.76,0.0
2024-02-27 04:00:00+00:00,-1.9,-0.002,-4.167,-0.002,-6.023,0.0
2024-02-27 05:00:00+00:00,-0.33,1.573,-3.297,2.274,-4.766,0.0
2024-02-27 06:00:00+00:00,-1.85,2.613,-1.919,3.778,-2.774,0.0
2024-02-27 07:00:00+00:00,-3.25,3.569,-0.529,5.158,-0.765,0.0
2024-02-27 08:00:00+00:00,-3.67,2.856,1.07,4.128,1.547,88.3
2024-02-27 09:00:00+00:00,-4.54,2.419,2.852,3.497,4.123,185.8
2024-02-27 10:00:00+00:00,-6.63,1.336,4.857,1.931,7.021,260.6
2024-02-27 11:00:00+00:00,-6.29,-0.993,4.888,-1.436,7.065,205.7
2024-02-27 12:00:00+00:00,-6.64,-2.383,3.12,-3.445,4.51,199.1
2024-02-27 13:00:00+00:00,-7.85,-3.964,2.02,-5.729,2.92,202.9
2024-02-27 14:00:00+00:00,-7.63,-4.407,0.33,-6.37,0.477,204.9
2024-02-27 15:00:00+00:00,-8.61,-3.473,-1.031,-5.019,-1.49,172.6
2024-02-27 16:00:00+00:00,-7.73,-2.119,-1.864,-3.063,-2.694,71.8
2024-02-27 17:00:00+00:00,-7.42,-0.797,-1.817,-1.152,-2.626,0.0
2024-02-27 18:00:00+00:00,-7.1,0.073,-2.841,0.105,-4.107,0.0
2024-02-27 19:00:00+00:00,-3.87,1.453,-2.457,2.1,-3.552,0.0
2024-02-27 20:00:00+00:00,-0.66,2.753,-1.625,3.979,-2.349,0.0
2024-02-27 21:00:00+00:00,0.57,3.779,-0.329,5.462,-0.475,0.0
2024-02-27 22:00:00+00:00,-0.92,3.909,1.723,5.65,2.49,0.0
2024-02-27 23:00:00+00:00,-1.08,2.652,3.809,3.833,5.506,0.0
2024-02-28 00:00:00+00:00,-1.75,0.63,4.871,0.911,7.041,0.0
2024-02-28 01:00:00+00:00,-2.06,-1.233,4.211,-1.782,6.086,0.0
2024-02-28 02:00:00+00:00,-4.09,-3.33,3.495,-4.813,5.052,0.0
2024-02-28 03:00:00+00:00,-4.07,-5.012,2.319,-7.245,3.351,0.0
2024-02-28 04:00:00+00:00,-0.32,-5.624,0.575,-8.129,0.832,0.0
2024-02-28 05:00:00+00:00,-2.26,-6.094,-1.179,-8.808,-1.704,0.0
2024-02-28 06:00:00+00:00,-2.19,-6.793,-3.669,-9.819,-5.303,0.0
2024-02-28 07:00:00+00:00,-5.05,-5.524,-5.967,-7.984,-8.625,0.0
2024-02-28 08:00:00+00:00,-4.25,-3.157,-7.563,-4.563,-10.932,71.9
2024-02-28 09:00:00+00:00,-4.58,-0.345,-8.989,-0.499,-12.993,192.2
2024-02-28 10:00:00+00:00,-2.98,1.824,-7.292,2.636,-10.54,161.0
2024-02-28 11:00:00+00:00,-7.5,3.403,-5.634,4.919,-8.144,148.3
2024-02-28 12:00:00+00:00,-8.79,4.014,-3.777,5.801,-5.46,72.6
2024-02-28 13:00:00+00:00,-7.07,5.227,-2.952,7.555,-4.267,70.1
2024-02-28 14:00:00+00:00,-11.02,5.692,-1.804,8.227,-2.608,117.6
2024-02-28 15:00:00+00:00,-13.06,6.072,-0.573,8.776,-0.828,42.3
2024-02-28 16:00:00+00:00,-12.4,6.073,0.407,8.778,0.589,20.8
2024-02-28 17:00:00+00:00,-10.2,6.065,1.94,8.767,2.804,0.0
2024-02-28 18:00:00+00:00,-8.2,4.1,2.6,5.926,3.759,0.0
2024-02-28 19:00:00+00:00,-6.89,3.431,3.347,4.959,4.838,0.0
2024-02-28 20:00:00+00:00,-6.82,3.173,3.583,4.587,5.178,0.0
2024-02-28 21:00:00+00:00,-5.88,3.017,3.754,4.36,5.426,0.0
2024-02-28 22:00:00+00:00,-5.54,2.829,3.889,4.089,5.622,0.0
2024-02-28 23:00:00+00:00,-7.57,1.991,3.4,2.878,4.915,0.0
2024-02-29 00:00:00+00:00,-4.19,1.631,4.344,2.357,6.278,0.0
2024-02-29 01:00:00+00:00,-8.3,1.102,4.598,1.594,6.646,0.0
2024-02-29 02:00:00+00:00,-7.49,0.566,3.831,0.818,5.537,0.0
2024-02-29 03:00:00+00:00,-6.41,0.333,4.786,0.482,6.917,0.0
2024-02-29 04:00:00+00:00,-7.12,-0.729,6.415,-1.054,9.273,0.0
2024-02-29 05:00:00+00:00,-5.05,-1.583,5.683,-2.288,8.215,0.0
2024-02-29 06:00:00+00:00,-4.25,-2.865,5.009,-4.141,7.241,0.0
2024-02-29 07:00:00+00:00,-6.37,-3.494,4.52,-5.05,6.533,0.0
2024-02-29 08:00:00+00:00,-7.61,-5.012,4.554,-7.245,6.582,77.1
2024-02-29 09:00:00+00:00,-7.07,-4.69,3.243,-6.78,4.688,82.0
2024-02-29 10:00:00+00:00,-5.98,-4.77,2.959,-6.895,4.277,60.2
2024-02-29 11:00:00+00:00,-5.96,-4.481,2.113,-6.477,3.054,139.9
2024-02-29 12:00:00+00:00,-7.61,-5.981,2.07,-8.645,2.992,74.1
2024-02-29 13:00:00+00:00,-11.14,-5.987,1.607,-8.654,2.323,70.5
2024-02-29 14:00:00+00:00,-11.38,-7.332,1.511,-10.598,2.185,74.0
2024-02-29 15:00:00+00:00,-11.64,-6.914,0.647,-9.994,0.936,121.9
2024-02-29 16:00:00+00:00,-10.06,-6.878,-0.549,-9.942,-0.793,92.5
2024-02-29 17:00:00+00:00,-10.05,-7.796,-1.568,-11.269,-2.266,0.0
2024-02-29 18:00:00+00:00,-7.87,-8.686,-2.287,-12.556,-3.306,0.0
2024-02-29 19:00:00+00:00,-6.03,-8.487,-2.487,-12.267,-3.594,0.0
2024-02-29 20:00:00+00:00,-3.96,-8.178,-2.362,-11.82,-3.414,0.0
2024-02-29 21:00:00+00:00,0.94,-9.067,-1.73,-13.106,-2.5,0.0
2024-02-29 22:00:00+00:00,2.57,-9.386,-0.223,-13.567,-0.322,0.0
2024-02-29 23:00:00+00:00,2.99,-7.742,1.03,-11.19,1.489,0.0
2024-03-01 00:00:00+00:00,2.35,-7.703,2.419,-11.135,3.496,0.0
2024-03-01 01:00:00+00:00,1.81,-7.031,2.824,-10.164,4.081,0.0
2024-03-01 02:00:00+00:00,0.92,-7.377,3.602,-10.664,5.207,0.0
2024-03-01 03:00:00+00:00,0.51,-7.276,3.743,-10.518,5.41,0.0
2024-03-01 04:00:00+00:00,-1.73,-8.188,4.671,-11.835,6.752,0.0
2024-03-01 05:00:00+00:00,-0.51,-7.941,4.19,-11.478,6.056,0.0
2024-03-01 06:00:00+00:00,-0.76,-8.246,3.85,-11.919,5.565,0.0
2024-03-01 07:00:00+00:00,-0.71,-7.776,3.424,-11.24,4.95,0.0
2024-03-01 08:00:00+00:00,-3.66,-8.741,3.308,-12.634,4.782,107.2
2024-03-01 09:00:00+00:00,-4.21,-8.919,3.121,-12.892,4.512,205.0
2024-03-01 10:00:00+00:00,-2.84,-10.401,3.025,-15.034,4.372,280.1
2024-03-01 11:00:00+00:00,-4.61,-12.555,4.075,-18.147,5.89,327.2
2024-03-01 12:00:00+00:00,-3.38,-10.13,5.048,-14.643,7.297,343.3
2024-03-01 13:00:00+00:00,-2.76,-8.323,5.812,-12.03,8.401,327.2
2024-03-01 14:00:00+00:00,-3.68,-6.262,5.714,-9.052,8.259,280.1
2024-03-01 15:00:00+00:00,-7.65,-5.363,5.913,-7.751,8.547,205.0
2024-03-01 16:00:00+00:00,-7.49,-5.062,6.753,-7.316,9.762,107.2
2024-03-01 17:00:00+00:00,-5.91,-3.481,5.462,-5.031,7.895,0.0
2024-03-01 18:00:00+00:00,-7.42,-2.399,4.463,-3.468,6.45,0.0
2024-03-01 19:00:00+00:00,-8.84,-1.985,4.204,-2.869,6.077,0.0
2024-03-01 20:00:00+00:00,-7.32,-2.553,4.953,-3.69,7.16,0.0
2024-03-01 21:00:00+00:00,-6.19,-3.123,5.137,-4.514,7.426,0.0
2024-03-01 22:00:00+00:00,-6.95,-3.703,5.255,-5.353,7.596,0.0
2024-03-01 23:00:00+00:00,-5.27,-3.971,4.211,-5.74,6.087,0.0
2024-03-02 00:00:00+00:00,-6.08,-4.325,3.236,-6.251,4.678,0.0
2024-03-02 01:00:00+00:00,-4.54,-4.519,2.929,-6.533,4.234,0.0
2024-03-02 02:00:00+00:00,-5.41,-4.659,2.831,-6.735,4.093,0.0
2024-03-02 03:00:00+00:00,-3.51,-4.184,2.283,-6.048,3.3,0.0
2024-03-02 04:00:00+00:00,-0.91,-4.837,2.004,-6.991,2.897,0.0
2024-03-02 05:00:00+00:00,-3.11,-5.611,1.712,-8.111,2.474,0.0
2024-03-02 06:00:00+00:00,-4.21,-5.068,1.076,-7.325,1.555,0.0
2024-03-02 07:00:00+00:00,-3.7,-4.614,0.843,-6.669,1.219,0.0
2024-03-02 08:00:00+00:00,-4.18,-5.583,1.053,-8.07,1.522,29.8
2024-03-02 09:00:00+00:00,-4.54,-5.672,1.272,-8.198,1.838,46.5
2024-03-02 10:00:00+00:00,-3.03,-6.803,2.366,-9.834,3.42,63.1
2024-03-02 11:00:00+00:00,-1.49,-6.128,2.634,-8.858,3.807,73.4
2024-03-02 12:00:00+00:00,-2.91,-6.588,3.781,-9.523,5.465,77.0
2024-03-02 13:00:00+00:00,-2.68,-4.998,3.811,-7.225,5.509,73.4
2024-03-02 14:00:00+00:00,-1.94,-4.912,4.579,-7.1,6.619,63.1
2024-03-02 15:00:00+00:00,-1.89,-4.273,5.088,-6.176,7.354,87.2
2024-03-02 16:00:00+00:00,-3.0,-3.428,4.71,-4.955,6.808,52.4
2024-03-02 17:00:00+00:00,-2.92,-2.799,4.2,-4.047,6.071,0.0
2024-03-02 18:00:00+00:00,-4.04,-2.717,4.555,-3.928,6.584,0.0
2024-03-02 19:00:00+00:00,-3.51,-2.682,5.526,-3.876,7.987,0.0
2024-03-02 20:00:00+00:00,-0.9,-1.693,5.99,-2.448,8.658,0.0
2024-03-02 21:00:00+00:00,0.13,-0.702,6.488,-1.015,9.377,0.0
2024-03-02 22:00:00+00:00,0.64,0.5,6.497,0.723,9.392,0.0
2024-03-02 23:00:00+00:00,-0.29,1.45,7.763,2.095,11.221,0.0
2024-03-03 00:00:00+00:00,0.18,1.662,6.235,2.403,9.012,0.0
2024-03-03 01:00:00+00:00,-1.46,3.24,7.499,4.683,10.839,0.0
2024-03-03 02:00:00+00:00,-2.09,4.157,6.916,6.008,9.996,0.0
2024-03-03 03:00:00+00:00,-2.37,4.97,6.692,7.184,9.672,0.0
2024-03-03 04:00:00+00:00,-2.47,5.326,6.556,7.699,9.476,0.0
2024-03-03 05:00:00+00:00,-2.69,4.372,4.676,6.32,6.758,0.0
2024-03-03 06:00:00+00:00,-1.18,4.622,3.939,6.681,5.694,0.0
2024-03-03 07:00:00+00:00,-0.2,4.56,3.265,6.591,4.719,1.3
2024-03-03 08:00:00+00:00,-0.07,3.711,2.496,5.363,3.608,75.3
2024-03-03 09:00:00+00:00,-0.02,4.162,3.079,6.016,4.451,102.1
2024-03-03 10:00:00+00:00,-2.57,4.321,3.156,6.245,4.562,207.9
2024-03-03 11:00:00+00:00,-3.33,5.822,4.221,8.415,6.102,243.1
2024-03-03 12:00:00+00:00,-3.01,5.278,3.56,7.629,5.146,287.7
2024-03-03 13:00:00+00:00,-2.23,5.563,3.486,8.041,5.038,335.6
2024-03-03 14:00:00+00:00,-4.35,5.447,3.323,7.874,4.803,253.2
2024-03-03 15:00:00+00:00,-7.26,5.124,3.364,7.407,4.862,167.0
2024-03-03 16:00:00+00:00,-6.84,6.145,3.456,8.883,4.995,102.3
2024-03-03 17:00:00+00:00,-6.73,6.221,3.082,8.992,4.455,3.9
2024-03-03 18:00:00+00:00,-7.65,6.881,2.392,9.946,3.457,0.0
2024-03-03 19:00:00+00:00,-6.78,6.372,1.481,9.21,2.14,0.0
2024-03-03 20:00:00+00:00,-7.25,6.196,0.107,8.956,0.155,0.0
2024-03-03 21:00:00+00:00,-7.24,6.161,-1.321,8.906,-1.91,0.0
2024-03-03 22:00:00+00:00,-7.49,5.398,-2.526,7.803,-3.651,0.0
2024-03-03 23:00:00+00:00,-7.17,5.165,-3.761,7.466,-5.437,0.0
2024-03-04 00:00:00+00:00,-6.01,3.79,-3.959,5.479,-5.723,0.0
2024-03-04 01:00:00+00:00,-8.09,2.398,-3.114,3.467,-4.501,0.0
2024-03-04 02:00:00+00:00,-6.34,1.941,-3.037,2.805,-4.39,0.0
2024-03-04 03:00:00+00:00,-3.45,2.1,-3.725,3.036,-5.384,0.0
2024-03-04 04:00:00+00:00,-5.92,1.956,-3.99,2.828,-5.768,0.0
2024-03-04 05:00:00+00:00,-9.56,2.33,-4.587,3.367,-6.631,0.0
2024-03-04 06:00:00+00:00,-6.83,2.747,-5.824,3.971,-8.418,0.0
2024-03-04 07:00:00+00:00,-8.71,3.399,-7.509,4.913,-10.854,2.7
2024-03-04 08:00:00+00:00,-7.51,2.55,-5.975,3.686,-8.637,27.8
2024-03-04 09:00:00+00:00,-8.15,2.38,-6.333,3.44,-9.153,49.4
2024-03-04 10:00:00+00:00,-12.36,3.029,-7.308,4.378,-10.563,65.9
2024-03-04 11:00:00+00:00,-15.89,3.471,-6.311,5.017,-9.122,76.3
2024-03-04 12:00:00+00:00,-14.73,4.845,-6.066,7.003,-8.768,79.9
2024-03-04 13:00:00+00:00,-11.72,4.77,-4.072,6.895,-5.885,76.3
2024-03-04 14:00:00+00:00,-13.82,5.188,-3.119,7.499,-4.508,65.9
2024-03-04 15:00:00+00:00,-12.83,6.16,-2.186,8.904,-3.16,49.4
2024-03-04 16:00:00+00:00,-13.89,7.725,-1.544,11.166,-2.231,27.8
2024-03-04 17:00:00+00:00,-11.37,7.819,-0.835,11.303,-1.207,2.7
2024-03-04 18:00:00+00:00,-8.2,8.567,-0.738,12.382,-1.066,0.0
2024-03-04 19:00:00+00:00,-9.02,8.619,-0.354,12.458,-0.511,0.0
2024-03-04 20:00:00+00:00,-10.05,8.469,0.124,12.241,0.179,0.0
2024-03-04 21:00:00+00:00,-10.62,9.918,1.116,14.336,1.613,0.0
2024-03-04 22:00:00+00:00,-10.91,8.895,2.679,12.857,3.872,0.0
2024-03-04 23:00:00+00:00,-11.9,8.909,5.208,12.877,7.528,0.0
2024-03-05 00:00:00+00:00,-10.65,8.841,7.606,12.779,10.994,0.0
2024-03-05 01:00:00+00:00,-10.35,7.7,9.507,11.13,13.742,0.0
2024-03-05 02:00:00+00:00,-10.86,3.717,8.958,5.372,12.949,0.0
2024-03-05 03:00:00+00:00,-9.22,1.104,7.271,1.596,10.51,0.0
2024-03-05 04:00:00+00:00,-8.31,-0.672,7.272,-0.971,10.512,0.0
2024-03-05 05:00:00+00:00,-11.39,-2.539,7.131,-3.67,10.308,0.0
2024-03-05 06:00:00+00:00,-12.27,-5.134,7.348,-7.42,10.621,0.0
2024-03-05 07:00:00+00:00,-10.18,-4.8,4.163,-6.938,6.018,14.9
2024-03-05 08:00:00+00:00,-6.94,-5.795,2.629,-8.377,3.799,133.0
2024-03-05 09:00:00+00:00,-8.2,-5.523,0.932,-7.983,1.346,231.1
2024-03-05 10:00:00+00:00,-9.82,-4.809,-0.644,-6.951,-0.93,306.4
2024-03-05 11:00:00+00:00,-11.45,-4.059,-2.334,-5.867,-3.374,353.7
2024-03-05 12:00:00+00:00,-10.62,-2.288,-3.197,-3.307,-4.622,319.4
2024-03-05 13:00:00+00:00,-10.18,-1.39,-4.789,-2.009,-6.923,350.7
2024-03-05 14:00:00+00:00,-12.58,0.309,-4.202,0.446,-6.074,212.3
2024-03-05 15:00:00+00:00,-11.53,1.549,-3.384,2.239,-4.891,213.7
2024-03-05 16:00:00+00:00,-13.27,2.445,-2.667,3.534,-3.855,133.0
2024-03-05 17:00:00+00:00,-12.86,3.375,-1.612,4.878,-2.33,18.7
2024-03-05 18:00:00+00:00,-11.2,3.142,0.136,4.542,0.197,0.0
2024-03-05 19:00:00+00:00,-12.05,2.504,1.47,3.619,2.125,0.0
2024-03-05 20:00:00+00:00,-10.84,1.632,2.176,2.359,3.145,0.0
2024-03-05 21:00:00+00:00,-10.45,0.829,2.977,1.198,4.303,0.0
2024-03-05 22:00:00+00:00,-12.18,-0.35,2.782,-0.506,4.021,0.0
2024-03-05 23:00:00+00:00,-8.16,-1.588,2.319,-2.295,3.352,0.0
2024-03-06 00:00:00+00:00,-9.91,-3.322,1.554,-4.802,2.247,0.0
2024-03-06 01:00:00+00:00,-14.0,-2.941,-0.165,-4.251,-0.239,0.0
2024-03-06 02:00:00+00:00,-10.63,-2.756,-1.513,-3.984,-2.187,0.0
2024-03-06 03:00:00+00:00,-10.43,-1.872,-2.755,-2.706,-3.983,0.0
2024-03-06 04:00:00+00:00,-10.07,-0.553,-2.634,-0.8,-3.808,0.0
2024-03-06 05:00:00+00:00,-7.18,0.468,-2.219,0.676,-3.207,0.0
2024-03-06 06:00:00+00:00,-5.68,1.666,-1.943,2.408,-2.808,0.0
2024-03-06 07:00:00+00:00,-6.93,2.29,-0.727,3.31,-1.051,15.5
2024-03-06 08:00:00+00:00,-8.14,2.763,0.919,3.994,1.328,80.0
2024-03-06 09:00:00+00:00,-9.38,1.686,2.484,2.437,3.591,156.2
2024-03-06 10:00:00+00:00,-12.34,-0.078,3.154,-0.113,4.56,146.1
2024-03-06 11:00:00+00:00,-11.8,-2.286,2.814,-3.304,4.067,189.1
2024-03-06 12:00:00+00:00,-14.55,-3.751,0.727,-5.422,1.051,298.9
2024-03-06 13:00:00+00:00,-19.35,-3.226,-1.566,-4.663,-2.263,205.4
2024-03-06 14:00:00+00:00,-20.21,-1.713,-3.273,-2.476,-4.731,85.3
2024-03-06 15:00:00+00:00,-19.35,0.893,-3.591,1.291,-5.191,52.3
2024-03-06 16:00:00+00:00,-18.72,3.268,-2.307,4.724,-3.334,30.7
2024-03-06 17:00:00+00:00,-16.44,3.881,0.58,5.61,0.839,10.7
2024-03-06 18:00:00+00:00,-15.64,2.532,3.406,3.66,4.923,0.0
2024-03-06 19:00:00+00:00,-13.74,-0.588,5.344,-0.85,7.725,0.0
2024-03-06 20:00:00+00:00,-12.27,-4.384,3.263,-6.337,4.717,0.0
2024-03-06 21:00:00+00:00,-10.63,-4.981,-0.771,-7.2,-1.114,0.0
2024-03-06 22:00:00+00:00,-9.16,-2.718,-4.565,-3.929,-6.599,0.0
2024-03-06 23:00:00+00:00,-7.94,2.127,-4.928,3.075,-7.124,0.0
2024-03-07 00:00:00+00:00,-8.25,6.427,-0.964,9.29,-1.394,0.0
2024-03-07 01:00:00+00:00,-7.76,4.767,5.47,6.891,7.907,0.0
2024-03-07 02:00:00+00:00,-6.49,-1.621,9.112,-2.344,13.171,0.0
2024-03-07 03:00:00+00:00,-5.73,-7.393,3.756,-10.686,5.429,0.0
2024-03-07 04:00:00+00:00,-9.69,-6.706,-3.745,-9.694,-5.414,0.0
2024-03-07 05:00:00+00:00,-9.61,-1.044,-7.372,-1.508,-10.655,0.0
2024-03-07 06:00:00+00:00,-10.4,5.742,-5.785,8.299,-8.362,0.0
2024-03-07 07:00:00+00:00,-9.72,9.671,1.734,13.979,2.507,8.7
2024-03-07 08:00:00+00:00,-9.19,3.601,10.545,5.205,15.243,42.5
2024-03-07 09:00:00+00:00,-5.92,-6.322,8.247,-9.139,11.921,75.2
2024-03-07 10:00:00+00:00,-4.43,-10.343,-0.888,-14.95,-1.283,70.3
2024-03-07 11:00:00+00:00,-4.94,-5.381,-9.884,-7.777,-14.286,80.7
2024-03-07 12:00:00+00:00,-6.66,5.803,-11.099,8.388,-16.043,84.3
2024-03-07 13:00:00+00:00,-9.55,12.67,-1.393,18.314,-2.013,107.1
2024-03-07 14:00:00+00:00,-12.55,9.145,10.694,13.218,15.458,272.7
2024-03-07 15:00:00+00:00,-12.23,-3.806,15.937,-5.501,23.035,203.7
2024-03-07 16:00:00+00:00,-11.24,-14.869,5.461,-21.492,7.894,146.0
2024-03-07 17:00:00+00:00,-11.24,-12.462,-9.864,-18.014,-14.258,31.5
2024-03-07 18:00:00+00:00,-10.44,1.591,-11.206,2.3,-16.198,0.0
2024-03-07 19:00:00+00:00,-11.53,10.794,-3.853,15.602,-5.569,0.0
2024-03-07 20:00:00+00:00,-12.67,9.627,9.097,13.916,13.149,0.0
2024-03-07 21:00:00+00:00,-10.56,-3.96,11.09,-5.724,16.03,0.0
2024-03-07 22:00:00+00:00,-7.99,-12.4,0.672,-17.923,0.972,0.0
2024-03-07 23:00:00+00:00,-7.04,-6.162,-8.832,-8.907,-12.766,0.0
2024-03-08 00:00:00+00:00,-6.72,2.841,-6.699,4.106,-9.683,0.0
2024-03-08 01:00:00+00:00,-4.1,7.965,-0.767,11.513,-1.109,0.0
2024-03-08 02:00:00+00:00,-6.04,3.681,6.225,5.32,8.998,0.0
2024-03-08 03:00:00+00:00,-5.14,-4.131,5.771,-5.972,8.342,0.0
2024-03-08 04:00:00+00:00,-4.05,-7.329,-1.05,-10.593,-1.518,0.0
2024-03-08 05:00:00+00:00,-7.52,-1.887,-6.751,-2.728,-9.758,0.0
2024-03-08 06:00:00+00:00,-8.75,4.374,-3.829,6.322,-5.535,0.0
2024-03-08 07:00:00+00:00,-8.5,6.076,2.249,8.783,3.25,38.0
2024-03-08 08:00:00+00:00,-10.58,1.394,6.365,2.014,9.2,152.5
2024-03-08 09:00:00+00:00,-10.19,-3.95,3.808,-5.71,5.505,250.8
2024-03-08 10:00:00+00:00,-10.14,-6.256,-1.823,-9.043,-2.636,326.3
2024-03-08 11:00:00+00:00,-9.14,-1.168,-6.042,-1.689,-8.733,373.7
2024-03-08 12:00:00+00:00,-14.1,4.728,-3.875,6.834,-5.601,389.9
2024-03-08 13:00:00+00:00,-12.37,4.381,2.068,6.332,2.989,373.7
2024-03-08 14:00:00+00:00,-12.03,0.031,5.079,0.044,7.342,326.3
2024-03-08 15:00:00+00:00,-11.18,-3.976,1.784,-5.747,2.579,250.8
2024-03-08 16:00:00+00:00,-10.03,-3.32,-2.855,-4.799,-4.126,152.5
2024-03-08 17:00:00+00:00,-9.79,1.059,-3.75,1.53,-5.421,38.0
2024-03-08 18:00:00+00:00,-9.14,3.943,-0.737,5.699,-1.065,0.0
2024-03-08 19:00:00+00:00,-10.86,2.659,2.908,3.843,4.204,0.0
2024-03-08 20:00:00+00:00,-10.75,-0.954,3.666,-1.379,5.299,0.0
2024-03-08 21:00:00+00:00,-11.49,-4.314,1.563,-6.236,2.259,0.0
2024-03-08 22:00:00+00:00,-10.97,-4.0,-2.702,-5.782,-3.905,0.0
2024-03-08 23:00:00+00:00,-8.79,-0.555,-4.132,-0.802,-5.973,0.0
2024-03-09 00:00:00+00:00,-8.14,2.45,-3.113,3.541,-4.499,0.0
2024-03-09 01:00:00+00:00,-6.18,4.366,-0.621,6.311,-0.898,0.0
2024-03-09 02:00:00+00:00,-1.33,3.207,2.048,4.636,2.96,0.0
2024-03-09 03:00:00+00:00,0.66,1.027,3.569,1.484,5.159,0.0
2024-03-09 04:00:00+00:00,0.18,-1.893,3.848,-2.737,5.561,0.0
2024-03-09 05:00:00+00:00,-3.58,-3.408,1.235,-4.925,1.785,0.0
2024-03-09 06:00:00+00:00,-5.79,-3.809,-1.419,-5.506,-2.051,0.0
2024-03-09 07:00:00+00:00,-6.46,-1.321,-3.228,-1.909,-4.666,44.5
2024-03-09 08:00:00+00:00,-4.2,1.526,-3.7,2.206,-5.348,159.1
2024-03-09 09:00:00+00:00,-6.41,3.014,-1.115,4.357,-1.612,196.5
2024-03-09 10:00:00+00:00,-6.61,2.934,1.109,4.241,1.602,224.9
2024-03-09 11:00:00+00:00,-7.33,1.225,2.82,1.77,4.076,290.1
2024-03-09 12:00:00+00:00,-5.92,-1.539,3.62,-2.225,5.233,354.7
2024-03-09 13:00:00+00:00,-5.04,-4.103,1.324,-5.93,1.914,380.4
2024-03-09 14:00:00+00:00,-5.42,-4.36,-2.368,-6.301,-3.423,332.9
2024-03-09 15:00:00+00:00,-6.43,-0.918,-4.175,-1.327,-6.034,201.4
2024-03-09 16:00:00+00:00,-6.72,2.365,-4.007,3.418,-5.792,66.1
2024-03-09 17:00:00+00:00,-4.01,5.373,-1.607,7.766,-2.322,18.9
2024-03-09 18:00:00+00:00,-4.95,5.987,2.724,8.653,3.937,0.0
2024-03-09 19:00:00+00:00,-4.96,3.476,7.137,5.024,10.317,0.0
2024-03-09 20:00:00+00:00,-4.83,-1.901,7.427,-2.748,10.736,0.0
2024-03-09 21:00:00+00:00,-6.12,-6.995,4.92,-10.111,7.112,0.0
2024-03-09 22:00:00+00:00,-4.25,-7.47,-1.673,-10.797,-2.418,0.0
2024-03-09 23:00:00+00:00,-3.92,-4.184,-6.089,-6.047,-8.801,0.0
2024-03-10 00:00:00+00:00,-3.65,0.944,-5.59,1.365,-8.08,0.0
2024-03-10 01:00:00+00:00,-1.09,5.536,-4.061,8.002,-5.87,0.0
2024-03-10 02:00:00+00:00,0.83,7.499,1.179,10.84,1.704,0.0
2024-03-10 03:00:00+00:00,0.92,5.413,6.221,7.824,8.992,0.0
2024-03-10 04:00:00+00:00,1.78,0.945,8.817,1.366,12.744,0.0
2024-03-10 05:00:00+00:00,1.04,-4.836,8.525,-6.99,12.322,0.0
2024-03-10 06:00:00+00:00,-1.0,-10.255,5.381,-14.823,7.778,0.0
2024-03-10 07:00:00+00:00,1.67,-10.698,-1.012,-15.463,-1.462,20.9
2024-03-10 08:00:00+00:00,-0.19,-10.321,-7.905,-14.918,-11.427,36.4
2024-03-10 09:00:00+00:00,-0.81,-3.489,-9.679,-5.043,-13.99,95.2
2024-03-10 10:00:00+00:00,-2.79,2.783,-10.066,4.022,-14.549,292.7
2024-03-10 11:00:00+00:00,-4.0,5.847,-4.981,8.451,-7.199,314.1
2024-03-10 12:00:00+00:00,-3.9,5.822,-0.536,8.415,-0.775,303.7
2024-03-10 13:00:00+00:00,-7.75,5.767,3.712,8.336,5.366,127.7
2024-03-10 14:00:00+00:00,-8.37,2.207,5.133,3.19,7.42,90.7
2024-03-10 15:00:00+00:00,-11.98,-0.77,8.222,-1.112,11.884,111.7
2024-03-10 16:00:00+00:00,-10.48,-4.851,7.963,-7.011,11.51,70.6
2024-03-10 17:00:00+00:00,-11.19,-7.271,4.814,-10.51,6.958,41.1
2024-03-10 18:00:00+00:00,-10.69,-7.175,1.291,-10.371,1.866,0.0
2024-03-10 19:00:00+00:00,-10.72,-6.761,-1.454,-9.773,-2.101,0.0
2024-03-10 20:00:00+00:00,-10.09,-4.83,-3.473,-6.981,-5.02,0.0
2024-03-10 21:00:00+00:00,-6.19,-2.987,-5.095,-4.318,-7.365,0.0
2024-03-10 22:00:00+00:00,-6.43,-1.244,-7.016,-1.798,-10.141,0.0
2024-03-10 23:00:00+00:00,-6.53,1.16,-6.065,1.677,-8.767,0.0
2024-03-11 00:00:00+00:00,-3.95,2.973,-4.416,4.297,-6.383,0.0
2024-03-11 01:00:00+00:00,-3.4,4.481,-2.456,6.478,-3.55,0.0
2024-03-11 02:00:00+00:00,-3.03,5.001,-0.113,7.229,-0.163,0.0
2024-03-11 03:00:00+00:00,-5.37,4.611,1.791,6.664,2.589,0.0
2024-03-11 04:00:00+00:00,-4.7,4.065,3.799,5.876,5.491,0.0
2024-03-11 05:00:00+00:00,-5.62,1.901,5.231,2.748,7.56,0.0
2024-03-11 06:00:00+00:00,-5.87,-0.72,6.126,-1.041,8.855,0.0
2024-03-11 07:00:00+00:00,-7.41,-4.111,6.48,-5.942,9.367,39.0
2024-03-11 08:00:00+00:00,-6.67,-7.285,4.704,-10.53,6.799,37.9
2024-03-11 09:00:00+00:00,-3.95,-8.378,1.146,-12.11,1.657,59.6
2024-03-11 10:00:00+00:00,-3.58,-8.653,-3.528,-12.507,-5.1,76.2
2024-03-11 11:00:00+00:00,-3.68,-7.059,-9.097,-10.204,-13.149,86.6
2024-03-11 12:00:00+00:00,-6.68,-1.069,-9.315,-1.545,-13.464,90.2
2024-03-11 13:00:00+00:00,-7.89,4.239,-9.682,6.128,-13.995,86.6
2024-03-11 14:00:00+00:00,-9.33,9.046,-6.701,13.076,-9.685,76.2
2024-03-11 15:00:00+00:00,-7.59,7.914,-0.977,11.439,-1.413,59.6
2024-03-11 16:00:00+00:00,-4.9,7.378,2.906,10.665,4.2,37.9
2024-03-11 17:00:00+00:00,-1.47,6.804,7.438,9.835,10.752,12.7
2024-03-11 18:00:00+00:00,-1.19,2.55,8.482,3.685,12.261,0.0
2024-03-11 19:00:00+00:00,-0.52,-1.037,7.463,-1.499,10.787,0.0
2024-03-11 20:00:00+00:00,-2.13,-3.775,6.458,-5.457,9.334,0.0
2024-03-11 21:00:00+00:00,-5.0,-5.112,4.807,-7.389,6.948,0.0
2024-03-11 22:00:00+00:00,-3.85,-6.48,2.923,-9.366,4.225,0.0
2024-03-11 23:00:00+00:00,-6.65,-6.941,-0.105,-10.032,-0.152,0.0
2024-03-12 00:00:00+00:00,-5.47,-4.064,-2.694,-5.874,-3.895,0.0
2024-03-12 01:00:00+00:00,-5.56,-1.981,-4.18,-2.864,-6.043,0.0
2024-03-12 02:00:00+00:00,-5.48,0.19,-4.55,0.275,-6.576,0.0
2024-03-12 03:00:00+00:00,-4.72,1.978,-3.06,2.859,-4.423,0.0
2024-03-12 04:00:00+00:00,-4.54,3.323,-1.76,4.804,-2.544,0.0
2024-03-12 05:00:00+00:00,-8.4,3.599,-0.094,5.202,-0.136,0.0
2024-03-12 06:00:00+00:00,-9.41,4.599,1.899,6.647,2.746,0.0
2024-03-12 07:00:00+00:00,-10.75,4.047,4.29,5.85,6.201,15.1
2024-03-12 08:00:00+00:00,-10.36,1.519,5.005,2.196,7.234,39.3
2024-03-12 09:00:00+00:00,-12.11,-1.281,4.568,-1.851,6.603,61.0
2024-03-12 10:00:00+00:00,-13.68,-3.54,2.921,-5.117,4.223,77.7
2024-03-12 11:00:00+00:00,-11.65,-4.351,0.403,-6.289,0.583,88.1
2024-03-12 12:00:00+00:00,-9.55,-3.539,-1.975,-5.115,-2.855,91.7
2024-03-12 13:00:00+00:00,-10.52,-1.877,-3.675,-2.713,-5.313,178.1
2024-03-12 14:00:00+00:00,-8.53,0.532,-3.304,0.768,-4.776,183.5
2024-03-12 15:00:00+00:00,-9.91,1.946,-2.1,2.813,-3.035,126.8
2024-03-12 16:00:00+00:00,-9.83,2.604,-0.781,3.764,-1.129,39.3
2024-03-12 17:00:00+00:00,-8.38,2.351,0.495,3.399,0.716,14.1
2024-03-12 18:00:00+00:00,-10.27,1.722,1.649,2.489,2.383,0.0
2024-03-12 19:00:00+00:00,-11.76,0.962,2.518,1.39,3.639,0.0
2024-03-12 20:00:00+00:00,-8.72,-0.212,2.97,-0.307,4.292,0.0
2024-03-12 21:00:00+00:00,-9.89,-1.747,3.362,-2.525,4.86,0.0
2024-03-12 22:00:00+00:00,-8.92,-2.751,2.609,-3.976,3.77,0.0
2024-03-12 23:00:00+00:00,-6.35,-3.355,1.168,-4.849,1.688,0.0
2024-03-13 00:00:00+00:00,-6.02,-3.594,-0.396,-5.196,-0.573,0.0
2024-03-13 01:00:00+00:00,-5.22,-3.354,-2.408,-4.848,-3.481,0.0
2024-03-13 02:00:00+00:00,-5.73,-1.825,-3.802,-2.638,-5.496,0.0
2024-03-13 03:00:00+00:00,-4.54,0.564,-5.102,0.815,-7.374,0.0
2024-03-13 04:00:00+00:00,-4.72,2.862,-3.881,4.137,-5.61,0.0
2024-03-13 05:00:00+00:00,-2.45,5.058,-3.116,7.311,-4.504,0.0
2024-03-13 06:00:00+00:00,-3.3,5.409,-0.942,7.819,-1.361,0.0
2024-03-13 07:00:00+00:00,-3.39,5.939,1.699,8.585,2.456,70.6
2024-03-13 08:00:00+00:00,-2.64,4.386,3.782,6.34,5.467,123.1
2024-03-13 09:00:00+00:00,0.12,2.618,4.79,3.784,6.923,146.3
2024-03-13 10:00:00+00:00,2.14,0.859,5.09,1.242,7.358,267.7
2024-03-13 11:00:00+00:00,2.01,-1.481,7.215,-2.141,10.428,334.9
2024-03-13 12:00:00+00:00,3.03,-3.405,5.736,-4.922,8.291,279.5
2024-03-13 13:00:00+00:00,1.08,-6.052,4.41,-8.748,6.374,407.2
2024-03-13 14:00:00+00:00,-0.55,-6.858,1.415,-9.913,2.045,359.6
2024-03-13 15:00:00+00:00,-4.32,-7.624,-1.77,-11.02,-2.558,284.0
2024-03-13 16:00:00+00:00,-4.58,-5.276,-4.158,-7.626,-6.01,185.4
2024-03-13 17:00:00+00:00,-4.2,-2.635,-5.292,-3.808,-7.649,70.6
2024-03-13 18:00:00+00:00,-6.32,-0.065,-5.47,-0.094,-7.906,0.0
2024-03-13 19:00:00+00:00,-5.44,2.298,-5.0,3.322,-7.227,0.0
2024-03-13 20:00:00+00:00,-6.08,4.074,-3.793,5.889,-5.483,0.0
2024-03-13 21:00:00+00:00,-4.64,4.643,-1.826,6.711,-2.639,0.0
2024-03-13 22:00:00+00:00,-1.86,5.955,-0.183,8.608,-0.264,0.0
2024-03-13 23:00:00+00:00,1.63,6.415,1.731,9.272,2.502,0.0
2024-03-14 00:00:00+00:00,3.24,5.846,2.799,8.45,4.046,0.0
2024-03-14 01:00:00+00:00,2.75,6.077,4.152,8.784,6.002,0.0
2024-03-14 02:00:00+00:00,4.63,5.706,6.69,8.247,9.669,0.0
2024-03-14 03:00:00+00:00,2.56,5.181,10.194,7.489,14.734,0.0
2024-03-14 04:00:00+00:00,1.95,2.318,10.775,3.351,15.575,0.0
2024-03-14 05:00:00+00:00,3.02,0.22,8.243,0.318,11.914,0.0
2024-03-14 06:00:00+00:00,1.25,-1.984,8.03,-2.867,11.607,0.0
2024-03-14 07:00:00+00:00,1.0,-3.611,6.424,-5.22,9.285,59.8
2024-03-14 08:00:00+00:00,-1.34,-5.434,6.166,-7.855,8.913,110.9
2024-03-14 09:00:00+00:00,-3.63,-5.266,4.121,-7.612,5.957,242.6
2024-03-14 10:00:00+00:00,-2.09,-5.752,3.057,-8.314,4.418,366.3
2024-03-14 11:00:00+00:00,-1.64,-5.294,1.897,-7.652,2.742,413.9
2024-03-14 12:00:00+00:00,-2.58,-6.825,1.379,-9.865,1.993,430.1
2024-03-14 13:00:00+00:00,-1.7,-7.356,0.341,-10.632,0.493,413.9
2024-03-14 14:00:00+00:00,-3.98,-7.606,-0.916,-10.994,-1.324,366.3
2024-03-14 15:00:00+00:00,-4.29,-6.813,-2.21,-9.848,-3.195,290.7
2024-03-14 16:00:00+00:00,-5.66,-7.193,-4.152,-10.397,-6.001,184.2
2024-03-14 17:00:00+00:00,-5.18,-4.714,-4.5,-6.814,-6.504,56.0
2024-03-14 18:00:00+00:00,-4.1,-3.938,-6.976,-5.692,-10.083,0.0
2024-03-14 19:00:00+00:00,-2.94,-2.576,-7.542,-3.723,-10.902,0.0
2024-03-14 20:00:00+00:00,-1.25,-1.747,-9.616,-2.526,-13.899,0.0
2024-03-14 21:00:00+00:00,0.02,0.025,-8.763,0.036,-12.666,0.0
2024-03-14 22:00:00+00:00,0.32,1.235,-8.873,1.785,-12.825,0.0
2024-03-14 23:00:00+00:00,2.01,3.532,-9.904,5.105,-14.316,0.0
2024-03-15 00:00:00+00:00,3.01,5.123,-7.509,7.405,-10.854,0.0
2024-03-15 01:00:00+00:00,4.95,8.237,-7.416,11.906,-10.719,0.0
2024-03-15 02:00:00+00:00,3.92,7.785,-4.043,11.253,-5.843,0.0
2024-03-15 03:00:00+00:00,2.73,8.333,-1.333,12.045,-1.927,0.0
2024-03-15 04:00:00+00:00,2.49,8.549,1.1,12.357,1.59,0.0
2024-03-15 05:00:00+00:00,4.84,8.749,3.761,12.646,5.437,0.0
2024-03-15 06:00:00+00:00,4.2,6.093,4.813,8.807,6.956,0.0
2024-03-15 07:00:00+00:00,2.92,5.487,6.158,7.932,8.901,61.4
2024-03-15 08:00:00+00:00,3.16,4.377,7.83,6.326,11.318,160.8
2024-03-15 09:00:00+00:00,5.34,2.521,8.169,3.644,11.808,194.4
2024-03-15 10:00:00+00:00,1.5,1.37,6.838,1.98,9.884,228.1
2024-03-15 11:00:00+00:00,-0.22,0.918,6.317,1.327,9.131,272.5
2024-03-15 12:00:00+00:00,-3.67,1.035,6.132,1.496,8.864,96.1
2024-03-15 13:00:00+00:00,-3.57,1.653,5.043,2.39,7.29,143.9
2024-03-15 14:00:00+00:00,-5.78,2.008,4.571,2.903,6.607,82.1
2024-03-15 15:00:00+00:00,-6.8,2.295,3.841,3.317,5.552,110.4
2024-03-15 16:00:00+00:00,-5.74,3.031,4.108,4.381,5.937,43.7
2024-03-15 17:00:00+00:00,-5.53,3.275,4.036,4.734,5.833,45.4
2024-03-15 18:00:00+00:00,-4.33,3.526,4.517,5.096,6.529,0.0
2024-03-15 19:00:00+00:00,-3.65,2.98,4.853,4.308,7.014,0.0
2024-03-15 20:00:00+00:00,-1.33,2.856,5.489,4.129,7.934,0.0
2024-03-15 21:00:00+00:00,-2.64,2.412,5.729,3.486,8.281,0.0
2024-03-15 22:00:00+00:00,-5.1,2.017,5.578,2.915,8.062,0.0
2024-03-15 23:00:00+00:00,-6.59,1.07,4.857,1.546,7.021,0.0
2024-03-16 00:00:00+00:00,-5.65,0.181,5.782,0.261,8.358,0.0
2024-03-16 01:00:00+00:00,-5.81,-0.337,5.926,-0.488,8.565,0.0
2024-03-16 02:00:00+00:00,-5.59,-0.822,4.801,-1.188,6.939,0.0
2024-03-16 03:00:00+00:00,-6.58,-1.11,4.887,-1.605,7.064,0.0
2024-03-16 04:00:00+00:00,-7.24,-1.218,5.143,-1.761,7.433,0.0
2024-03-16 05:00:00+00:00,-8.62,-1.299,4.164,-1.878,6.019,0.0
2024-03-16 06:00:00+00:00,-8.91,-1.651,4.659,-2.387,6.734,0.0
2024-03-16 07:00:00+00:00,-10.13,-2.084,4.229,-3.013,6.112,42.8
2024-03-16 08:00:00+00:00,-11.91,-2.967,3.626,-4.289,5.241,45.2
2024-03-16 09:00:00+00:00,-12.61,-3.55,2.833,-5.131,4.096,66.9
2024-03-16 10:00:00+00:00,-13.95,-3.865,1.98,-5.586,2.863,83.5
2024-03-16 11:00:00+00:00,-14.49,-4.429,1.625,-6.402,2.349,94.0
2024-03-16 12:00:00+00:00,-14.45,-5.828,0.658,-8.424,0.951,97.6
2024-03-16 13:00:00+00:00,-16.38,-5.378,-1.053,-7.774,-1.522,94.0
2024-03-16 14:00:00+00:00,-16.32,-5.572,-3.138,-8.054,-4.536,83.5
2024-03-16 15:00:00+00:00,-15.88,-3.61,-3.284,-5.218,-4.747,81.2
2024-03-16 16:00:00+00:00,-13.43,-2.376,-3.783,-3.435,-5.468,45.2
2024-03-16 17:00:00+00:00,-11.94,-1.337,-4.707,-1.933,-6.803,19.9
2024-03-16 18:00:00+00:00,-12.11,-0.212,-5.595,-0.307,-8.087,0.0
2024-03-16 19:00:00+00:00,-10.99,1.08,-5.254,1.561,-7.594,0.0
2024-03-16 20:00:00+00:00,-8.9,2.282,-4.757,3.298,-6.876,0.0
2024-03-16 21:00:00+00:00,-7.62,3.075,-3.94,4.445,-5.694,0.0
2024-03-16 22:00:00+00:00,-5.59,3.993,-3.291,5.772,-4.757,0.0
2024-03-16 23:00:00+00:00,-5.28,5.892,-3.194,8.516,-4.617,0.0
2024-03-17 00:00:00+00:00,-4.33,6.433,-1.866,9.298,-2.698,0.0
2024-03-17 01:00:00+00:00,-4.04,5.632,-0.272,8.141,-0.393,0.0
2024-03-17 02:00:00+00:00,-3.54,5.76,0.982,8.326,1.419,0.0
2024-03-17 03:00:00+00:00,-6.33,4.356,2.057,6.296,2.973,0.0
2024-03-17 04:00:00+00:00,-7.57,3.859,3.035,5.578,4.387,0.0
2024-03-17 05:00:00+00:00,-11.18,2.963,3.875,4.283,5.601,0.0
2024-03-17 06:00:00+00:00,-11.29,1.501,3.341,2.17,4.829,0.0
2024-03-17 07:00:00+00:00,-11.53,0.518,3.357,0.748,4.852,56.3
2024-03-17 08:00:00+00:00,-12.94,-0.17,3.472,-0.246,5.019,119.6
2024-03-17 09:00:00+00:00,-12.62,-1.017,4.077,-1.47,5.893,68.3
2024-03-17 10:00:00+00:00,-14.85,-1.497,3.49,-2.163,5.045,85.0
2024-03-17 11:00:00+00:00,-14.7,-1.971,2.991,-2.849,4.323,95.5
2024-03-17 12:00:00+00:00,-11.15,-1.913,2.273,-2.765,3.285,99.0
2024-03-17 13:00:00+00:00,-11.76,-2.157,1.763,-3.118,2.548,95.5
2024-03-17 14:00:00+00:00,-7.8,-2.22,1.435,-3.209,2.074,85.0
2024-03-17 15:00:00+00:00,-5.75,-2.332,1.089,-3.371,1.574,131.4
2024-03-17 16:00:00+00:00,-6.75,-2.599,0.791,-3.756,1.143,46.6
2024-03-17 17:00:00+00:00,-7.15,-3.513,0.606,-5.078,0.877,21.3
2024-03-17 18:00:00+00:00,-6.79,-3.685,-0.126,-5.326,-0.183,0.0
2024-03-17 19:00:00+00:00,-3.34,-2.42,-0.588,-3.498,-0.85,0.0
2024-03-17 20:00:00+00:00,-1.7,-2.685,-1.324,-3.88,-1.913,0.0
2024-03-17 21:00:00+00:00,0.31,-2.185,-1.643,-3.158,-2.375,0.0
2024-03-17 22:00:00+00:00,0.13,-1.804,-2.016,-2.608,-2.914,0.0
2024-03-17 23:00:00+00:00,2.0,-1.365,-2.412,-1.973,-3.486,0.0
2024-03-18 00:00:00+00:00,2.2,-0.671,-3.017,-0.97,-4.36,0.0
2024-03-18 01:00:00+00:00,3.23,0.311,-3.7,0.449,-5.348,0.0
2024-03-18 02:00:00+00:00,3.26,1.744,-4.773,2.521,-6.899,0.0
2024-03-18 03:00:00+00:00,-0.57,2.843,-4.663,4.11,-6.741,0.0
2024-03-18 04:00:00+00:00,-3.19,3.815,-4.268,5.514,-6.169,0.0
2024-03-18 05:00:00+00:00,-7.13,4.464,-4.069,6.452,-5.882,0.0
2024-03-18 06:00:00+00:00,-9.3,5.089,-3.731,7.355,-5.393,0.0
2024-03-18 07:00:00+00:00,-9.15,4.8,-2.8,6.938,-4.047,22.8
2024-03-18 08:00:00+00:00,-7.81,5.929,-2.206,8.57,-3.189,48.1
2024-03-18 09:00:00+00:00,-5.1,6.773,-0.807,9.791,-1.166,69.8
2024-03-18 10:00:00+00:00,-3.2,5.206,0.399,7.525,0.577,91.0
2024-03-18 11:00:00+00:00,-3.42,4.923,1.759,7.116,2.543,305.3
2024-03-18 12:00:00+00:00,-5.46,3.568,2.181,5.157,3.152,142.6
2024-03-18 13:00:00+00:00,-4.43,3.095,3.121,4.473,4.511,234.1
2024-03-18 14:00:00+00:00,-6.49,3.125,4.455,4.517,6.439,315.9
2024-03-18 15:00:00+00:00,-2.85,2.117,4.836,3.06,6.99,157.2
2024-03-18 16:00:00+00:00,-4.39,0.723,5.031,1.045,7.272,167.7
2024-03-18 17:00:00+00:00,-6.36,-0.321,5.485,-0.465,7.928,84.0
2024-03-18 18:00:00+00:00,-5.28,-1.04,4.024,-1.503,5.816,0.0
2024-03-18 19:00:00+00:00,-4.26,-1.629,3.241,-2.354,4.685,0.0
2024-03-18 20:00:00+00:00,-2.41,-1.938,2.384,-2.801,3.446,0.0
2024-03-18 21:00:00+00:00,0.26,-2.445,1.792,-3.534,2.591,0.0
2024-03-18 22:00:00+00:00,-1.79,-2.938,1.159,-4.246,1.676,0.0
2024-03-18 23:00:00+00:00,-1.71,-2.962,0.412,-4.282,0.595,0.0
2024-03-19 00:00:00+00:00,-3.64,-2.782,-0.191,-4.021,-0.276,0.0
2024-03-19 01:00:00+00:00,-2.55,-2.813,-0.584,-4.066,-0.845,0.0
2024-03-19 02:00:00+00:00,-2.92,-2.786,-0.93,-4.026,-1.344,0.0
2024-03-19 03:00:00+00:00,-3.68,-2.436,-1.055,-3.52,-1.524,0.0
2024-03-19 04:00:00+00:00,-3.03,-3.192,-1.311,-4.614,-1.895,0.0
2024-03-19 05:00:00+00:00,-1.13,-3.533,-1.46,-5.107,-2.11,0.0
2024-03-19 06:00:00+00:00,-4.27,-3.508,-1.45,-5.071,-2.095,0.0
2024-03-19 07:00:00+00:00,-6.82,-2.589,-1.021,-3.743,-1.476,110.2
2024-03-19 08:00:00+00:00,-5.57,-2.656,-1.075,-3.839,-1.555,225.1
2024-03-19 09:00:00+00:00,-5.59,-2.572,-1.007,-3.717,-1.455,323.9
2024-03-19 10:00:00+00:00,-4.77,-2.538,-1.134,-3.668,-1.639,399.6
2024-03-19 11:00:00+00:00,-6.4,-2.927,-1.427,-4.231,-2.063,447.2
2024-03-19 12:00:00+00:00,-7.18,-2.4,-1.406,-3.47,-2.032,463.5
2024-03-19 13:00:00+00:00,-6.42,-3.253,-1.975,-4.702,-2.855,447.2
2024-03-19 14:00:00+00:00,-7.03,-2.984,-1.796,-4.314,-2.597,399.6
2024-03-19 15:00:00+00:00,-7.3,-2.263,-1.577,-3.27,-2.28,323.9
2024-03-19 16:00:00+00:00,-6.93,-2.28,-1.846,-3.295,-2.668,225.1
2024-03-19 17:00:00+00:00,-4.08,-2.028,-1.72,-2.931,-2.487,110.2
2024-03-19 18:00:00+00:00,-4.04,-2.026,-1.861,-2.929,-2.69,0.0
2024-03-19 19:00:00+00:00,-2.47,-2.153,-2.317,-3.112,-3.349,0.0
2024-03-19 20:00:00+00:00,0.05,-1.998,-2.488,-2.887,-3.597,0.0
2024-03-19 21:00:00+00:00,-1.77,-1.755,-2.843,-2.537,-4.109,0.0
2024-03-19 22:00:00+00:00,-0.75,-1.557,-3.28,-2.251,-4.741,0.0
2024-03-19 23:00:00+00:00,-0.44,-1.445,-2.871,-2.088,-4.149,0.0
2024-03-20 00:00:00+00:00,-2.15,-1.629,-3.384,-2.355,-4.892,0.0
2024-03-20 01:00:00+00:00,-3.54,-1.813,-3.726,-2.621,-5.386,0.0
2024-03-20 02:00:00+00:00,-1.29,-1.619,-3.918,-2.34,-5.663,0.0
2024-03-20 03:00:00+00:00,-0.39,-1.503,-3.611,-2.172,-5.219,0.0
2024-03-20 04:00:00+00:00,-0.49,-1.789,-4.091,-2.586,-5.913,0.0
2024-03-20 05:00:00+00:00,0.72,-2.272,-3.686,-3.284,-5.328,0.0
2024-03-20 06:00:00+00:00,1.97,-3.065,-3.889,-4.43,-5.621,0.0
2024-03-20 07:00:00+00:00,-0.19,-3.139,-3.575,-4.537,-5.168,25.7
2024-03-20 08:00:00+00:00,1.07,-4.671,-4.206,-6.752,-6.079,51.0
2024-03-20 09:00:00+00:00,0.94,-3.802,-2.883,-5.496,-4.168,72.7
2024-03-20 10:00:00+00:00,0.12,-5.224,-3.209,-7.551,-4.639,89.4
2024-03-20 11:00:00+00:00,-0.71,-7.375,-4.384,-10.66,-6.336,99.8
2024-03-20 12:00:00+00:00,-0.82,-7.406,-3.866,-10.705,-5.588,103.4
2024-03-20 13:00:00+00:00,-0.73,-6.267,-3.227,-9.059,-4.664,99.8
2024-03-20 14:00:00+00:00,-0.46,-6.269,-2.848,-9.061,-4.117,89.4
2024-03-20 15:00:00+00:00,-0.62,-6.829,-2.593,-9.872,-3.749,97.1
2024-03-20 16:00:00+00:00,-1.37,-8.329,-2.373,-12.039,-3.431,70.3
2024-03-20 17:00:00+00:00,-3.13,-6.484,-1.593,-9.372,-2.303,105.4
2024-03-20 18:00:00+00:00,-7.38,-6.4,-1.269,-9.25,-1.834,0.0
2024-03-20 19:00:00+00:00,-8.16,-8.766,-0.496,-12.67,-0.716,0.0
2024-03-20 20:00:00+00:00,-7.64,-10.327,0.746,-14.927,1.078,0.0
2024-03-20 21:00:00+00:00,-7.59,-7.513,1.766,-10.859,2.553,0.0
2024-03-20 22:00:00+00:00,-7.47,-10.084,3.492,-14.575,5.048,0.0
2024-03-20 23:00:00+00:00,-4.11,-8.275,4.663,-11.962,6.74,0.0
2024-03-21 00:00:00+00:00,-3.15,-7.097,5.739,-10.258,8.296,0.0
2024-03-21 01:00:00+00:00,-2.61,-7.354,7.565,-10.63,10.935,0.0
2024-03-21 02:00:00+00:00,-1.95,-6.669,8.167,-9.64,11.805,0.0
2024-03-21 03:00:00+00:00,-3.49,-6.827,8.516,-9.868,12.31,0.0
2024-03-21 04:00:00+00:00,-2.98,-5.228,7.228,-7.557,10.448,0.0
2024-03-21 05:00:00+00:00,-4.65,-4.663,7.819,-6.741,11.302,0.0
2024-03-21 06:00:00+00:00,-5.39,-3.654,7.24,-5.282,10.465,0.0
2024-03-21 07:00:00+00:00,-5.88,-2.178,6.406,-3.147,9.26,119.7
2024-03-21 08:00:00+00:00,-7.76,-1.567,7.692,-2.266,11.119,200.8
2024-03-21 09:00:00+00:00,-5.77,-1.49,8.227,-2.154,11.892,337.1
2024-03-21 10:00:00+00:00,-6.6,-1.874,9.382,-2.709,13.56,391.9
2024-03-21 11:00:00+00:00,-2.51,-1.509,9.498,-2.182,13.729,460.4
2024-03-21 12:00:00+00:00,-1.13,-1.272,9.701,-1.838,14.022,476.7
2024-03-21 13:00:00+00:00,-1.4,-0.599,9.138,-0.866,13.208,460.4
2024-03-21 14:00:00+00:00,-4.89,-0.352,9.54,-0.509,13.789,342.5
2024-03-21 15:00:00+00:00,-7.05,-0.064,7.851,-0.093,11.348,337.1
2024-03-21 16:00:00+00:00,-6.48,0.323,7.08,0.467,10.233,238.3
2024-03-21 17:00:00+00:00,-6.43,1.045,7.826,1.51,11.312,123.4
2024-03-21 18:00:00+00:00,-2.6,1.195,5.841,1.727,8.443,0.0
2024-03-21 19:00:00+00:00,-0.81,1.634,6.14,2.362,8.875,0.0
2024-03-21 20:00:00+00:00,1.69,1.815,5.834,2.624,8.433,0.0
2024-03-21 21:00:00+00:00,1.34,2.177,5.334,3.146,7.71,0.0
2024-03-21 22:00:00+00:00,-3.22,3.225,5.551,4.662,8.024,0.0
2024-03-21 23:00:00+00:00,-2.96,4.053,5.23,5.858,7.559,0.0
2024-03-22 00:00:00+00:00,-0.25,5.631,5.49,8.14,7.935,0.0
2024-03-22 01:00:00+00:00,2.18,6.828,3.994,9.87,5.773,0.0
2024-03-22 02:00:00+00:00,1.68,8.689,1.813,12.56,2.62,0.0
2024-03-22 03:00:00+00:00,1.21,8.341,-0.716,12.056,-1.035,0.0
2024-03-22 04:00:00+00:00,-0.72,8.639,-3.936,12.487,-5.69,0.0
2024-03-22 05:00:00+00:00,-1.55,5.833,-5.79,8.431,-8.369,0.0
2024-03-22 06:00:00+00:00,-1.55,4.901,-10.248,7.084,-14.812,1.5
2024-03-22 07:00:00+00:00,-0.33,1.222,-11.35,1.767,-16.406,28.6
2024-03-22 08:00:00+00:00,1.71,-2.797,-9.998,-4.043,-14.452,53.9
2024-03-22 09:00:00+00:00,1.18,-5.305,-7.454,-7.667,-10.775,88.3
2024-03-22 10:00:00+00:00,0.39,-5.052,-3.866,-7.303,-5.588,92.3
2024-03-22 11:00:00+00:00,-0.57,-6.107,-2.117,-8.827,-3.059,102.7
2024-03-22 12:00:00+00:00,-4.6,-5.232,-0.127,-7.562,-0.183,106.3
2024-03-22 13:00:00+00:00,-7.11,-5.929,1.593,-8.569,2.303,102.7
2024-03-22 14:00:00+00:00,-5.89,-5.084,3.545,-7.349,5.124,92.3
2024-03-22 15:00:00+00:00,-6.14,-4.26,6.467,-6.158,9.348,75.6
2024-03-22 16:00:00+00:00,-6.47,-1.374,6.99,-1.986,10.104,53.9
2024-03-22 17:00:00+00:00,-4.62,1.333,7.089,1.927,10.247,45.6
2024-03-22 18:00:00+00:00,-5.44,4.277,6.464,6.182,9.343,1.5
2024-03-22 19:00:00+00:00,-6.07,6.674,3.713,9.647,5.367,0.0
2024-03-22 20:00:00+00:00,-4.8,7.778,-0.128,11.242,-0.185,0.0
2024-03-22 21:00:00+00:00,-4.16,7.249,-4.972,10.479,-7.187,0.0
2024-03-22 22:00:00+00:00,-4.86,3.386,-9.588,4.894,-13.858,0.0
2024-03-22 23:00:00+00:00,-4.91,-3.505,-10.669,-5.066,-15.422,0.0
2024-03-23 00:00:00+00:00,-1.37,-8.981,-6.183,-12.982,-8.938,0.0
2024-03-23 01:00:00+00:00,-0.69,-11.447,0.923,-16.546,1.334,0.0
2024-03-23 02:00:00+00:00,-0.51,-8.118,8.075,-11.733,11.671,0.0
2024-03-23 03:00:00+00:00,-4.15,-1.346,10.54,-1.945,15.235,0.0
2024-03-23 04:00:00+00:00,-3.78,4.219,8.414,6.099,12.162,0.0
2024-03-23 05:00:00+00:00,-2.84,9.134,4.958,13.202,7.167,0.0
2024-03-23 06:00:00+00:00,-1.0,13.869,-1.422,20.047,-2.055,13.2
2024-03-23 07:00:00+00:00,0.5,7.737,-6.921,11.184,-10.004,136.5
2024-03-23 08:00:00+00:00,0.17,2.834,-10.314,4.097,-14.908,251.5
2024-03-23 09:00:00+00:00,0.99,-2.589,-9.392,-3.742,-13.575,350.2
2024-03-23 10:00:00+00:00,-0.97,-5.986,-5.794,-8.652,-8.375,426.0
2024-03-23 11:00:00+00:00,2.21,-7.016,-1.592,-10.142,-2.302,473.6
2024-03-23 12:00:00+00:00,-0.62,-5.871,1.719,-8.486,2.485,489.8
2024-03-23 13:00:00+00:00,-0.57,-5.062,4.664,-7.317,6.741,335.6
2024-03-23 14:00:00+00:00,0.61,-2.126,5.351,-3.073,7.734,257.8
2024-03-23 15:00:00+00:00,1.16,0.859,8.234,1.241,11.902,131.6
2024-03-23 16:00:00+00:00,-1.13,4.967,6.805,7.18,9.837,55.3
2024-03-23 17:00:00+00:00,1.01,9.769,4.136,14.12,5.978,81.4
2024-03-23 18:00:00+00:00,0.9,10.429,-1.779,15.075,-2.571,8.2
2024-03-23 19:00:00+00:00,3.27,8.579,-7.877,12.4,-11.386,0.0
2024-03-23 20:00:00+00:00,4.95,4.247,-12.012,6.138,-17.363,0.0
2024-03-23 21:00:00+00:00,4.2,-0.641,-12.568,-0.927,-18.166,0.0
2024-03-23 22:00:00+00:00,3.75,-4.671,-9.231,-6.751,-13.343,0.0
2024-03-23 23:00:00+00:00,2.68,-8.008,-6.488,-11.575,-9.378,0.0
2024-03-24 00:00:00+00:00,4.33,-10.612,-2.499,-15.339,-3.612,0.0
2024-03-24 01:00:00+00:00,3.39,-8.472,1.433,-12.246,2.072,0.0
2024-03-24 02:00:00+00:00,1.86,-8.566,5.82,-12.381,8.413,0.0
2024-03-24 03:00:00+00:00,2.61,-4.067,6.496,-5.878,9.39,0.0
2024-03-24 04:00:00+00:00,2.38,-0.803,7.832,-1.161,11.321,0.0
2024-03-24 05:00:00+00:00,4.38,2.544,7.848,3.677,11.343,0.0
2024-03-24 06:00:00+00:00,2.12,4.884,5.551,7.06,8.024,5.2
2024-03-24 07:00:00+00:00,-1.93,6.227,2.211,9.001,3.196,91.6
2024-03-24 08:00:00+00:00,-0.9,6.178,-0.962,8.93,-1.39,194.6
2024-03-24 09:00:00+00:00,-5.09,5.057,-3.955,7.31,-5.717,175.8
2024-03-24 10:00:00+00:00,-3.37,2.084,-5.216,3.012,-7.54,321.7
2024-03-24 11:00:00+00:00,-2.62,-1.045,-4.82,-1.511,-6.968,336.5
2024-03-24 12:00:00+00:00,-5.39,-3.344,-3.099,-4.834,-4.479,475.6
2024-03-24 13:00:00+00:00,-5.44,-4.241,-0.759,-6.131,-1.098,480.1
2024-03-24 14:00:00+00:00,-5.18,-4.506,2.25,-6.514,3.253,380.1
2024-03-24 15:00:00+00:00,-5.72,-2.178,2.979,-3.148,4.307,356.8
2024-03-24 16:00:00+00:00,-4.86,-0.629,4.25,-0.909,6.143,258.1
2024-03-24 17:00:00+00:00,-5.45,1.251,3.148,1.808,4.551,135.9
2024-03-24 18:00:00+00:00,-6.51,2.868,2.09,4.146,3.022,19.8
2024-03-24 19:00:00+00:00,-5.29,4.64,0.086,6.707,0.125,0.0
2024-03-24 20:00:00+00:00,-2.37,3.06,-2.144,4.423,-3.099,0.0
2024-03-24 21:00:00+00:00,-1.31,1.116,-3.341,1.613,-4.829,0.0
2024-03-24 22:00:00+00:00,-3.05,-1.02,-3.062,-1.475,-4.426,0.0
2024-03-24 23:00:00+00:00,-4.64,-2.935,-2.244,-4.242,-3.244,0.0
2024-03-25 00:00:00+00:00,-6.61,-3.545,0.051,-5.124,0.073,0.0
2024-03-25 01:00:00+00:00,-6.0,-2.854,2.253,-4.125,3.256,0.0
2024-03-25 02:00:00+00:00,-6.83,-0.921,4.23,-1.331,6.115,0.0
2024-03-25 03:00:00+00:00,-6.25,1.973,4.151,2.851,6.0,0.0
2024-03-25 04:00:00+00:00,-7.6,4.386,2.121,6.34,3.065,0.0
2024-03-25 05:00:00+00:00,-6.37,3.959,-0.722,5.722,-1.044,0.0
2024-03-25 06:00:00+00:00,-7.91,2.866,-3.11,4.143,-4.495,20.7
2024-03-25 07:00:00+00:00,-5.21,0.304,-4.977,0.44,-7.193,94.2
2024-03-25 08:00:00+00:00,-7.53,-2.82,-4.46,-4.076,-6.446,184.7
2024-03-25 09:00:00+00:00,-8.43,-6.539,-1.798,-9.452,-2.599,342.6
2024-03-25 10:00:00+00:00,-9.06,-6.425,2.579,-9.288,3.728,398.2
2024-03-25 11:00:00+00:00,-6.75,-3.647,6.103,-5.272,8.821,395.4
2024-03-25 12:00:00+00:00,-6.67,1.147,7.111,1.658,10.278,367.1
2024-03-25 13:00:00+00:00,-4.93,6.649,5.352,9.61,7.736,395.7
2024-03-25 14:00:00+00:00,-5.19,8.848,-0.462,12.789,-0.668,335.4
2024-03-25 15:00:00+00:00,-8.02,5.568,-5.251,8.048,-7.59,221.5
2024-03-25 16:00:00+00:00,-10.54,1.566,-7.923,2.264,-11.453,58.2
2024-03-25 17:00:00+00:00,-8.3,-2.25,-5.674,-3.253,-8.202,79.4
2024-03-25 18:00:00+00:00,-7.69,-5.431,-4.019,-7.85,-5.809,5.8
2024-03-25 19:00:00+00:00,-4.8,-6.975,-0.002,-10.082,-0.002,0.0
2024-03-25 20:00:00+00:00,-4.49,-5.761,4.213,-8.328,6.089,0.0
2024-03-25 21:00:00+00:00,-1.35,-1.89,6.636,-2.731,9.592,0.0
2024-03-25 22:00:00+00:00,2.35,2.352,5.271,3.399,7.619,0.0
2024-03-25 23:00:00+00:00,1.92,4.684,2.215,6.771,3.201,0.0
2024-03-26 00:00:00+00:00,0.07,5.358,-1.479,7.744,-2.137,0.0
2024-03-26 01:00:00+00:00,1.98,2.526,-4.429,3.651,-6.402,0.0
2024-03-26 02:00:00+00:00,1.41,-1.664,-5.254,-2.405,-7.594,0.0
2024-03-26 03:00:00+00:00,2.41,-4.35,-2.123,-6.287,-3.069,0.0
2024-03-26 04:00:00+00:00,4.45,-3.983,1.618,-5.757,2.339,0.0
2024-03-26 05:00:00+00:00,3.12,-1.51,4.256,-2.183,6.152,0.0
2024-03-26 06:00:00+00:00,2.97,2.343,4.349,3.387,6.287,32.9
2024-03-26 07:00:00+00:00,2.88,4.23,1.296,6.115,1.873,156.2
2024-03-26 08:00:00+00:00,2.06,4.228,-1.866,6.112,-2.698,271.1
2024-03-26 09:00:00+00:00,3.64,2.18,-4.471,3.151,-6.462,369.8
2024-03-26 10:00:00+00:00,4.9,-1.796,-5.638,-2.597,-8.15,445.5
2024-03-26 11:00:00+00:00,3.25,-5.386,-3.06,-7.785,-4.423,493.1
2024-03-26 12:00:00+00:00,3.41,-7.959,1.627,-11.504,2.352,509.3
2024-03-26 13:00:00+00:00,3.19,-4.105,5.268,-5.933,7.614,493.1
2024-03-26 14:00:00+00:00,1.02,-0.159,6.027,-0.23,8.711,445.5
2024-03-26 15:00:00+00:00,0.04,2.689,3.723,3.887,5.382,369.8
2024-03-26 16:00:00+00:00,1.24,4.272,1.486,6.176,2.148,271.1
2024-03-26 17:00:00+00:00,2.35,5.022,-0.859,7.259,-1.241,156.2
2024-03-26 18:00:00+00:00,3.47,3.677,-3.193,5.314,-4.615,32.9
2024-03-26 19:00:00+00:00,2.23,0.901,-3.429,1.303,-4.957,0.0
2024-03-26 20:00:00+00:00,2.83,-1.105,-3.041,-1.597,-4.396,0.0
2024-03-26 21:00:00+00:00,2.43,-3.197,-1.951,-4.621,-2.82,0.0
2024-03-26 22:00:00+00:00,4.88,-4.098,0.631,-5.924,0.912,0.0
2024-03-26 23:00:00+00:00,5.72,-2.723,3.126,-3.937,4.519,0.0
2024-03-27 00:00:00+00:00,4.18,0.086,3.814,0.125,5.514,0.0
2024-03-27 01:00:00+00:00,4.52,2.355,2.38,3.404,3.44,0.0
2024-03-27 02:00:00+00:00,6.09,2.868,0.229,4.145,0.33,0.0
2024-03-27 03:00:00+00:00,5.31,2.587,-1.949,3.74,-2.817,0.0
2024-03-27 04:00:00+00:00,1.77,0.132,-3.346,0.191,-4.836,0.0
2024-03-27 05:00:00+00:00,-0.04,-2.032,-1.683,-2.937,-2.432,0.0
2024-03-27 06:00:00+00:00,-1.02,-2.951,0.983,-4.266,1.421,31.0
2024-03-27 07:00:00+00:00,-1.74,-0.657,2.78,-0.95,4.018,42.2
2024-03-27 08:00:00+00:00,-4.54,2.219,2.524,3.208,3.649,61.1
2024-03-27 09:00:00+00:00,-5.24,3.26,-0.125,4.712,-0.18,82.8
2024-03-27 10:00:00+00:00,-6.18,2.15,-2.931,3.107,-4.237,99.4
2024-03-27 11:00:00+00:00,-7.87,-0.989,-3.21,-1.429,-4.64,109.9
2024-03-27 12:00:00+00:00,-6.26,-3.294,-1.137,-4.761,-1.644,113.5
2024-03-27 13:00:00+00:00,-2.51,-2.836,1.821,-4.099,2.632,109.9
2024-03-27 14:00:00+00:00,-3.04,-0.473,3.69,-0.683,5.333,99.4
2024-03-27 15:00:00+00:00,-1.31,2.77,3.093,4.004,4.471,82.8
2024-03-27 16:00:00+00:00,-0.2,4.69,0.267,6.78,0.386,61.1
2024-03-27 17:00:00+00:00,0.81,3.659,-2.908,5.289,-4.203,35.8
2024-03-27 18:00:00+00:00,0.14,0.986,-4.788,1.425,-6.921,8.7
2024-03-27 19:00:00+00:00,-0.33,-2.943,-5.857,-4.254,-8.465,0.0
2024-03-27 20:00:00+00:00,1.27,-7.36,-3.431,-10.638,-4.959,0.0
2024-03-27 21:00:00+00:00,2.09,-9.85,3.208,-14.238,4.636,0.0
2024-03-27 22:00:00+00:00,3.56,-5.252,7.447,-7.591,10.765,0.0
2024-03-27 23:00:00+00:00,4.07,1.037,9.483,1.499,13.707,0.0
2024-03-28 00:00:00+00:00,6.24,5.378,5.775,7.774,8.347,0.0
2024-03-28 01:00:00+00:00,3.66,8.117,1.662,11.732,2.402,0.0
2024-03-28 02:00:00+00:00,3.52,6.284,-3.086,9.084,-4.46,0.0
2024-03-28 03:00:00+00:00,5.01,3.418,-5.992,4.941,-8.661,0.0
2024-03-28 04:00:00+00:00,3.19,-0.98,-6.909,-1.417,-9.986,0.0
2024-03-28 05:00:00+00:00,3.09,-4.874,-5.403,-7.045,-7.81,0.0
2024-03-28 06:00:00+00:00,3.27,-6.265,-1.29,-9.056,-1.864,22.1
2024-03-28 07:00:00+00:00,-0.83,-5.198,2.655,-7.513,3.838,37.2
2024-03-28 08:00:00+00:00,-1.38,-2.329,5.563,-3.366,8.041,62.5
2024-03-28 09:00:00+00:00,3.12,2.286,5.727,3.304,8.279,84.2
2024-03-28 10:00:00+00:00,2.31,5.488,2.536,7.933,3.666,100.8
2024-03-28 11:00:00+00:00,2.04,5.66,-1.36,8.181,-1.966,111.3
2024-03-28 12:00:00+00:00,1.58,3.605,-4.912,5.21,-7.1,114.9
2024-03-28 13:00:00+00:00,0.34,-0.277,-5.237,-0.401,-7.57,158.9
2024-03-28 14:00:00+00:00,0.52,-4.827,-5.611,-6.977,-8.111,100.8
2024-03-28 15:00:00+00:00,1.85,-7.808,-1.194,-11.285,-1.727,111.1
2024-03-28 16:00:00+00:00,0.62,-6.025,3.686,-8.708,5.328,62.5
2024-03-28 17:00:00+00:00,1.5,-2.143,5.698,-3.098,8.236,49.9
2024-03-28 18:00:00+00:00,4.46,1.65,4.682,2.384,6.768,33.0
2024-03-28 19:00:00+00:00,7.66,3.654,2.03,5.282,2.934,0.0
2024-03-28 20:00:00+00:00,9.77,5.148,-1.348,7.441,-1.949,0.0
2024-03-28 21:00:00+00:00,9.82,3.666,-5.391,5.299,-7.793,0.0
2024-03-28 22:00:00+00:00,8.44,-0.515,-6.743,-0.745,-9.746,0.0
2024-03-28 23:00:00+00:00,6.92,-3.903,-3.637,-5.642,-5.257,0.0
2024-03-29 00:00:00+00:00,8.73,-4.319,0.075,-6.243,0.109,0.0
2024-03-29 01:00:00+00:00,13.67,-2.483,2.548,-3.589,3.683,0.0
2024-03-29 02:00:00+00:00,11.29,-0.108,4.246,-0.157,6.138,0.0
2024-03-29 03:00:00+00:00,11.94,2.772,2.514,4.007,3.634,0.0
2024-03-29 04:00:00+00:00,9.97,4.936,-0.699,7.134,-1.011,0.0
2024-03-29 05:00:00+00:00,8.49,2.023,-3.939,2.924,-5.694,0.0
2024-03-29 06:00:00+00:00,8.62,-1.844,-3.749,-2.665,-5.418,25.4
2024-03-29 07:00:00+00:00,7.81,-4.181,-1.219,-6.043,-1.762,77.5
2024-03-29 08:00:00+00:00,7.36,-4.29,2.416,-6.2,3.492,203.9
2024-03-29 09:00:00+00:00,7.68,-1.369,4.132,-1.979,5.973,237.7
2024-03-29 10:00:00+00:00,4.78,1.424,3.539,2.058,5.115,457.2
2024-03-29 11:00:00+00:00,3.27,3.577,2.614,5.171,3.778,355.9
2024-03-29 12:00:00+00:00,3.11,4.154,0.157,6.004,0.227,292.0
2024-03-29 13:00:00+00:00,1.03,3.222,-2.477,4.657,-3.581,241.5
2024-03-29 14:00:00+00:00,-3.6,0.923,-3.437,1.334,-4.968,128.4
2024-03-29 15:00:00+00:00,-0.47,-1.128,-3.236,-1.63,-4.678,85.6
2024-03-29 16:00:00+00:00,-0.35,-2.656,-2.391,-3.839,-3.456,63.9
2024-03-29 17:00:00+00:00,-1.36,-3.79,-0.792,-5.479,-1.145,38.7
2024-03-29 18:00:00+00:00,-1.99,-3.484,1.045,-5.036,1.51,11.6
2024-03-29 19:00:00+00:00,0.17,-2.611,2.177,-3.774,3.146,0.0
2024-03-29 20:00:00+00:00,2.37,-2.027,3.718,-2.929,5.374,0.0
2024-03-29 21:00:00+00:00,1.52,-0.856,4.362,-1.238,6.306,0.0
2024-03-29 22:00:00+00:00,1.52,0.398,3.89,0.575,5.623,0.0
2024-03-29 23:00:00+00:00,1.72,1.327,3.957,1.919,5.72,0.0
2024-03-30 00:00:00+00:00,-0.46,2.162,4.13,3.126,5.97,0.0
2024-03-30 01:00:00+00:00,-1.05,2.776,4.07,4.012,5.882,0.0
2024-03-30 02:00:00+00:00,-1.04,2.772,3.36,4.007,4.857,0.0
2024-03-30 03:00:00+00:00,-1.23,2.906,2.629,4.201,3.799,0.0
2024-03-30 04:00:00+00:00,-3.24,2.686,1.88,3.883,2.718,0.0
2024-03-30 05:00:00+00:00,-0.85,2.761,1.505,3.991,2.175,0.0
2024-03-30 06:00:00+00:00,-3.97,2.969,1.209,4.292,1.747,59.0
2024-03-30 07:00:00+00:00,-1.86,2.361,0.608,3.413,0.879,182.2
2024-03-30 08:00:00+00:00,-1.7,1.938,0.157,2.802,0.227,296.9
2024-03-30 09:00:00+00:00,-2.12,2.077,-0.259,3.002,-0.374,337.2
2024-03-30 10:00:00+00:00,-2.56,1.883,-0.604,2.722,-0.873,429.9
2024-03-30 11:00:00+00:00,-3.1,1.813,-0.838,2.62,-1.211,518.6
2024-03-30 12:00:00+00:00,-1.93,1.975,-1.189,2.855,-1.718,340.9
2024-03-30 13:00:00+00:00,-2.89,1.782,-1.54,2.576,-2.226,234.8
2024-03-30 14:00:00+00:00,-6.45,1.363,-1.61,1.97,-2.327,103.6
2024-03-30 15:00:00+00:00,-5.26,1.198,-2.235,1.732,-3.231,260.0
2024-03-30 16:00:00+00:00,-8.02,0.851,-3.016,1.23,-4.359,116.4
2024-03-30 17:00:00+00:00,-7.58,-0.067,-3.358,-0.097,-4.854,48.7
2024-03-30 18:00:00+00:00,-6.32,-0.808,-3.189,-1.167,-4.609,13.0
2024-03-30 19:00:00+00:00,-4.8,-1.576,-2.896,-2.279,-4.186,0.0
2024-03-30 20:00:00+00:00,-4.61,-1.863,-1.789,-2.693,-2.585,0.0
2024-03-30 21:00:00+00:00,-5.66,-2.899,-1.392,-4.191,-2.012,0.0
2024-03-30 22:00:00+00:00,-5.72,-3.071,-0.406,-4.439,-0.586,0.0
2024-03-30 23:00:00+00:00,-0.19,-3.445,0.454,-4.98,0.656,0.0
2024-03-31 00:00:00+00:00,0.61,-3.592,1.611,-5.192,2.329,0.0
2024-03-31 01:00:00+00:00,1.97,-2.927,2.786,-4.23,4.027,0.0
2024-03-31 02:00:00+00:00,1.03,-2.273,3.992,-3.285,5.77,0.0
2024-03-31 03:00:00+00:00,-2.16,-1.003,3.651,-1.45,5.278,0.0
2024-03-31 04:00:00+00:00,-1.51,-0.202,4.018,-0.292,5.807,0.0
2024-03-31 05:00:00+00:00,-0.29,0.699,3.872,1.01,5.597,0.0
2024-03-31 06:00:00+00:00,0.47,1.537,2.914,2.221,4.211,14.4
2024-03-31 07:00:00+00:00,0.29,2.443,2.476,3.532,3.578,41.5
2024-03-31 08:00:00+00:00,-0.19,2.641,1.636,3.818,2.364,66.7
2024-03-31 09:00:00+00:00,0.48,2.928,0.822,4.232,1.188,88.4
2024-03-31 10:00:00+00:00,-0.17,3.154,-0.448,4.559,-0.647,145.9
2024-03-31 11:00:00+00:00,-3.09,2.986,-1.844,4.317,-2.665,115.5
2024-03-31 12:00:00+00:00,-2.65,3.158,-4.17,4.564,-6.027,119.0
2024-03-31 13:00:00+00:00,-2.97,1.395,-3.991,2.016,-5.768,115.5
2024-03-31 14:00:00+00:00,-4.02,0.434,-4.72,0.627,-6.822,105.0
2024-03-31 15:00:00+00:00,-5.69,-0.694,-4.765,-1.002,-6.888,88.4
2024-03-31 16:00:00+00:00,-7.59,-1.519,-4.379,-2.196,-6.329,66.7
2024-03-31 17:00:00+00:00,-6.53,-2.335,-4.491,-3.375,-6.492,41.5
2024-03-31 18:00:00+00:00,-4.43,-2.726,-3.921,-3.94,-5.667,14.4
2024-03-31 19:00:00+00:00,-4.59,-3.368,-4.308,-4.868,-6.227,0.0
2024-03-31 20:00:00+00:00,-6.36,-3.853,-4.795,-5.569,-6.931,0.0
2024-03-31 21:00:00+00:00,-7.18,-4.14,-4.976,-5.984,-7.193,0.0
2024-03-31 22:00:00+00:00,-6.52,-3.531,-4.34,-5.104,-6.274,0.0
2024-03-31 23:00:00+00:00,-3.23,-2.72,-3.893,-3.932,-5.627,0.0
2024-04-01 00:00:00+00:00,-2.44,-2.502,-4.576,-3.617,-6.614,0.0
2024-04-01 01:00:00+00:00,-3.86,-1.914,-4.771,-2.767,-6.896,0.0
2024-04-01 02:00:00+00:00,-3.83,-1.782,-6.105,-2.576,-8.825,0.0
2024-04-01 03:00:00+00:00,-5.29,-1.128,-6.148,-1.63,-8.886,0.0
2024-04-01 04:00:00+00:00,-5.26,-1.095,-7.282,-1.583,-10.526,0.0
2024-04-01 05:00:00+00:00,-5.37,-0.892,-8.137,-1.29,-11.761,0.0
2024-04-01 06:00:00+00:00,-5.08,-0.72,-7.219,-1.041,-10.435,15.8
2024-04-01 07:00:00+00:00,-3.44,-0.529,-5.642,-0.764,-8.155,42.9
2024-04-01 08:00:00+00:00,-3.65,-0.91,-5.168,-1.315,-7.471,68.1
2024-04-01 09:00:00+00:00,-4.78,-1.297,-3.748,-1.875,-5.417,89.8
2024-04-01 10:00:00+00:00,-5.95,-2.03,-3.931,-2.934,-5.683,106.4
2024-04-01 11:00:00+00:00,-6.77,-2.464,-3.347,-3.562,-4.837,116.8
2024-04-01 12:00:00+00:00,-8.06,-2.979,-3.006,-4.306,-4.345,120.4
2024-04-01 13:00:00+00:00,-7.99,-3.3,-2.572,-4.77,-3.718,116.8
2024-04-01 14:00:00+00:00,-6.27,-4.239,-2.065,-6.128,-2.986,106.4
2024-04-01 15:00:00+00:00,-7.25,-4.281,-0.575,-6.188,-0.831,89.8
2024-04-01 16:00:00+00:00,-8.48,-4.736,1.063,-6.846,1.537,68.1
2024-04-01 17:00:00+00:00,-6.39,-3.53,2.184,-5.102,3.156,42.9
2024-04-01 18:00:00+00:00,-5.64,-2.832,3.436,-4.093,4.967,15.8
2024-04-01 19:00:00+00:00,-5.08,-1.364,4.949,-1.972,7.154,0.0
2024-04-01 20:00:00+00:00,-6.56,0.746,4.9,1.078,7.083,0.0
2024-04-01 21:00:00+00:00,-5.51,3.279,4.782,4.74,6.912,0.0
2024-04-01 22:00:00+00:00,-5.95,4.997,2.373,7.223,3.43,0.0
2024-04-01 23:00:00+00:00,-6.75,5.423,-0.449,7.839,-0.649,0.0
2024-04-02 00:00:00+00:00,-5.61,4.827,-3.862,6.977,-5.582,0.0
2024-04-02 01:00:00+00:00,-5.34,2.462,-6.569,3.559,-9.496,0.0
2024-04-02 02:00:00+00:00,-4.97,-0.988,-6.574,-1.428,-9.502,0.0
2024-04-02 03:00:00+00:00,-5.79,-3.209,-3.666,-4.638,-5.3,0.0
2024-04-02 04:00:00+00:00,-4.5,-5.561,-1.645,-8.038,-2.377,0.0
2024-04-02 05:00:00+00:00,-6.53,-5.987,2.107,-8.654,3.045,0.0
2024-04-02 06:00:00+00:00,-6.53,-2.735,4.02,-3.953,5.81,17.3
2024-04-02 07:00:00+00:00,-6.24,0.173,5.251,0.251,7.591,44.3
2024-04-02 08:00:00+00:00,-2.67,3.278,4.046,4.739,5.849,69.5
2024-04-02 09:00:00+00:00,-3.34,4.8,1.195,6.938,1.728,136.2
2024-04-02 10:00:00+00:00,-5.62,4.646,-2.205,6.716,-3.187,168.3
2024-04-02 11:00:00+00:00,-3.37,2.823,-5.185,4.081,-7.495,462.9
2024-04-02 12:00:00+00:00,-0.48,-0.507,-4.63,-0.732,-6.692,553.5
2024-04-02 13:00:00+00:00,-0.25,-3.589,-4.344,-5.187,-6.279,537.3
2024-04-02 14:00:00+00:00,-2.71,-5.932,-1.709,-8.574,-2.47,489.8
2024-04-02 15:00:00+00:00,-2.54,-5.876,2.174,-8.493,3.142,414.3
2024-04-02 16:00:00+00:00,-2.87,-3.489,5.437,-5.043,7.859,281.1
2024-04-02 17:00:00+00:00,-2.13,0.168,6.223,0.243,8.996,201.4
2024-04-02 18:00:00+00:00,1.37,3.616,5.828,5.227,8.424,78.4
2024-04-02 19:00:00+00:00,3.17,5.708,3.159,8.25,4.566,0.0
2024-04-02 20:00:00+00:00,2.26,6.127,-0.369,8.857,-0.533,0.0
2024-04-02 21:00:00+00:00,3.79,5.4,-3.587,7.805,-5.184,0.0
2024-04-02 22:00:00+00:00,5.0,2.517,-5.541,3.638,-8.009,0.0
2024-04-02 23:00:00+00:00,6.08,-0.75,-5.721,-1.085,-8.269,0.0
2024-04-03 00:00:00+00:00,5.49,-5.052,-5.389,-7.303,-7.789,0.0
2024-04-03 01:00:00+00:00,2.82,-6.429,-1.432,-9.293,-2.069,0.0
2024-04-03 02:00:00+00:00,0.18,-6.315,2.641,-9.129,3.817,0.0
2024-04-03 03:00:00+00:00,1.35,-3.087,4.808,-4.462,6.95,0.0
2024-04-03 04:00:00+00:00,-0.24,0.463,6.453,0.67,9.328,0.0
2024-04-03 05:00:00+00:00,-0.3,4.861,5.105,7.027,7.379,0.0
2024-04-03 06:00:00+00:00,-0.16,6.62,0.737,9.568,1.066,84.9
2024-04-03 07:00:00+00:00,-0.6,8.175,-4.653,11.817,-6.725,207.7
2024-04-03 08:00:00+00:00,-1.23,4.367,-9.218,6.313,-13.324,322.2
2024-04-03 09:00:00+00:00,-3.29,-1.288,-11.409,-1.861,-16.491,420.5
2024-04-03 10:00:00+00:00,-5.88,-6.827,-8.999,-9.868,-13.007,496.0
2024-04-03 11:00:00+00:00,-5.79,-11.671,-4.275,-16.87,-6.179,543.4
2024-04-03 12:00:00+00:00,-4.11,-12.446,2.08,-17.99,3.007,559.6
2024-04-03 13:00:00+00:00,-5.71,-10.265,7.202,-14.838,10.41,543.4
2024-04-03 14:00:00+00:00,-8.6,-5.528,7.885,-7.991,11.397,496.0
2024-04-03 15:00:00+00:00,-8.89,-3.066,9.285,-4.432,13.42,420.5
2024-04-03 16:00:00+00:00,-6.94,-0.255,8.417,-0.369,12.167,322.2
2024-04-03 17:00:00+00:00,-4.93,2.143,8.75,3.097,12.648,207.7
2024-04-03 18:00:00+00:00,-4.22,5.216,7.922,7.54,11.451,84.9
2024-04-03 19:00:00+00:00,-1.97,7.776,4.946,11.239,7.148,0.0
2024-04-03 20:00:00+00:00,-3.2,9.681,1.302,13.994,1.881,0.0
2024-04-03 21:00:00+00:00,-2.24,8.566,-2.716,12.382,-3.925,0.0
2024-04-03 22:00:00+00:00,1.75,6.995,-7.382,10.111,-10.671,0.0
2024-04-03 23:00:00+00:00,-0.29,3.446,-10.695,4.981,-15.459,0.0
2024-04-04 00:00:00+00:00,-1.21,-1.403,-13.906,-2.028,-20.1,0.0
2024-04-04 01:00:00+00:00,-1.26,-6.895,-10.198,-9.966,-14.741,0.0
2024-04-04 02:00:00+00:00,-0.68,-9.463,-6.138,-13.678,-8.872,0.0
2024-04-04 03:00:00+00:00,-0.9,-9.737,-1.781,-14.074,-2.575,0.0
2024-04-04 04:00:00+00:00,-1.25,-9.639,1.812,-13.933,2.619,0.0
2024-04-04 05:00:00+00:00,-2.67,-7.089,4.767,-10.247,6.89,0.0
2024-04-04 06:00:00+00:00,-5.19,-4.852,9.146,-7.014,13.22,32.7
2024-04-04 07:00:00+00:00,-4.24,0.48,7.18,0.694,10.379,127.4
2024-04-04 08:00:00+00:00,-4.64,5.032,6.003,7.274,8.677,257.3
2024-04-04 09:00:00+00:00,-6.12,8.17,2.415,11.809,3.491,286.9
2024-04-04 10:00:00+00:00,-4.19,7.445,-2.215,10.761,-3.201,211.4
2024-04-04 11:00:00+00:00,-3.03,4.574,-5.71,6.611,-8.254,337.4
2024-04-04 12:00:00+00:00,-3.79,0.534,-7.933,0.772,-11.466,380.0
2024-04-04 13:00:00+00:00,-4.52,-3.679,-6.545,-5.318,-9.46,285.1
2024-04-04 14:00:00+00:00,-2.5,-6.84,-4.042,-9.887,-5.843,480.8
2024-04-04 15:00:00+00:00,-1.57,-6.559,-0.293,-9.481,-0.424,305.7
2024-04-04 16:00:00+00:00,-1.6,-7.234,2.968,-10.457,4.29,253.3
2024-04-04 17:00:00+00:00,-0.4,-4.898,6.305,-7.08,9.113,101.5
2024-04-04 18:00:00+00:00,0.12,-1.674,8.72,-2.42,12.604,91.2
2024-04-04 19:00:00+00:00,-0.92,1.715,7.305,2.479,10.559,0.0
2024-04-04 20:00:00+00:00,-0.67,3.097,3.975,4.477,5.745,0.0
2024-04-04 21:00:00+00:00,0.16,4.965,2.567,7.176,3.71,0.0
2024-04-04 22:00:00+00:00,0.94,6.096,0.226,8.812,0.327,0.0
2024-04-04 23:00:00+00:00,1.1,5.186,-2.328,7.496,-3.365,0.0
2024-04-05 00:00:00+00:00,2.86,4.236,-5.142,6.123,-7.432,0.0
2024-04-05 01:00:00+00:00,3.81,0.628,-8.568,0.908,-12.385,0.0
2024-04-05 02:00:00+00:00,3.91,-4.931,-7.998,-7.128,-11.561,0.0
2024-04-05 03:00:00+00:00,6.42,-6.839,-3.841,-9.885,-5.552,0.0
2024-04-05 04:00:00+00:00,6.52,-7.776,-0.399,-11.24,-0.576,0.0
2024-04-05 05:00:00+00:00,5.86,-5.347,2.49,-7.728,3.599,0.0
2024-04-05 06:00:00+00:00,5.43,-3.447,4.45,-4.982,6.432,78.8
2024-04-05 07:00:00+00:00,6.78,-1.186,4.575,-1.715,6.613,115.7
2024-04-05 08:00:00+00:00,7.73,0.909,5.888,1.313,8.51,196.8
2024-04-05 09:00:00+00:00,6.79,3.368,5.094,4.868,7.363,268.2
2024-04-05 10:00:00+00:00,7.18,4.014,2.629,5.802,3.8,395.7
2024-04-05 11:00:00+00:00,5.41,4.469,0.381,6.46,0.551,555.5
2024-04-05 12:00:00+00:00,6.81,4.494,-1.685,6.496,-2.436,571.7
2024-04-05 13:00:00+00:00,4.79,2.719,-2.559,3.93,-3.699,450.2
2024-04-05 14:00:00+00:00,6.32,1.218,-3.579,1.76,-5.174,383.3
2024-04-05 15:00:00+00:00,9.29,-0.637,-3.614,-0.921,-5.224,202.8
2024-04-05 16:00:00+00:00,7.61,-1.745,-2.14,-2.522,-3.094,155.9
2024-04-05 17:00:00+00:00,8.87,-2.93,-1.001,-4.235,-1.446,122.3
2024-04-05 18:00:00+00:00,11.4,-3.164,0.807,-4.573,1.167,23.5
2024-04-05 19:00:00+00:00,10.07,-1.814,2.092,-2.622,3.023,0.0
2024-04-05 20:00:00+00:00,10.15,-0.249,2.69,-0.359,3.888,0.0
2024-04-05 21:00:00+00:00,10.65,1.412,1.871,2.041,2.705,0.0
2024-04-05 22:00:00+00:00,11.49,2.333,0.569,3.373,0.822,0.0
2024-04-05 23:00:00+00:00,9.63,2.058,-1.269,2.975,-1.834,0.0
2024-04-06 00:00:00+00:00,7.05,0.475,-2.433,0.686,-3.517,0.0
2024-04-06 01:00:00+00:00,4.47,-2.042,-2.461,-2.952,-3.558,0.0
2024-04-06 02:00:00+00:00,5.06,-3.454,-0.273,-4.992,-0.395,0.0
2024-04-06 03:00:00+00:00,1.59,-2.816,2.483,-4.07,3.589,0.0
2024-04-06 04:00:00+00:00,-1.11,-0.64,4.008,-0.925,5.794,0.0
2024-04-06 05:00:00+00:00,-3.01,2.109,3.207,3.048,4.636,0.0
2024-04-06 06:00:00+00:00,-3.47,4.414,1.253,6.38,1.81,103.9
2024-04-06 07:00:00+00:00,-4.51,4.101,-2.069,5.927,-2.99,226.5
2024-04-06 08:00:00+00:00,-4.31,1.267,-4.509,1.832,-6.518,302.9
2024-04-06 09:00:00+00:00,-6.31,-2.462,-4.33,-3.559,-6.259,438.9
2024-04-06 10:00:00+00:00,-3.37,-4.897,-1.01,-7.079,-1.459,514.2
2024-04-06 11:00:00+00:00,-1.54,-4.038,3.249,-5.837,4.697,480.1
2024-04-06 12:00:00+00:00,-3.25,-0.192,4.884,-0.278,7.059,577.7
2024-04-06 13:00:00+00:00,-0.49,3.42,3.345,4.944,4.835,519.9
2024-04-06 14:00:00+00:00,3.04,3.734,-0.561,5.397,-0.811,256.4
2024-04-06 15:00:00+00:00,2.54,1.687,-3.308,2.438,-4.781,286.5
2024-04-06 16:00:00+00:00,4.52,-2.327,-4.076,-3.363,-5.891,89.7
2024-04-06 17:00:00+00:00,6.17,-5.042,-0.403,-7.289,-0.582,139.4
2024-04-06 18:00:00+00:00,5.09,-3.528,4.016,-5.099,5.804,68.2
2024-04-06 19:00:00+00:00,5.1,1.59,5.862,2.299,8.474,0.0
2024-04-06 20:00:00+00:00,6.42,8.077,2.041,11.675,2.95,0.0
2024-04-06 21:00:00+00:00,4.83,5.384,-5.778,7.783,-8.352,0.0
2024-04-06 22:00:00+00:00,4.44,-2.373,-6.483,-3.43,-9.371,0.0
2024-04-06 23:00:00+00:00,3.7,-8.911,-1.11,-12.88,-1.605,0.0
2024-04-07 00:00:00+00:00,5.9,-4.034,7.119,-5.831,10.289,0.0
2024-04-07 01:00:00+00:00,3.83,5.35,6.405,7.733,9.258,0.0
2024-04-07 02:00:00+00:00,2.32,7.641,-2.292,11.045,-3.313,0.0
2024-04-07 03:00:00+00:00,-1.35,0.702,-7.037,1.014,-10.171,0.0
2024-04-07 04:00:00+00:00,-2.8,-6.688,-3.21,-9.667,-4.64,0.0
2024-04-07 05:00:00+00:00,-2.79,-5.65,5.1,-8.166,7.372,0.0
2024-04-07 06:00:00+00:00,-3.85,2.516,6.236,3.637,9.013,105.8
2024-04-07 07:00:00+00:00,-0.15,7.988,-0.119,11.546,-0.172,232.7
2024-04-07 08:00:00+00:00,3.32,2.969,-6.893,4.292,-9.964,221.3
2024-04-07 09:00:00+00:00,1.27,-6.251,-6.195,-9.035,-8.954,208.3
2024-04-07 10:00:00+00:00,0.17,-8.979,3.019,-12.978,4.364,396.5
2024-04-07 11:00:00+00:00,1.36,-1.746,9.105,-2.524,13.161,567.4
2024-04-07 12:00:00+00:00,1.87,5.612,5.288,8.112,7.643,583.6
2024-04-07 13:00:00+00:00,1.96,7.235,-1.72,10.458,-2.487,567.4
2024-04-07 14:00:00+00:00,1.82,2.827,-5.926,4.087,-8.566,520.2
2024-04-07 15:00:00+00:00,4.93,-2.965,-5.396,-4.285,-7.8,444.9
2024-04-07 16:00:00+00:00,4.74,-5.747,-0.221,-8.306,-0.319,346.9
2024-04-07 17:00:00+00:00,2.46,-3.405,5.846,-4.922,8.45,232.7
2024-04-07 18:00:00+00:00,0.02,4.454,6.279,6.438,9.076,109.8
2024-04-07 19:00:00+00:00,1.58,7.886,-1.487,11.399,-2.149,0.0
2024-04-07 20:00:00+00:00,0.87,1.777,-8.294,2.569,-11.988,0.0
2024-04-07 21:00:00+00:00,1.75,-7.435,-5.027,-10.747,-7.267,0.0
2024-04-07 22:00:00+00:00,1.71,-5.633,3.504,-8.142,5.065,0.0
2024-04-07 23:00:00+00:00,2.78,0.882,7.264,1.275,10.499,0.0
2024-04-08 00:00:00+00:00,3.69,6.002,1.923,8.675,2.779,0.0
2024-04-08 01:00:00+00:00,1.55,3.763,-3.938,5.439,-5.692,0.0
2024-04-08 02:00:00+00:00,2.76,-2.228,-5.781,-3.221,-8.356,0.0
2024-04-08 03:00:00+00:00,4.25,-5.055,-0.499,-7.307,-0.721,0.0
2024-04-08 04:00:00+00:00,8.04,-3.328,5.093,-4.811,7.361,0.0
2024-04-08 05:00:00+00:00,6.14,3.648,5.916,5.273,8.551,0.0
2024-04-08 06:00:00+00:00,2.71,5.811,-0.355,8.399,-0.514,60.4
2024-04-08 07:00:00+00:00,3.44,2.372,-5.726,3.429,-8.276,165.2
2024-04-08 08:00:00+00:00,4.42,-3.573,-4.813,-5.165,-6.957,332.8
2024-04-08 09:00:00+00:00,4.13,-5.195,0.152,-7.509,0.22,394.6
2024-04-08 10:00:00+00:00,3.6,-3.031,3.885,-4.381,5.615,369.9
2024-04-08 11:00:00+00:00,2.8,1.005,4.631,1.453,6.694,402.0
2024-04-08 12:00:00+00:00,1.85,3.123,1.711,4.514,2.473,379.0
2024-04-08 13:00:00+00:00,1.1,3.176,-0.952,4.59,-1.376,126.1
2024-04-08 14:00:00+00:00,2.11,2.352,-4.0,3.4,-5.781,115.7
2024-04-08 15:00:00+00:00,0.11,-0.763,-4.29,-1.102,-6.201,99.2
2024-04-08 16:00:00+00:00,2.67,-2.685,-2.453,-3.88,-3.545,77.6
2024-04-08 17:00:00+00:00,4.67,-4.262,-0.42,-6.16,-0.608,52.6
2024-04-08 18:00:00+00:00,5.52,-3.402,2.057,-4.917,2.974,25.6
2024-04-08 19:00:00+00:00,7.73,-1.731,4.03,-2.502,5.825,0.0
2024-04-08 20:00:00+00:00,6.39,0.979,3.755,1.416,5.427,0.0
2024-04-08 21:00:00+00:00,3.06,3.359,2.73,4.856,3.946,0.0
2024-04-08 22:00:00+00:00,4.41,4.713,0.351,6.813,0.508,0.0
2024-04-08 23:00:00+00:00,5.79,4.234,-2.808,6.12,-4.059,0.0
2024-04-09 00:00:00+00:00,7.36,1.781,-5.708,2.574,-8.251,0.0
2024-04-09 01:00:00+00:00,5.9,-2.213,-5.638,-3.199,-8.149,0.0
2024-04-09 02:00:00+00:00,4.2,-4.876,-3.25,-7.047,-4.698,0.0
2024-04-09 03:00:00+00:00,2.47,-4.172,-0.062,-6.03,-0.089,0.0
2024-04-09 04:00:00+00:00,-0.85,-2.586,1.596,-3.738,2.306,0.0
2024-04-09 05:00:00+00:00,-1.06,-1.396,2.466,-2.018,3.564,0.3
2024-04-09 06:00:00+00:00,-2.43,-0.32,3.047,-0.463,4.404,87.3
2024-04-09 07:00:00+00:00,-1.75,0.893,2.766,1.291,3.998,116.6
2024-04-09 08:00:00+00:00,0.26,1.852,2.592,2.677,3.747,102.2
2024-04-09 09:00:00+00:00,0.44,2.794,2.114,4.038,3.056,100.5
2024-04-09 10:00:00+00:00,0.11,3.825,1.217,5.528,1.759,117.0
2024-04-09 11:00:00+00:00,1.04,3.777,-0.391,5.459,-0.565,127.4
2024-04-09 12:00:00+00:00,1.43,3.262,-2.013,4.714,-2.909,131.0
2024-04-09 13:00:00+00:00,1.38,1.965,-3.037,2.84,-4.389,127.4
2024-04-09 14:00:00+00:00,0.84,0.427,-3.6,0.617,-5.203,117.0
2024-04-09 15:00:00+00:00,-2.01,-1.728,-4.951,-2.497,-7.156,100.5
2024-04-09 16:00:00+00:00,-0.24,-4.474,-4.501,-6.467,-6.506,79.0
2024-04-09 17:00:00+00:00,-3.09,-4.904,-2.24,-7.088,-3.237,53.9
2024-04-09 18:00:00+00:00,-2.9,-5.543,-0.166,-8.012,-0.241,27.0
2024-04-09 19:00:00+00:00,-5.28,-4.163,1.873,-6.018,2.707,0.2
2024-04-09 20:00:00+00:00,-2.8,-2.874,3.465,-4.154,5.009,0.0
2024-04-09 21:00:00+00:00,-3.07,-0.695,4.752,-1.004,6.869,0.0
2024-04-09 22:00:00+00:00,-0.38,1.963,4.787,2.837,6.919,0.0
2024-04-09 23:00:00+00:00,0.75,4.377,2.795,6.327,4.04,0.0
2024-04-10 00:00:00+00:00,1.29,5.5,-0.052,7.949,-0.075,0.0
2024-04-10 01:00:00+00:00,4.2,4.935,-2.98,7.134,-4.308,0.0
2024-04-10 02:00:00+00:00,4.49,3.639,-8.052,5.26,-11.638,0.0
2024-04-10 03:00:00+00:00,5.33,-1.604,-7.369,-2.319,-10.651,0.0
2024-04-10 04:00:00+00:00,5.71,-7.971,-6.971,-11.521,-10.076,0.0
2024-04-10 05:00:00+00:00,4.38,-8.048,-0.667,-11.633,-0.963,2.9
2024-04-10 06:00:00+00:00,2.02,-6.755,4.137,-9.764,5.979,122.1
2024-04-10 07:00:00+00:00,-1.85,-2.148,6.545,-3.105,9.46,251.0
2024-04-10 08:00:00+00:00,-2.29,3.172,7.48,4.585,10.812,313.5
2024-04-10 09:00:00+00:00,-2.61,8.463,4.778,12.233,6.907,378.0
2024-04-10 10:00:00+00:00,-2.61,8.542,-1.428,12.347,-2.065,320.7
2024-04-10 11:00:00+00:00,-4.69,7.203,-7.474,10.412,-10.804,310.0
2024-04-10 12:00:00+00:00,-4.36,1.031,-10.659,1.491,-15.408,132.2
2024-04-10 13:00:00+00:00,-2.48,-5.491,-8.112,-7.937,-11.726,167.1
2024-04-10 14:00:00+00:00,-3.2,-9.012,-3.098,-13.027,-4.477,118.3
2024-04-10 15:00:00+00:00,-2.95,-7.645,2.557,-11.05,3.696,101.8
2024-04-10 16:00:00+00:00,-1.12,-3.37,5.059,-4.871,7.312,214.9
2024-04-10 17:00:00+00:00,-1.13,0.135,4.963,0.195,7.174,209.6
2024-04-10 18:00:00+00:00,-1.05,2.829,3.604,4.089,5.209,91.1
2024-04-10 19:00:00+00:00,0.21,5.209,1.257,7.529,1.817,6.6
2024-04-10 20:00:00+00:00,-3.58,5.965,-2.687,8.622,-3.884,0.0
2024-04-10 21:00:00+00:00,-5.02,3.981,-7.452,5.754,-10.771,0.0
2024-04-10 22:00:00+00:00,-4.27,-0.923,-7.528,-1.335,-10.881,0.0
2024-04-10 23:00:00+00:00,-1.99,-6.167,-7.872,-8.915,-11.379,0.0
2024-04-11 00:00:00+00:00,-1.43,-8.077,-3.765,-11.675,-5.443,0.0
2024-04-11 01:00:00+00:00,-2.32,-11.222,0.837,-16.221,1.21,0.0
2024-04-11 02:00:00+00:00,-1.39,-8.335,6.194,-12.048,8.953,0.0
2024-04-11 03:00:00+00:00,-0.86,-3.588,8.253,-5.187,11.929,0.0
2024-04-11 04:00:00+00:00,-1.18,0.165,9.183,0.239,13.273,0.0
2024-04-11 05:00:00+00:00,-2.76,3.927,8.305,5.676,12.005,9.7
2024-04-11 06:00:00+00:00,-2.1,5.534,4.995,7.999,7.22,99.4
2024-04-11 07:00:00+00:00,-1.84,8.315,3.007,12.018,4.347,147.8
2024-04-11 08:00:00+00:00,-4.59,8.859,-0.521,12.805,-0.753,141.0
2024-04-11 09:00:00+00:00,-4.44,8.1,-3.39,11.708,-4.899,207.6
2024-04-11 10:00:00+00:00,-5.96,6.025,-5.709,8.709,-8.252,393.3
2024-04-11 11:00:00+00:00,-6.0,3.397,-7.615,4.911,-11.007,444.1
2024-04-11 12:00:00+00:00,-8.22,-0.434,-8.472,-0.628,-12.246,460.8
2024-04-11 13:00:00+00:00,-6.46,-6.776,-11.544,-9.794,-16.686,401.8
2024-04-11 14:00:00+00:00,-4.69,-12.065,-6.438,-17.439,-9.306,468.4
2024-04-11 15:00:00+00:00,-4.74,-9.175,0.38,-13.262,0.549,341.4
2024-04-11 16:00:00+00:00,-6.11,-8.42,5.195,-12.171,7.509,193.2
2024-04-11 17:00:00+00:00,-7.36,-3.431,6.496,-4.96,9.389,248.9
2024-04-11 18:00:00+00:00,-6.96,0.397,7.996,0.574,11.558,129.9
2024-04-11 19:00:00+00:00,-4.35,3.969,5.842,5.737,8.445,9.3
2024-04-11 20:00:00+00:00,-5.67,7.646,3.704,11.051,5.354,0.0
2024-04-11 21:00:00+00:00,-3.22,8.412,-0.992,12.159,-1.433,0.0
2024-04-11 22:00:00+00:00,0.95,5.563,-5.24,8.041,-7.574,0.0
2024-04-11 23:00:00+00:00,1.93,1.331,-7.474,1.924,-10.803,0.0
2024-04-12 00:00:00+00:00,2.89,-2.688,-6.992,-3.885,-10.107,0.0
2024-04-12 01:00:00+00:00,6.57,-4.546,-3.924,-6.571,-5.672,0.0
2024-04-12 02:00:00+00:00,6.85,-5.147,-1.544,-7.44,-2.232,0.0
2024-04-12 03:00:00+00:00,5.37,-5.223,0.988,-7.55,1.428,0.0
2024-04-12 04:00:00+00:00,4.76,-5.2,3.985,-7.516,5.76,0.0
2024-04-12 05:00:00+00:00,3.55,-2.62,5.516,-3.788,7.973,6.8
2024-04-12 06:00:00+00:00,3.49,-0.142,5.834,-0.206,8.432,118.0
2024-04-12 07:00:00+00:00,0.93,1.881,5.203,2.719,7.521,164.3
2024-04-12 08:00:00+00:00,2.04,3.977,5.091,5.748,7.358,301.5
2024-04-12 09:00:00+00:00,0.57,5.141,2.815,7.431,4.068,263.1
2024-04-12 10:00:00+00:00,0.49,5.23,0.401,7.56,0.58,299.4
2024-04-12 11:00:00+00:00,-0.47,5.624,-1.466,8.129,-2.119,284.3
2024-04-12 12:00:00+00:00,-1.74,5.619,-3.813,8.122,-5.512,333.6
2024-04-12 13:00:00+00:00,-0.97,3.811,-4.425,5.508,-6.396,378.3
2024-04-12 14:00:00+00:00,0.67,2.461,-6.522,3.557,-9.428,262.1
2024-04-12 15:00:00+00:00,1.26,0.059,-5.347,0.086,-7.729,226.7
2024-04-12 16:00:00+00:00,1.62,-1.582,-5.233,-2.287,-7.564,202.2
2024-04-12 17:00:00+00:00,1.71,-3.9,-4.787,-5.638,-6.919,104.9
2024-04-12 18:00:00+00:00,2.04,-5.385,-2.695,-7.784,-3.895,86.6
2024-04-12 19:00:00+00:00,5.13,-7.189,-0.056,-10.392,-0.08,9.8
2024-04-12 20:00:00+00:00,4.87,-5.198,2.957,-7.514,4.274,0.0
2024-04-12 21:00:00+00:00,3.4,-2.708,4.654,-3.915,6.726,0.0
2024-04-12 22:00:00+00:00,3.41,-0.427,5.218,-0.618,7.543,0.0
2024-04-12 23:00:00+00:00,3.14,2.176,6.086,3.145,8.797,0.0
2024-04-13 00:00:00+00:00,4.49,4.254,4.659,6.148,6.735,0.0
2024-04-13 01:00:00+00:00,8.05,5.174,2.074,7.478,2.997,0.0
2024-04-13 02:00:00+00:00,10.28,6.913,0.009,9.993,0.012,0.0
2024-04-13 03:00:00+00:00,9.34,7.097,-2.266,10.258,-3.275,0.0
2024-04-13 04:00:00+00:00,9.03,4.375,-3.542,6.323,-5.119,0.0
2024-04-13 05:00:00+00:00,8.27,2.302,-4.545,3.328,-6.569,25.2
2024-04-13 06:00:00+00:00,9.33,0.666,-5.202,0.962,-7.519,124.7
2024-04-13 07:00:00+00:00,9.34,-1.062,-4.673,-1.535,-6.754,225.7
2024-04-13 08:00:00+00:00,8.92,-2.22,-3.153,-3.209,-4.558,334.6
2024-04-13 09:00:00+00:00,9.46,-4.102,-2.584,-5.929,-3.735,436.6
2024-04-13 10:00:00+00:00,8.13,-4.939,-0.972,-7.139,-1.405,554.8
2024-04-13 11:00:00+00:00,5.86,-5.778,0.76,-8.352,1.099,578.5
2024-04-13 12:00:00+00:00,5.98,-5.249,2.383,-7.587,3.445,617.8
2024-04-13 13:00:00+00:00,6.87,-5.442,5.134,-7.865,7.421,601.8
2024-04-13 14:00:00+00:00,10.15,-3.043,5.614,-4.398,8.115,554.8
2024-04-13 15:00:00+00:00,7.27,-0.754,5.192,-1.09,7.504,479.9
2024-04-13 16:00:00+00:00,4.61,0.92,5.822,1.33,8.415,382.4
2024-04-13 17:00:00+00:00,1.15,3.411,7.215,4.93,10.429,268.9
2024-04-13 18:00:00+00:00,2.66,5.248,6.28,7.585,9.077,147.1
2024-04-13 19:00:00+00:00,-1.08,5.794,4.397,8.375,6.356,25.0
2024-04-13 20:00:00+00:00,0.19,6.396,2.58,9.245,3.729,0.0
2024-04-13 21:00:00+00:00,2.2,7.182,0.403,10.381,0.583,0.0
2024-04-13 22:00:00+00:00,0.48,5.634,-1.583,8.144,-2.288,0.0
2024-04-13 23:00:00+00:00,3.01,5.021,-3.175,7.257,-4.589,0.0
2024-04-14 00:00:00+00:00,3.15,3.442,-4.513,4.975,-6.523,0.0
2024-04-14 01:00:00+00:00,5.11,1.466,-4.711,2.119,-6.809,0.0
2024-04-14 02:00:00+00:00,8.32,-0.408,-4.809,-0.589,-6.951,0.0
2024-04-14 03:00:00+00:00,9.07,-2.022,-3.651,-2.922,-5.277,0.0
2024-04-14 04:00:00+00:00,5.15,-4.411,-2.748,-6.376,-3.972,0.0
2024-04-14 05:00:00+00:00,4.47,-5.06,-0.497,-7.314,-0.718,21.7
2024-04-14 06:00:00+00:00,3.32,-4.942,2.083,-7.144,3.01,65.5
2024-04-14 07:00:00+00:00,3.85,-4.324,5.277,-6.25,7.628,82.2
2024-04-14 08:00:00+00:00,2.14,-1.305,6.412,-1.886,9.268,181.4
2024-04-14 09:00:00+00:00,3.94,1.672,6.806,2.416,9.838,205.7
2024-04-14 10:00:00+00:00,2.61,4.967,5.445,7.18,7.871,340.8
2024-04-14 11:00:00+00:00,4.52,7.333,1.899,10.6,2.744,585.7
2024-04-14 12:00:00+00:00,0.95,6.848,-2.766,9.898,-3.998,571.3
2024-04-14 13:00:00+00:00,-0.03,4.721,-6.68,6.823,-9.656,607.3
2024-04-14 14:00:00+00:00,-0.29,0.996,-7.859,1.439,-11.36,351.4
2024-04-14 15:00:00+00:00,0.04,-2.559,-6.19,-3.699,-8.947,373.3
2024-04-14 16:00:00+00:00,-2.41,-5.324,-4.017,-7.695,-5.806,125.9
2024-04-14 17:00:00+00:00,0.95,-5.734,-1.386,-8.288,-2.003,117.4
2024-04-14 18:00:00+00:00,-1.64,-4.952,0.984,-7.157,1.422,80.7
2024-04-14 19:00:00+00:00,-1.79,-3.989,3.383,-5.765,4.89,18.7
2024-04-14 20:00:00+00:00,-0.31,-2.762,5.161,-3.992,7.461,0.0
2024-04-14 21:00:00+00:00,-0.25,-0.475,6.279,-0.687,9.076,0.0
2024-04-14 22:00:00+00:00,-2.03,1.938,5.253,2.801,7.592,0.0
2024-04-14 23:00:00+00:00,0.56,3.939,4.155,5.694,6.006,0.0
2024-04-15 00:00:00+00:00,1.76,4.513,2.071,6.523,2.994,0.0
2024-04-15 01:00:00+00:00,0.31,4.605,0.651,6.656,0.941,0.0
2024-04-15 02:00:00+00:00,0.74,3.956,-0.559,5.718,-0.808,0.0
2024-04-15 03:00:00+00:00,0.72,3.265,-1.68,4.72,-2.429,0.0
2024-04-15 04:00:00+00:00,-1.01,2.543,-2.883,3.676,-4.167,0.0
2024-04-15 05:00:00+00:00,0.97,1.394,-3.935,2.015,-5.688,22.3
2024-04-15 06:00:00+00:00,2.47,-0.452,-4.036,-0.654,-5.834,35.2
2024-04-15 07:00:00+00:00,2.63,-2.645,-4.216,-3.823,-6.094,224.4
2024-04-15 08:00:00+00:00,0.58,-3.302,-2.554,-4.773,-3.692,331.4
2024-04-15 09:00:00+00:00,-2.17,-3.466,-1.049,-5.01,-1.516,301.8
2024-04-15 10:00:00+00:00,-1.77,-3.964,-0.111,-5.73,-0.16,238.1
2024-04-15 11:00:00+00:00,-0.81,-4.568,1.101,-6.603,1.591,134.8
2024-04-15 12:00:00+00:00,-0.76,-3.962,2.042,-5.727,2.952,214.2
2024-04-15 13:00:00+00:00,0.36,-3.576,3.14,-5.169,4.538,509.6
2024-04-15 14:00:00+00:00,1.53,-3.334,4.356,-4.819,6.296,419.3
2024-04-15 15:00:00+00:00,1.69,-1.873,4.224,-2.708,6.106,351.4
2024-04-15 16:00:00+00:00,0.25,-0.779,4.776,-1.126,6.903,252.1
2024-04-15 17:00:00+00:00,-0.99,0.195,4.404,0.282,6.366,88.8
2024-04-15 18:00:00+00:00,-1.97,0.966,4.815,1.397,6.96,92.9
2024-04-15 19:00:00+00:00,-2.02,1.373,4.262,1.985,6.161,12.4
2024-04-15 20:00:00+00:00,-0.26,1.433,3.698,2.071,5.346,0.0
2024-04-15 21:00:00+00:00,0.14,1.381,3.148,1.996,4.551,0.0
2024-04-15 22:00:00+00:00,1.15,1.243,2.566,1.797,3.708,0.0
2024-04-15 23:00:00+00:00,0.61,1.456,2.656,2.104,3.838,0.0
2024-04-16 00:00:00+00:00,-3.28,2.428,3.142,3.51,4.542,0.0
2024-04-16 01:00:00+00:00,-4.03,2.756,2.609,3.983,3.771,0.0
2024-04-16 02:00:00+00:00,-7.78,2.52,1.26,3.643,1.822,0.0
2024-04-16 03:00:00+00:00,-6.6,2.384,0.233,3.446,0.336,0.0
2024-04-16 04:00:00+00:00,-6.37,1.773,-0.785,2.563,-1.135,0.0
2024-04-16 05:00:00+00:00,-4.83,1.314,-1.697,1.899,-2.453,13.0
2024-04-16 06:00:00+00:00,-2.98,0.444,-1.786,0.641,-2.582,72.2
2024-04-16 07:00:00+00:00,-4.37,-0.331,-1.829,-0.478,-2.644,190.4
2024-04-16 08:00:00+00:00,-0.96,-1.318,-1.566,-1.905,-2.264,384.7
2024-04-16 09:00:00+00:00,0.5,-1.721,-0.556,-2.488,-0.804,496.6
2024-04-16 10:00:00+00:00,3.8,-1.778,0.521,-2.571,0.753,571.2
2024-04-16 11:00:00+00:00,2.46,-1.129,1.442,-1.632,2.084,618.1
2024-04-16 12:00:00+00:00,1.81,0.032,2.022,0.047,2.923,634.1
2024-04-16 13:00:00+00:00,0.88,1.517,1.798,2.192,2.598,405.8
2024-04-16 14:00:00+00:00,2.86,2.914,0.498,4.212,0.719,213.4
2024-04-16 15:00:00+00:00,2.99,2.751,-1.03,3.976,-1.489,336.3
2024-04-16 16:00:00+00:00,3.3,2.059,-2.468,2.976,-3.567,326.4
2024-04-16 17:00:00+00:00,2.21,0.564,-3.453,0.815,-4.992,160.3
2024-04-16 18:00:00+00:00,3.47,-1.224,-2.914,-1.769,-4.212,164.8
2024-04-16 19:00:00+00:00,4.4,-2.539,-1.981,-3.67,-2.863,32.8
2024-04-16 20:00:00+00:00,1.7,-2.804,-0.48,-4.052,-0.694,0.0
2024-04-16 21:00:00+00:00,2.0,-1.865,0.683,-2.696,0.987,0.0
2024-04-16 22:00:00+00:00,0.87,-1.219,1.501,-1.762,2.169,0.0
2024-04-16 23:00:00+00:00,0.17,-0.151,1.698,-0.218,2.454,0.0
2024-04-17 00:00:00+00:00,3.1,1.018,2.017,1.471,2.915,0.0
2024-04-17 01:00:00+00:00,2.54,1.826,1.182,2.639,1.708,0.0
2024-04-17 02:00:00+00:00,2.03,2.284,0.115,3.301,0.167,0.0
2024-04-17 03:00:00+00:00,3.2,2.244,-1.108,3.244,-1.601,0.0
2024-04-17 04:00:00+00:00,2.01,1.481,-2.203,2.141,-3.184,0.0
2024-04-17 05:00:00+00:00,4.36,0.354,-3.2,0.512,-4.625,37.7
2024-04-17 06:00:00+00:00,4.03,-1.184,-2.925,-1.712,-4.228,170.7
2024-04-17 07:00:00+00:00,1.46,-2.333,-2.213,-3.373,-3.199,219.4
2024-04-17 08:00:00+00:00,0.53,-2.734,-0.904,-3.952,-1.307,284.7
2024-04-17 09:00:00+00:00,2.98,-3.56,0.156,-5.146,0.225,236.4
2024-04-17 10:00:00+00:00,2.74,-3.139,1.371,-4.537,1.981,363.8
2024-04-17 11:00:00+00:00,3.81,-2.61,2.75,-3.773,3.975,392.5
2024-04-17 12:00:00+00:00,4.05,-1.304,4.016,-1.885,5.805,639.4
2024-04-17 13:00:00+00:00,6.28,0.761,4.621,1.1,6.679,623.4
2024-04-17 14:00:00+00:00,6.25,2.941,3.929,4.251,5.679,576.6
2024-04-17 15:00:00+00:00,5.49,4.184,2.212,6.048,3.198,326.5
2024-04-17 16:00:00+00:00,2.78,4.999,0.352,7.226,0.509,405.0
2024-04-17 17:00:00+00:00,6.24,4.8,-1.863,6.938,-2.693,292.0
2024-04-17 18:00:00+00:00,8.14,3.545,-3.202,5.124,-4.628,170.7
2024-04-17 19:00:00+00:00,9.85,2.495,-4.648,3.607,-6.718,49.4
2024-04-17 20:00:00+00:00,11.36,0.57,-6.41,0.824,-9.265,0.0
2024-04-17 21:00:00+00:00,12.72,-1.931,-6.135,-2.791,-8.868,0.0
2024-04-17 22:00:00+00:00,12.86,-3.886,-5.121,-5.617,-7.402,0.0
2024-04-17 23:00:00+00:00,10.8,-4.77,-3.218,-6.895,-4.651,0.0
2024-04-18 00:00:00+00:00,13.93,-5.495,-1.44,-7.943,-2.082,0.0
2024-04-18 01:00:00+00:00,14.34,-7.218,0.744,-10.433,1.075,0.0
2024-04-18 02:00:00+00:00,12.42,-5.539,3.638,-8.006,5.259,0.0
2024-04-18 03:00:00+00:00,12.4,-3.055,6.913,-4.416,9.992,0.0
2024-04-18 04:00:00+00:00,12.18,1.002,8.629,1.449,12.472,0.0
2024-04-18 05:00:00+00:00,12.58,4.359,5.686,6.301,8.219,27.4
2024-04-18 06:00:00+00:00,11.58,8.034,4.002,11.612,5.785,134.2
2024-04-18 07:00:00+00:00,12.56,9.768,0.617,14.12,0.892,65.5
2024-04-18 08:00:00+00:00,13.09,8.913,-3.299,12.883,-4.769,90.3
2024-04-18 09:00:00+00:00,9.47,6.979,-6.175,10.088,-8.925,163.2
2024-04-18 10:00:00+00:00,10.1,4.698,-9.087,6.79,-13.135,245.5
2024-04-18 11:00:00+00:00,10.1,0.808,-9.881,1.167,-14.283,544.0
2024-04-18 12:00:00+00:00,8.84,-2.289,-8.431,-3.309,-12.187,603.9
2024-04-18 13:00:00+00:00,6.71,-4.927,-6.198,-7.122,-8.959,628.6
2024-04-18 14:00:00+00:00,6.5,-5.65,-3.022,-8.167,-4.369,581.9
2024-04-18 15:00:00+00:00,4.86,-5.713,-0.614,-8.257,-0.887,507.5
2024-04-18 16:00:00+00:00,3.93,-5.519,1.555,-7.978,2.247,410.5
2024-04-18 17:00:00+00:00,2.77,-3.983,2.815,-5.757,4.069,242.5
2024-04-18 18:00:00+00:00,5.44,-2.202,3.591,-3.183,5.191,176.4
2024-04-18 19:00:00+00:00,4.57,-0.581,4.938,-0.84,7.138,55.3
2024-04-18 20:00:00+00:00,5.91,1.703,5.635,2.461,8.145,0.0
2024-04-18 21:00:00+00:00,8.36,3.747,4.054,5.416,5.86,0.0
2024-04-18 22:00:00+00:00,8.73,5.063,1.782,7.319,2.576,0.0
2024-04-18 23:00:00+00:00,7.75,5.992,-1.172,8.661,-1.694,0.0
2024-04-19 00:00:00+00:00,6.89,5.219,-3.73,7.543,-5.391,0.0
2024-04-19 01:00:00+00:00,3.14,3.633,-5.831,5.252,-8.429,0.0
2024-04-19 02:00:00+00:00,2.93,1.027,-5.651,1.485,-8.169,0.0
2024-04-19 03:00:00+00:00,2.5,-0.968,-5.03,-1.4,-7.271,0.0
2024-04-19 04:00:00+00:00,3.36,-2.89,-4.643,-4.177,-6.711,0.0
2024-04-19 05:00:00+00:00,6.95,-4.485,-3.125,-6.482,-4.517,61.1
2024-04-19 06:00:00+00:00,8.85,-3.872,-0.806,-5.597,-1.165,182.1
2024-04-19 07:00:00+00:00,7.89,-2.915,0.577,-4.214,0.834,303.2
2024-04-19 08:00:00+00:00,7.07,-2.669,1.513,-3.858,2.186,415.9
2024-04-19 09:00:00+00:00,6.23,-2.323,2.491,-3.358,3.6,512.8
2024-04-19 10:00:00+00:00,6.78,-1.096,2.575,-1.584,3.723,587.1
2024-04-19 11:00:00+00:00,6.25,-0.013,3.012,-0.019,4.353,633.8
2024-04-19 12:00:00+00:00,5.21,0.764,2.072,1.104,2.994,622.1
2024-04-19 13:00:00+00:00,5.01,1.524,1.484,2.202,2.145,560.6
2024-04-19 14:00:00+00:00,1.72,1.914,0.571,2.766,0.826,587.1
2024-04-19 15:00:00+00:00,0.42,1.994,-0.465,2.883,-0.673,512.8
2024-04-19 16:00:00+00:00,1.43,1.665,-1.572,2.407,-2.272,415.9
2024-04-19 17:00:00+00:00,4.15,0.594,-2.027,0.858,-2.929,303.2
2024-04-19 18:00:00+00:00,4.31,-0.438,-1.82,-0.633,-2.631,182.1
2024-04-19 19:00:00+00:00,3.24,-1.053,-1.172,-1.522,-1.695,61.1
2024-04-19 20:00:00+00:00,5.33,-1.588,-0.423,-2.296,-0.611,0.0
2024-04-19 21:00:00+00:00,6.96,-1.884,0.619,-2.723,0.895,0.0
2024-04-19 22:00:00+00:00,6.9,-1.266,1.698,-1.83,2.455,0.0
2024-04-19 23:00:00+00:00,6.77,0.065,2.257,0.094,3.263,0.0
2024-04-20 00:00:00+00:00,6.84,1.347,1.774,1.947,2.565,0.0
2024-04-20 01:00:00+00:00,8.09,2.539,0.83,3.67,1.2,0.0
2024-04-20 02:00:00+00:00,5.44,2.555,-0.946,3.693,-1.368,0.0
2024-04-20 03:00:00+00:00,5.46,1.449,-2.204,2.095,-3.185,0.0
2024-04-20 04:00:00+00:00,8.84,-0.04,-3.051,-0.057,-4.41,0.0
2024-04-20 05:00:00+00:00,8.19,-1.914,-3.069,-2.766,-4.436,66.9
2024-04-20 06:00:00+00:00,6.96,-3.46,-2.075,-5.001,-2.999,187.8
2024-04-20 07:00:00+00:00,5.56,-3.961,0.057,-5.725,0.082,308.7
2024-04-20 08:00:00+00:00,5.57,-3.299,2.295,-4.768,3.318,421.3
2024-04-20 09:00:00+00:00,4.03,-0.977,2.871,-1.412,4.15,518.0
2024-04-20 10:00:00+00:00,5.04,1.061,3.026,1.534,4.375,592.2
2024-04-20 11:00:00+00:00,4.65,2.671,1.419,3.861,2.05,522.4
2024-04-20 12:00:00+00:00,5.96,2.979,-0.837,4.306,-1.21,579.9
2024-04-20 13:00:00+00:00,3.73,1.694,-2.55,2.449,-3.685,449.9
2024-04-20 14:00:00+00:00,3.73,-0.341,-3.195,-0.494,-4.619,522.4
2024-04-20 15:00:00+00:00,6.44,-1.826,-1.754,-2.639,-2.535,518.0
2024-04-20 16:00:00+00:00,5.08,-3.076,-0.269,-4.446,-0.388,421.3
2024-04-20 17:00:00+00:00,3.35,-2.724,1.785,-3.938,2.58,308.7
2024-04-20 18:00:00+00:00,3.43,-1.129,2.99,-1.632,4.323,187.8
2024-04-20 19:00:00+00:00,3.21,0.718,3.072,1.038,4.44,66.9
2024-04-20 20:00:00+00:00,3.06,2.759,2.795,3.989,4.04,0.0
2024-04-20 21:00:00+00:00,2.63,3.845,0.913,5.558,1.319,0.0
2024-04-20 22:00:00+00:00,4.49,3.309,-1.01,4.784,-1.46,0.0
2024-04-20 23:00:00+00:00,6.58,2.055,-2.527,2.97,-3.653,0.0
2024-04-21 00:00:00+00:00,3.51,0.401,-3.49,0.58,-5.045,0.0
2024-04-21 01:00:00+00:00,2.93,-1.528,-2.96,-2.208,-4.279,0.0
2024-04-21 02:00:00+00:00,3.96,-3.555,-2.004,-5.138,-2.896,0.0
2024-04-21 03:00:00+00:00,4.85,-4.997,0.496,-7.223,0.717,0.0
2024-04-21 04:00:00+00:00,3.95,-3.946,3.324,-5.704,4.804,0.0
2024-04-21 05:00:00+00:00,1.41,-1.429,3.81,-2.066,5.507,35.7
2024-04-21 06:00:00+00:00,1.0,0.818,4.706,1.182,6.802,122.7
2024-04-21 07:00:00+00:00,-0.47,2.175,2.5,3.144,3.614,133.3
2024-04-21 08:00:00+00:00,-1.97,2.803,1.064,4.051,1.537,93.8
2024-04-21 09:00:00+00:00,-2.76,3.498,-0.209,5.056,-0.302,242.9
2024-04-21 10:00:00+00:00,-3.42,2.807,-1.512,4.057,-2.186,131.4
2024-04-21 11:00:00+00:00,-2.06,1.559,-2.19,2.254,-3.165,141.7
2024-04-21 12:00:00+00:00,-2.75,0.506,-3.065,0.731,-4.43,183.8
2024-04-21 13:00:00+00:00,-0.3,-0.97,-3.102,-1.402,-4.484,447.9
2024-04-21 14:00:00+00:00,1.31,-2.352,-2.42,-3.399,-3.498,464.9
2024-04-21 15:00:00+00:00,4.42,-3.081,-1.363,-4.453,-1.971,523.2
2024-04-21 16:00:00+00:00,5.38,-2.86,-0.064,-4.134,-0.093,426.6
2024-04-21 17:00:00+00:00,4.08,-2.679,1.208,-3.872,1.746,268.8
2024-04-21 18:00:00+00:00,0.82,-2.476,2.497,-3.579,3.61,124.8
2024-04-21 19:00:00+00:00,2.51,-1.283,3.034,-1.855,4.385,32.4
2024-04-21 20:00:00+00:00,6.58,-0.232,2.787,-0.335,4.028,0.0
2024-04-21 21:00:00+00:00,6.1,0.645,2.495,0.932,3.607,0.0
2024-04-21 22:00:00+00:00,6.86,1.746,2.376,2.524,3.435,0.0
2024-04-21 23:00:00+00:00,8.53,2.359,1.538,3.409,2.223,0.0
2024-04-22 00:00:00+00:00,5.67,2.838,0.589,4.102,0.852,0.0
2024-04-22 01:00:00+00:00,5.3,3.179,-0.519,4.595,-0.75,0.0
2024-04-22 02:00:00+00:00,4.5,2.597,-1.734,3.754,-2.507,0.0
2024-04-22 03:00:00+00:00,2.47,1.359,-2.09,1.965,-3.021,0.0
2024-04-22 04:00:00+00:00,2.3,0.521,-2.889,0.753,-4.176,0.0
2024-04-22 05:00:00+00:00,3.17,-0.773,-3.173,-1.117,-4.586,17.2
2024-04-22 06:00:00+00:00,0.12,-2.289,-3.005,-3.309,-4.343,54.6
2024-04-22 07:00:00+00:00,-0.45,-3.573,-2.128,-5.164,-3.076,114.9
2024-04-22 08:00:00+00:00,-2.03,-4.269,-0.856,-6.171,-1.238,263.1
2024-04-22 09:00:00+00:00,-3.47,-3.816,0.088,-5.516,0.127,274.9
2024-04-22 10:00:00+00:00,-5.67,-3.875,0.879,-5.602,1.271,432.7
2024-04-22 11:00:00+00:00,-4.46,-4.673,1.694,-6.754,2.448,400.4
2024-04-22 12:00:00+00:00,-3.59,-3.778,2.472,-5.461,3.573,254.6
2024-04-22 13:00:00+00:00,-2.6,-3.172,3.527,-4.585,5.098,349.8
2024-04-22 14:00:00+00:00,-4.59,-1.786,2.951,-2.581,4.266,263.0
2024-04-22 15:00:00+00:00,-0.91,-1.21,3.606,-1.749,5.213,248.4
2024-04-22 16:00:00+00:00,-1.04,-0.153,3.154,-0.222,4.559,348.7
2024-04-22 17:00:00+00:00,0.82,0.493,3.231,0.713,4.67,219.6
2024-04-22 18:00:00+00:00,3.41,1.188,3.24,1.717,4.683,138.1
2024-04-22 19:00:00+00:00,8.57,1.786,2.605,2.582,3.765,58.1
2024-04-22 20:00:00+00:00,11.42,2.592,2.094,3.747,3.027,0.0
2024-04-22 21:00:00+00:00,13.05,3.291,1.563,4.756,2.259,0.0
2024-04-22 22:00:00+00:00,14.0,3.72,0.792,5.377,1.145,0.0
2024-04-22 23:00:00+00:00,13.51,3.896,-0.087,5.631,-0.126,0.0
2024-04-23 00:00:00+00:00,16.4,3.403,-1.186,4.919,-1.714,0.0
2024-04-23 01:00:00+00:00,16.03,2.728,-2.31,3.943,-3.338,0.0
2024-04-23 02:00:00+00:00,14.66,1.508,-2.421,2.18,-3.5,0.0
2024-04-23 03:00:00+00:00,15.81,0.779,-2.889,1.126,-4.175,0.0
2024-04-23 04:00:00+00:00,14.22,-0.053,-2.997,-0.076,-4.332,0.0
2024-04-23 05:00:00+00:00,12.54,-0.904,-2.987,-1.307,-4.318,40.6
2024-04-23 06:00:00+00:00,13.97,-2.039,-3.188,-2.948,-4.609,203.8
2024-04-23 07:00:00+00:00,12.01,-2.728,-2.437,-3.943,-3.522,227.8
2024-04-23 08:00:00+00:00,9.45,-3.528,-1.683,-5.1,-2.433,386.8
2024-04-23 09:00:00+00:00,9.16,-4.026,-0.62,-5.82,-0.897,513.7
2024-04-23 10:00:00+00:00,7.29,-5.248,0.726,-7.585,1.05,527.2
2024-04-23 11:00:00+00:00,8.88,-4.755,1.553,-6.874,2.245,424.3
2024-04-23 12:00:00+00:00,8.0,-6.0,3.256,-8.672,4.707,192.9
2024-04-23 13:00:00+00:00,10.18,-4.817,4.436,-6.962,6.411,342.6
2024-04-23 14:00:00+00:00,7.91,-3.422,6.43,-4.946,9.294,382.4
2024-04-23 15:00:00+00:00,7.93,-1.307,7.714,-1.889,11.15,239.0
2024-04-23 16:00:00+00:00,9.14,1.263,5.867,1.826,8.481,231.3
2024-04-23 17:00:00+00:00,8.46,3.266,5.751,4.721,8.312,170.8
2024-04-23 18:00:00+00:00,8.57,5.145,4.307,7.437,6.226,118.2
2024-04-23 19:00:00+00:00,9.68,7.153,2.622,10.34,3.79,37.2
2024-04-23 20:00:00+00:00,9.15,6.866,-0.13,9.924,-0.188,0.0
2024-04-23 21:00:00+00:00,9.59,5.926,-2.988,8.565,-4.319,0.0
2024-04-23 22:00:00+00:00,9.13,4.769,-6.248,6.894,-9.031,0.0
2024-04-23 23:00:00+00:00,10.14,2.022,-7.486,2.923,-10.821,0.0
2024-04-24 00:00:00+00:00,9.13,-0.259,-6.648,-0.374,-9.609,0.0
2024-04-24 01:00:00+00:00,7.72,-1.807,-6.454,-2.612,-9.33,0.0
2024-04-24 02:00:00+00:00,8.33,-3.47,-6.923,-5.016,-10.006,0.0
2024-04-24 03:00:00+00:00,11.11,-3.634,-5.3,-5.253,-7.661,0.0
2024-04-24 04:00:00+00:00,11.6,-3.377,-4.293,-4.881,-6.205,0.0
2024-04-24 05:00:00+00:00,10.34,-3.578,-4.015,-5.171,-5.803,19.7
2024-04-24 06:00:00+00:00,10.07,-3.76,-3.994,-5.435,-5.773,46.1
2024-04-24 07:00:00+00:00,4.56,-3.982,-4.23,-5.756,-6.114,72.6
2024-04-24 08:00:00+00:00,5.44,-4.06,-4.529,-5.869,-6.546,97.2
2024-04-24 09:00:00+00:00,6.11,-3.771,-4.057,-5.451,-5.864,118.4
2024-04-24 10:00:00+00:00,5.26,-4.215,-4.923,-6.093,-7.117,134.7
2024-04-24 11:00:00+00:00,3.94,-3.745,-5.074,-5.413,-7.335,144.9
2024-04-24 12:00:00+00:00,7.4,-2.952,-5.633,-4.268,-8.143,326.4
2024-04-24 13:00:00+00:00,5.12,-1.303,-5.199,-1.884,-7.515,391.9
2024-04-24 14:00:00+00:00,3.36,-0.041,-4.771,-0.059,-6.897,260.6
2024-04-24 15:00:00+00:00,3.64,1.827,-5.421,2.64,-7.835,118.6
2024-04-24 16:00:00+00:00,4.97,3.583,-4.252,5.18,-6.146,243.9
2024-04-24 17:00:00+00:00,5.42,5.845,-2.927,8.449,-4.231,192.6
2024-04-24 18:00:00+00:00,6.75,6.444,-0.136,9.314,-0.197,46.1
2024-04-24 19:00:00+00:00,8.18,5.897,2.317,8.524,3.349,47.5
2024-04-24 20:00:00+00:00,7.68,4.601,4.385,6.65,6.338,0.0
2024-04-24 21:00:00+00:00,8.59,2.506,7.041,3.623,10.177,0.0
2024-04-24 22:00:00+00:00,9.48,-1.13,7.432,-1.634,10.743,0.0
2024-04-24 23:00:00+00:00,11.29,-5.108,7.176,-7.384,10.373,0.0
2024-04-25 00:00:00+00:00,10.21,-7.496,4.325,-10.835,6.251,0.0
2024-04-25 01:00:00+00:00,10.97,-9.772,-0.276,-14.125,-0.399,0.0
2024-04-25 02:00:00+00:00,11.32,-8.378,-5.173,-12.111,-7.478,0.0
2024-04-25 03:00:00+00:00,10.87,-3.672,-6.85,-5.308,-9.902,0.0
2024-04-25 04:00:00+00:00,9.17,0.32,-6.295,0.462,-9.099,0.0
2024-04-25 05:00:00+00:00,8.97,2.923,-4.704,4.225,-6.8,20.9
2024-04-25 06:00:00+00:00,6.65,4.408,-2.071,6.371,-2.993,47.3
2024-04-25 07:00:00+00:00,6.66,4.986,0.382,7.208,0.552,73.7
2024-04-25 08:00:00+00:00,3.54,4.352,2.832,6.291,4.093,111.5
2024-04-25 09:00:00+00:00,2.21,2.138,4.296,3.09,6.21,119.5
2024-04-25 10:00:00+00:00,3.54,-0.205,4.888,-0.296,7.065,375.8
2024-04-25 11:00:00+00:00,5.09,-2.405,4.081,-3.476,5.899,588.8
2024-04-25 12:00:00+00:00,5.05,-3.955,2.522,-5.717,3.645,679.0
2024-04-25 13:00:00+00:00,4.17,-4.272,0.506,-6.176,0.731,663.2
2024-04-25 14:00:00+00:00,4.17,-2.987,-0.782,-4.317,-1.13,616.8
2024-04-25 15:00:00+00:00,2.39,-2.67,-1.935,-3.859,-2.798,543.1
2024-04-25 16:00:00+00:00,4.37,-1.486,-2.452,-2.148,-3.544,447.0
2024-04-25 17:00:00+00:00,2.88,-0.47,-3.11,-0.68,-4.495,335.1
2024-04-25 18:00:00+00:00,3.4,0.595,-3.834,0.861,-5.542,215.1
2024-04-25 19:00:00+00:00,3.69,1.916,-3.423,2.769,-4.948,95.0
2024-04-25 20:00:00+00:00,5.64,2.872,-2.489,4.151,-3.597,0.0
2024-04-25 21:00:00+00:00,5.74,3.49,-1.284,5.045,-1.855,0.0
2024-04-25 22:00:00+00:00,8.07,3.409,0.054,4.927,0.079,0.0
2024-04-25 23:00:00+00:00,7.88,3.532,1.477,5.106,2.135,0.0
2024-04-26 00:00:00+00:00,7.55,2.866,2.696,4.143,3.897,0.0
2024-04-26 01:00:00+00:00,7.87,1.583,2.835,2.288,4.099,0.0
2024-04-26 02:00:00+00:00,8.92,0.755,3.585,1.092,5.182,0.0
2024-04-26 03:00:00+00:00,10.84,-0.208,4.487,-0.3,6.485,0.0
2024-04-26 04:00:00+00:00,10.75,-1.834,5.818,-2.652,8.41,0.0
2024-04-26 05:00:00+00:00,12.7,-2.312,4.089,-3.341,5.911,100.4
2024-04-26 06:00:00+00:00,10.47,-2.928,3.309,-4.232,4.783,220.3
2024-04-26 07:00:00+00:00,8.87,-2.831,2.094,-4.093,3.027,340.2
2024-04-26 08:00:00+00:00,5.53,-4.217,1.262,-6.095,1.825,411.5
2024-04-26 09:00:00+00:00,4.56,-5.116,-0.374,-7.395,-0.541,399.8
2024-04-26 10:00:00+00:00,1.26,-4.045,-1.714,-5.846,-2.477,460.8
2024-04-26 11:00:00+00:00,2.68,-3.4,-3.148,-4.915,-4.551,667.8
2024-04-26 12:00:00+00:00,4.99,-2.385,-5.005,-3.447,-7.234,683.6
2024-04-26 13:00:00+00:00,4.93,-0.524,-5.646,-0.758,-8.161,667.8
2024-04-26 14:00:00+00:00,6.17,1.828,-5.846,2.642,-8.45,621.5
2024-04-26 15:00:00+00:00,6.82,4.457,-4.984,6.442,-7.204,547.9
2024-04-26 16:00:00+00:00,6.09,8.468,-3.472,12.24,-5.019,437.7
2024-04-26 17:00:00+00:00,6.71,8.102,1.01,11.712,1.46,235.8
2024-04-26 18:00:00+00:00,4.95,7.05,5.491,10.191,7.937,48.5
2024-04-26 19:00:00+00:00,6.48,2.99,7.193,4.322,10.397,22.1
2024-04-26 20:00:00+00:00,8.66,-0.695,7.445,-1.005,10.761,0.0
2024-04-26 21:00:00+00:00,6.57,-4.043,5.941,-5.843,8.587,0.0
2024-04-26 22:00:00+00:00,7.22,-5.274,2.931,-7.623,4.236,0.0
2024-04-26 23:00:00+00:00,7.3,-6.131,0.728,-8.862,1.052,0.0
2024-04-27 00:00:00+00:00,7.72,-6.431,-1.812,-9.295,-2.619,0.0
2024-04-27 01:00:00+00:00,7.42,-5.744,-4.292,-8.303,-6.204,0.0
2024-04-27 02:00:00+00:00,6.12,-3.852,-5.903,-5.568,-8.533,0.0
2024-04-27 03:00:00+00:00,6.06,-2.829,-8.182,-4.09,-11.826,0.0
2024-04-27 04:00:00+00:00,8.82,-0.691,-6.913,-0.998,-9.992,0.0
2024-04-27 05:00:00+00:00,6.78,0.869,-6.715,1.256,-9.707,23.3
2024-04-27 06:00:00+00:00,5.45,2.562,-7.385,3.703,-10.674,49.6
2024-04-27 07:00:00+00:00,7.0,3.407,-6.708,4.925,-9.696,75.9
2024-04-27 08:00:00+00:00,5.81,3.587,-5.825,5.185,-8.42,100.5
2024-04-27 09:00:00+00:00,6.15,3.609,-4.183,5.217,-6.046,256.0
2024-04-27 10:00:00+00:00,4.33,4.516,-4.033,6.528,-5.83,397.1
2024-04-27 11:00:00+00:00,3.45,4.64,-2.611,6.707,-3.774,333.1
2024-04-27 12:00:00+00:00,4.62,5.061,-1.349,7.315,-1.95,258.3
2024-04-27 13:00:00+00:00,4.32,5.576,0.265,8.06,0.384,457.0
2024-04-27 14:00:00+00:00,2.08,5.608,1.804,8.106,2.608,552.2
2024-04-27 15:00:00+00:00,4.33,4.845,3.245,7.003,4.69,552.6
2024-04-27 16:00:00+00:00,3.94,3.97,5.253,5.738,7.593,178.4
2024-04-27 17:00:00+00:00,5.98,2.797,7.43,4.043,10.74,285.2
2024-04-27 18:00:00+00:00,4.97,1.102,10.251,1.593,14.818,225.5
2024-04-27 19:00:00+00:00,6.38,-1.409,7.708,-2.037,11.142,105.7
2024-04-27 20:00:00+00:00,6.62,-2.816,6.377,-4.071,9.218,0.0
2024-04-27 21:00:00+00:00,9.61,-4.004,4.835,-5.788,6.989,0.0
2024-04-27 22:00:00+00:00,8.92,-5.503,4.057,-7.955,5.865,0.0
2024-04-27 23:00:00+00:00,9.49,-7.104,2.524,-10.268,3.649,0.0
2024-04-28 00:00:00+00:00,9.3,-7.19,0.466,-10.393,0.674,0.0
2024-04-28 01:00:00+00:00,8.03,-7.671,-1.389,-11.089,-2.007,0.0
2024-04-28 02:00:00+00:00,6.47,-5.74,-2.383,-8.297,-3.445,0.0
2024-04-28 03:00:00+00:00,4.71,-4.917,-3.647,-7.108,-5.271,0.0
2024-04-28 04:00:00+00:00,6.36,-4.558,-4.889,-6.588,-7.067,0.0
2024-04-28 05:00:00+00:00,7.98,-3.572,-5.393,-5.163,-7.795,24.4
2024-04-28 06:00:00+00:00,9.88,-2.857,-6.676,-4.13,-9.65,50.7
2024-04-28 07:00:00+00:00,9.06,-1.564,-8.941,-2.261,-12.924,77.0
2024-04-28 08:00:00+00:00,9.43,0.367,-6.474,0.53,-9.358,155.7
2024-04-28 09:00:00+00:00,10.2,1.581,-6.322,2.285,-9.138,290.4
2024-04-28 10:00:00+00:00,9.96,2.682,-5.513,3.876,-7.969,367.0
2024-04-28 11:00:00+00:00,9.8,3.696,-5.0,5.342,-7.227,676.8
2024-04-28 12:00:00+00:00,7.83,5.12,-4.756,7.401,-6.875,377.7
2024-04-28 13:00:00+00:00,9.48,4.695,-3.141,6.786,-4.54,573.1
2024-04-28 14:00:00+00:00,6.51,5.158,-2.616,7.456,-3.781,422.4
2024-04-28 15:00:00+00:00,6.95,4.366,-1.928,6.31,-2.786,249.7
2024-04-28 16:00:00+00:00,5.47,4.425,-1.781,6.396,-2.575,275.6
2024-04-28 17:00:00+00:00,7.98,4.539,-1.399,6.561,-2.022,252.2
2024-04-28 18:00:00+00:00,7.84,3.662,-0.669,5.293,-0.967,153.2
2024-04-28 19:00:00+00:00,6.55,3.116,-0.271,4.505,-0.392,55.6
2024-04-28 20:00:00+00:00,8.75,4.108,-0.021,5.939,-0.031,0.0
2024-04-28 21:00:00+00:00,8.08,4.251,0.371,6.144,0.537,0.0
2024-04-28 22:00:00+00:00,10.87,4.011,0.726,5.798,1.05,0.0
2024-04-28 23:00:00+00:00,13.91,4.24,1.096,6.129,1.584,0.0
2024-04-29 00:00:00+00:00,9.58,3.835,1.505,5.543,2.175,0.0
2024-04-29 01:00:00+00:00,8.61,4.08,1.911,5.897,2.762,0.0
2024-04-29 02:00:00+00:00,8.76,5.062,2.684,7.317,3.879,0.0
2024-04-29 03:00:00+00:00,8.79,3.747,2.151,5.416,3.109,0.0
2024-04-29 04:00:00+00:00,7.06,4.13,2.792,5.97,4.035,2.6
2024-04-29 05:00:00+00:00,6.24,3.648,2.827,5.273,4.087,26.0
2024-04-29 06:00:00+00:00,5.17,3.774,3.218,5.455,4.651,90.7
2024-04-29 07:00:00+00:00,6.67,3.838,3.683,5.548,5.324,78.1
2024-04-29 08:00:00+00:00,6.23,3.749,3.827,5.419,5.532,102.6
2024-04-29 09:00:00+00:00,6.24,3.921,4.075,5.668,5.89,181.2
2024-04-29 10:00:00+00:00,6.38,4.263,4.536,6.162,6.557,139.7
2024-04-29 11:00:00+00:00,5.49,5.645,5.851,8.159,8.457,149.9
2024-04-29 12:00:00+00:00,5.3,4.588,5.465,6.631,7.9,153.3
2024-04-29 13:00:00+00:00,5.94,5.05,7.651,7.3,11.059,149.9
2024-04-29 14:00:00+00:00,6.74,4.959,10.274,7.168,14.85,139.7
2024-04-29 15:00:00+00:00,6.61,2.976,8.505,4.302,12.294,123.6
2024-04-29 16:00:00+00:00,6.65,1.953,7.706,2.823,11.138,102.6
2024-04-29 17:00:00+00:00,2.62,1.195,8.455,1.728,12.221,78.1
2024-04-29 18:00:00+00:00,4.24,0.394,8.461,0.569,12.229,51.8
2024-04-29 19:00:00+00:00,5.13,-0.357,11.177,-0.516,16.156,25.6
2024-04-29 20:00:00+00:00,4.71,-1.364,9.142,-1.972,13.214,1.1
2024-04-29 21:00:00+00:00,8.18,-2.739,8.726,-3.959,12.613,0.0
2024-04-29 22:00:00+00:00,13.0,-4.497,9.228,-6.5,13.338,0.0
2024-04-29 23:00:00+00:00,9.47,-6.32,9.335,-9.135,13.493,0.0
2024-04-30 00:00:00+00:00,10.01,-6.589,6.687,-9.524,9.666,0.0
2024-04-30 01:00:00+00:00,11.99,-8.688,6.08,-12.558,8.789,0.0
2024-04-30 02:00:00+00:00,12.97,-9.46,4.214,-13.674,6.091,0.0
2024-04-30 03:00:00+00:00,12.21,-7.343,1.129,-10.614,1.632,0.0
2024-04-30 04:00:00+00:00,12.44,-8.058,-0.846,-11.648,-1.223,4.2
2024-04-30 05:00:00+00:00,11.26,-7.587,-2.598,-10.967,-3.755,26.7
2024-04-30 06:00:00+00:00,10.57,-7.249,-4.067,-10.478,-5.878,88.9
2024-04-30 07:00:00+00:00,7.67,-7.287,-6.545,-10.533,-9.46,109.3
2024-04-30 08:00:00+00:00,7.35,-5.199,-7.645,-7.514,-11.051,192.9
2024-04-30 09:00:00+00:00,3.33,-3.58,-8.82,-5.175,-12.748,310.5
2024-04-30 10:00:00+00:00,1.07,-2.006,-9.514,-2.899,-13.752,179.5
2024-04-30 11:00:00+00:00,1.22,-0.798,-8.308,-1.153,-12.009,278.8
2024-04-30 12:00:00+00:00,-0.07,0.38,-8.72,0.55,-12.604,212.0
2024-04-30 13:00:00+00:00,-0.11,1.779,-7.701,2.571,-11.131,566.3
2024-04-30 14:00:00+00:00,1.99,3.08,-6.898,4.452,-9.971,513.1
2024-04-30 15:00:00+00:00,1.03,4.045,-6.287,5.846,-9.087,396.5
2024-04-30 16:00:00+00:00,2.99,4.661,-5.264,6.738,-7.608,103.6
2024-04-30 17:00:00+00:00,3.83,5.132,-4.63,7.418,-6.693,102.5
2024-04-30 18:00:00+00:00,7.62,4.589,-3.675,6.633,-5.312,52.9
2024-04-30 19:00:00+00:00,8.35,4.465,-3.793,6.454,-5.483,26.7
2024-04-30 20:00:00+00:00,7.97,4.232,-4.145,6.117,-5.991,2.3
2024-04-30 21:00:00+00:00,9.25,4.725,-5.964,6.83,-8.62,0.0
2024-04-30 22:00:00+00:00,9.61,3.059,-5.99,4.422,-8.659,0.0
2024-04-30 23:00:00+00:00,10.97,1.356,-6.895,1.961,-9.966,0.0
2024-05-01 00:00:00+00:00,11.48,0.091,-6.056,0.132,-8.754,0.0
2024-05-01 01:00:00+00:00,11.48,-1.188,-5.595,-1.717,-8.087,0.0
2024-05-01 02:00:00+00:00,9.27,-1.618,-3.886,-2.339,-5.617,0.0
2024-05-01 03:00:00+00:00,10.25,-2.496,-3.656,-3.608,-5.284,0.0
2024-05-01 04:00:00+00:00,8.95,-3.26,-3.078,-4.712,-4.449,15.5
2024-05-01 05:00:00+00:00,8.48,-4.647,-2.007,-6.716,-2.901,126.4
2024-05-01 06:00:00+00:00,7.82,-4.328,0.132,-6.256,0.19,245.5
2024-05-01 07:00:00+00:00,6.98,-3.369,1.853,-4.869,2.678,364.5
2024-05-01 08:00:00+00:00,4.68,-2.083,3.323,-3.011,4.803,475.5
2024-05-01 09:00:00+00:00,6.46,-0.332,4.096,-0.48,5.92,570.7
2024-05-01 10:00:00+00:00,7.13,1.737,3.912,2.511,5.654,643.8
2024-05-01 11:00:00+00:00,8.04,2.732,2.076,3.949,3.0,689.8
2024-05-01 12:00:00+00:00,5.91,3.503,0.449,5.064,0.649,705.4
2024-05-01 13:00:00+00:00,6.01,3.242,-1.41,4.686,-2.038,689.8
2024-05-01 14:00:00+00:00,5.1,1.912,-2.383,2.764,-3.444,643.8
2024-05-01 15:00:00+00:00,5.95,0.737,-3.672,1.066,-5.307,535.7
2024-05-01 16:00:00+00:00,7.35,-0.854,-3.651,-1.235,-5.277,475.5
2024-05-01 17:00:00+00:00,8.52,-1.867,-2.325,-2.698,-3.361,364.5
2024-05-01 18:00:00+00:00,7.0,-2.919,-1.358,-4.22,-1.964,235.6
2024-05-01 19:00:00+00:00,7.74,-3.676,0.177,-5.313,0.256,119.0
2024-05-01 20:00:00+00:00,9.05,-2.422,1.267,-3.501,1.832,15.5
2024-05-01 21:00:00+00:00,9.42,-1.884,2.421,-2.723,3.5,0.0
2024-05-01 22:00:00+00:00,9.1,-0.71,2.75,-1.026,3.974,0.0
2024-05-01 23:00:00+00:00,9.66,0.446,2.549,0.645,3.685,0.0
2024-05-02 00:00:00+00:00,9.82,1.587,2.661,2.293,3.847,0.0
2024-05-02 01:00:00+00:00,10.25,2.625,1.897,3.795,2.742,0.0
2024-05-02 02:00:00+00:00,10.82,3.596,1.41,5.198,2.038,0.0
2024-05-02 03:00:00+00:00,11.49,4.259,0.466,6.156,0.674,0.0
2024-05-02 04:00:00+00:00,10.79,4.413,-0.535,6.378,-0.773,7.7
2024-05-02 05:00:00+00:00,9.31,4.594,-1.636,6.641,-2.364,117.9
2024-05-02 06:00:00+00:00,11.78,4.139,-2.842,5.983,-4.108,250.3
2024-05-02 07:00:00+00:00,9.35,3.185,-3.757,4.603,-5.43,369.1
2024-05-02 08:00:00+00:00,8.31,1.613,-3.904,2.331,-5.643,479.9
2024-05-02 09:00:00+00:00,5.29,0.58,-3.893,0.839,-5.626,575.0
2024-05-02 10:00:00+00:00,5.83,0.031,-3.625,0.044,-5.24,648.0
2024-05-02 11:00:00+00:00,5.39,-0.469,-3.423,-0.678,-4.948,693.9
2024-05-02 12:00:00+00:00,2.12,-1.127,-3.9,-1.629,-5.637,709.6
2024-05-02 13:00:00+00:00,1.69,-1.146,-3.459,-1.657,-5.0,693.9
2024-05-02 14:00:00+00:00,5.18,-1.628,-3.525,-2.354,-5.096,648.0
2024-05-02 15:00:00+00:00,5.95,-2.237,-2.932,-3.234,-4.238,575.0
2024-05-02 16:00:00+00:00,4.81,-2.853,-2.568,-4.124,-3.711,479.9
2024-05-02 17:00:00+00:00,4.7,-2.244,-1.553,-3.243,-2.245,369.1
2024-05-02 18:00:00+00:00,5.92,-2.418,-1.088,-3.495,-1.573,214.9
2024-05-02 19:00:00+00:00,6.83,-2.125,-0.453,-3.072,-0.654,108.8
2024-05-02 20:00:00+00:00,7.31,-2.13,-0.071,-3.078,-0.102,9.7
2024-05-02 21:00:00+00:00,7.14,-2.372,0.22,-3.428,0.318,0.0
2024-05-02 22:00:00+00:00,8.58,-2.917,0.62,-4.216,0.896,0.0
2024-05-02 23:00:00+00:00,10.23,-2.91,0.84,-4.206,1.214,0.0
2024-05-03 00:00:00+00:00,11.64,-2.589,0.955,-3.743,1.38,0.0
2024-05-03 01:00:00+00:00,11.61,-2.274,1.064,-3.287,1.538,0.0
2024-05-03 02:00:00+00:00,11.73,-2.013,1.416,-2.91,2.047,0.0
2024-05-03 03:00:00+00:00,10.25,-2.232,2.077,-3.227,3.002,0.0
2024-05-03 04:00:00+00:00,10.78,-2.312,2.466,-3.342,3.564,12.6
2024-05-03 05:00:00+00:00,11.2,-2.3,2.861,-3.325,4.136,105.4
2024-05-03 06:00:00+00:00,8.94,-1.805,2.689,-2.609,3.887,123.3
2024-05-03 07:00:00+00:00,8.55,-1.602,2.478,-2.316,3.582,141.4
2024-05-03 08:00:00+00:00,7.73,-1.411,1.978,-2.04,2.859,106.5
2024-05-03 09:00:00+00:00,4.52,-1.709,2.253,-2.47,3.256,127.4
2024-05-03 10:00:00+00:00,3.87,-1.489,1.828,-2.152,2.642,143.5
2024-05-03 11:00:00+00:00,2.35,-1.828,2.155,-2.643,3.115,153.6
2024-05-03 12:00:00+00:00,4.06,-1.905,2.42,-2.753,3.497,157.0
2024-05-03 13:00:00+00:00,3.54,-1.653,2.612,-2.389,3.775,153.6
2024-05-03 14:00:00+00:00,2.53,-1.152,2.325,-1.666,3.361,143.5
2024-05-03 15:00:00+00:00,5.0,-0.644,1.814,-0.931,2.622,127.4
2024-05-03 16:00:00+00:00,4.71,-0.409,2.0,-0.591,2.891,106.5
2024-05-03 17:00:00+00:00,5.02,-0.26,2.196,-0.375,3.174,82.2
2024-05-03 18:00:00+00:00,3.42,-0.02,3.243,-0.03,4.688,56.1
2024-05-03 19:00:00+00:00,7.37,0.303,3.219,0.438,4.653,30.0
2024-05-03 20:00:00+00:00,10.22,1.056,3.834,1.526,5.542,6.8
2024-05-03 21:00:00+00:00,12.53,1.668,3.059,2.411,4.421,0.0
2024-05-03 22:00:00+00:00,10.44,2.532,2.646,3.66,3.825,0.0
2024-05-03 23:00:00+00:00,11.78,2.598,1.699,3.755,2.455,0.0
2024-05-04 00:00:00+00:00,11.65,2.953,1.064,4.269,1.538,0.0
2024-05-04 01:00:00+00:00,12.18,2.589,0.264,3.743,0.381,0.0
2024-05-04 02:00:00+00:00,13.39,2.466,-0.402,3.564,-0.58,0.0
2024-05-04 03:00:00+00:00,15.72,1.936,-1.001,2.798,-1.447,0.0
2024-05-04 04:00:00+00:00,15.1,1.592,-1.843,2.301,-2.664,16.4
2024-05-04 05:00:00+00:00,13.55,0.779,-2.313,1.126,-3.343,31.0
2024-05-04 06:00:00+00:00,16.2,-0.107,-2.34,-0.155,-3.383,59.2
2024-05-04 07:00:00+00:00,16.84,-0.758,-2.463,-1.095,-3.56,146.3
2024-05-04 08:00:00+00:00,13.48,-1.245,-2.151,-1.799,-3.109,112.6
2024-05-04 09:00:00+00:00,13.93,-1.695,-1.79,-2.45,-2.588,429.7
2024-05-04 10:00:00+00:00,12.81,-2.112,-1.327,-3.053,-1.918,656.2
2024-05-04 11:00:00+00:00,11.33,-2.108,-0.833,-3.048,-1.204,643.9
2024-05-04 12:00:00+00:00,10.86,-1.979,-0.385,-2.861,-0.557,576.1
2024-05-04 13:00:00+00:00,10.32,-2.269,0.008,-3.28,0.011,438.5
2024-05-04 14:00:00+00:00,11.4,-2.685,0.356,-3.881,0.515,196.6
2024-05-04 15:00:00+00:00,10.89,-2.544,0.553,-3.678,0.8,128.4
2024-05-04 16:00:00+00:00,8.84,-2.885,0.69,-4.17,0.998,107.5
2024-05-04 17:00:00+00:00,7.11,-3.658,1.071,-5.288,1.547,83.2
2024-05-04 18:00:00+00:00,7.79,-3.591,1.189,-5.191,1.718,57.1
2024-05-04 19:00:00+00:00,9.12,-3.609,1.453,-5.216,2.1,31.0
2024-05-04 20:00:00+00:00,11.13,-4.434,1.975,-6.409,2.855,6.7
2024-05-04 21:00:00+00:00,10.16,-5.859,2.806,-8.469,4.055,0.0
2024-05-04 22:00:00+00:00,10.54,-5.606,2.497,-8.103,3.609,0.0
2024-05-04 23:00:00+00:00,11.52,-4.323,1.613,-6.248,2.331,0.0
2024-05-05 00:00:00+00:00,14.64,-5.102,1.423,-7.374,2.057,0.0
2024-05-05 01:00:00+00:00,15.71,-4.5,0.896,-6.505,1.295,0.0
2024-05-05 02:00:00+00:00,12.73,-5.372,0.173,-7.766,0.251,0.0
2024-05-05 03:00:00+00:00,13.05,-4.521,-0.449,-6.534,-0.649,0.0
2024-05-05 04:00:00+00:00,12.04,-4.77,-0.819,-6.894,-1.184,22.1
2024-05-05 05:00:00+00:00,13.33,-5.891,-2.207,-8.515,-3.191,124.2
2024-05-05 06:00:00+00:00,13.68,-5.9,-4.239,-8.527,-6.127,264.2
2024-05-05 07:00:00+00:00,12.21,-5.303,-6.526,-7.665,-9.433,372.2
2024-05-05 08:00:00+00:00,10.59,-2.453,-6.735,-3.546,-9.735,460.6
2024-05-05 09:00:00+00:00,10.69,-0.832,-6.181,-1.203,-8.934,517.5
2024-05-05 10:00:00+00:00,11.0,0.512,-5.771,0.741,-8.342,482.3
2024-05-05 11:00:00+00:00,11.92,2.316,-5.47,3.347,-7.907,198.1
2024-05-05 12:00:00+00:00,13.36,4.43,-4.948,6.404,-7.153,170.6
2024-05-05 13:00:00+00:00,13.34,7.663,-5.037,11.076,-7.28,176.2
2024-05-05 14:00:00+00:00,13.58,7.831,-2.569,11.32,-3.714,268.8
2024-05-05 15:00:00+00:00,15.51,8.121,-0.769,11.739,-1.111,129.3
2024-05-05 16:00:00+00:00,14.73,8.837,1.483,12.774,2.144,127.7
2024-05-05 17:00:00+00:00,12.56,7.264,3.459,10.5,4.999,136.0
2024-05-05 18:00:00+00:00,11.58,5.978,6.374,8.641,9.213,89.8
2024-05-05 19:00:00+00:00,11.36,3.895,7.377,5.63,10.664,35.7
2024-05-05 20:00:00+00:00,10.47,2.231,8.943,3.224,12.927,7.8
2024-05-05 21:00:00+00:00,9.99,-0.352,7.377,-0.509,10.663,0.0
2024-05-05 22:00:00+00:00,10.33,-2.299,6.036,-3.323,8.725,0.0
2024-05-05 23:00:00+00:00,10.67,-3.009,3.795,-4.35,5.485,0.0
2024-05-06 00:00:00+00:00,10.27,-3.807,2.514,-5.504,3.633,0.0
2024-05-06 01:00:00+00:00,8.86,-4.467,1.124,-6.457,1.625,0.0
2024-05-06 02:00:00+00:00,8.07,-4.284,-0.199,-6.192,-0.287,0.0
2024-05-06 03:00:00+00:00,7.44,-3.43,-1.531,-4.959,-2.212,0.0
2024-05-06 04:00:00+00:00,9.03,-2.784,-2.49,-4.024,-3.6,26.3
2024-05-06 05:00:00+00:00,9.32,-1.894,-3.391,-2.737,-4.901,150.5
2024-05-06 06:00:00+00:00,10.48,-0.858,-3.279,-1.24,-4.74,268.7
2024-05-06 07:00:00+00:00,7.45,0.128,-3.278,0.186,-4.738,272.4
2024-05-06 08:00:00+00:00,6.63,0.877,-3.307,1.268,-4.78,207.0
2024-05-06 09:00:00+00:00,7.35,2.008,-3.704,2.903,-5.355,472.0
2024-05-06 10:00:00+00:00,5.62,2.353,-2.743,3.401,-3.965,460.9
2024-05-06 11:00:00+00:00,5.25,2.658,-2.021,3.842,-2.921,482.2
2024-05-06 12:00:00+00:00,5.28,2.774,-1.435,4.009,-2.075,470.4
2024-05-06 13:00:00+00:00,4.67,2.904,-0.812,4.198,-1.174,518.2
2024-05-06 14:00:00+00:00,6.17,2.013,-0.114,2.91,-0.165,527.1
2024-05-06 15:00:00+00:00,6.9,2.146,0.166,3.102,0.24,428.0
2024-05-06 16:00:00+00:00,8.92,2.373,0.486,3.43,0.703,415.9
2024-05-06 17:00:00+00:00,9.63,2.68,1.013,3.874,1.465,386.8
2024-05-06 18:00:00+00:00,9.52,2.257,1.248,3.262,1.804,268.7
2024-05-06 19:00:00+00:00,9.82,1.671,1.223,2.415,1.768,150.5
2024-05-06 20:00:00+00:00,8.06,1.047,1.066,1.514,1.541,40.4
2024-05-06 21:00:00+00:00,9.96,0.769,1.099,1.111,1.589,0.0
2024-05-06 22:00:00+00:00,9.74,0.574,1.253,0.83,1.812,0.0
2024-05-06 23:00:00+00:00,11.09,0.457,1.596,0.66,2.306,0.0
2024-05-07 00:00:00+00:00,14.0,0.231,1.335,0.335,1.93,0.0
2024-05-07 01:00:00+00:00,12.81,0.15,1.259,0.217,1.82,0.0
2024-05-07 02:00:00+00:00,14.8,0.093,1.29,0.134,1.865,0.0
2024-05-07 03:00:00+00:00,12.44,-0.031,1.286,-0.045,1.858,0.0
2024-05-07 04:00:00+00:00,9.62,-0.231,1.398,-0.333,2.02,42.4
2024-05-07 05:00:00+00:00,7.39,-0.674,1.856,-0.974,2.683,141.6
2024-05-07 06:00:00+00:00,9.21,-0.978,1.535,-1.414,2.218,273.1
2024-05-07 07:00:00+00:00,7.91,-1.461,1.234,-2.112,1.784,338.1
2024-05-07 08:00:00+00:00,7.16,-1.713,0.672,-2.476,0.972,501.0
2024-05-07 09:00:00+00:00,8.2,-1.833,0.26,-2.65,0.375,595.4
2024-05-07 10:00:00+00:00,7.05,-1.943,-0.102,-2.809,-0.147,667.9
2024-05-07 11:00:00+00:00,5.34,-1.973,-0.661,-2.852,-0.956,713.5
2024-05-07 12:00:00+00:00,3.43,-1.888,-1.084,-2.729,-1.568,729.0
2024-05-07 13:00:00+00:00,2.51,-1.433,-1.449,-2.071,-2.094,713.5
2024-05-07 14:00:00+00:00,1.24,-1.333,-2.18,-1.926,-3.151,667.9
2024-05-07 15:00:00+00:00,0.73,-0.67,-2.328,-0.968,-3.365,595.4
2024-05-07 16:00:00+00:00,-0.04,-0.494,-2.914,-0.715,-4.212,501.0
2024-05-07 17:00:00+00:00,3.58,-0.221,-3.08,-0.32,-4.453,391.1
2024-05-07 18:00:00+00:00,3.59,0.351,-3.211,0.507,-4.641,273.1
2024-05-07 19:00:00+00:00,5.23,0.975,-3.125,1.409,-4.517,155.0
2024-05-07 20:00:00+00:00,8.29,1.289,-2.432,1.863,-3.515,45.1
2024-05-07 21:00:00+00:00,7.84,1.461,-1.699,2.112,-2.456,0.0
2024-05-07 22:00:00+00:00,8.65,1.892,-1.32,2.734,-1.908,0.0
2024-05-07 23:00:00+00:00,10.13,2.243,-0.945,3.242,-1.365,0.0
2024-05-08 00:00:00+00:00,10.8,2.359,-0.429,3.41,-0.62,0.0
2024-05-08 01:00:00+00:00,12.14,2.429,-0.047,3.512,-0.068,0.0
2024-05-08 02:00:00+00:00,11.67,3.202,0.66,4.628,0.954,0.0
2024-05-08 03:00:00+00:00,11.21,3.019,1.191,4.364,1.721,0.0
2024-05-08 04:00:00+00:00,10.06,2.48,1.433,3.585,2.071,46.2
2024-05-08 05:00:00+00:00,7.72,2.114,1.955,3.055,2.825,159.5
2024-05-08 06:00:00+00:00,8.51,1.481,2.425,2.141,3.506,248.8
2024-05-08 07:00:00+00:00,7.18,0.742,2.847,1.073,4.116,211.4
2024-05-08 08:00:00+00:00,8.39,-0.233,3.095,-0.336,4.473,355.9
2024-05-08 09:00:00+00:00,9.51,-0.95,2.528,-1.374,3.654,304.1
2024-05-08 10:00:00+00:00,8.34,-1.825,2.196,-2.639,3.174,482.6
2024-05-08 11:00:00+00:00,6.97,-2.669,1.792,-3.858,2.591,717.1
2024-05-08 12:00:00+00:00,5.77,-2.725,1.105,-3.939,1.597,732.6
2024-05-08 13:00:00+00:00,3.05,-3.375,0.504,-4.879,0.728,717.1
2024-05-08 14:00:00+00:00,-0.06,-3.175,-0.034,-4.589,-0.049,671.6
2024-05-08 15:00:00+00:00,1.94,-3.775,-0.594,-5.456,-0.859,599.3
2024-05-08 16:00:00+00:00,3.66,-4.033,-1.403,-5.829,-2.028,505.0
2024-05-08 17:00:00+00:00,5.96,-4.068,-2.383,-5.88,-3.444,395.2
2024-05-08 18:00:00+00:00,7.24,-3.113,-2.865,-4.5,-4.142,225.1
2024-05-08 19:00:00+00:00,8.87,-2.42,-2.787,-3.497,-4.029,140.9
2024-05-08 20:00:00+00:00,10.64,-1.755,-2.245,-2.536,-3.245,49.7
2024-05-08 21:00:00+00:00,12.08,-1.625,-2.456,-2.348,-3.55,0.0
2024-05-08 22:00:00+00:00,13.35,-1.684,-2.777,-2.435,-4.015,0.0
2024-05-08 23:00:00+00:00,14.15,-1.001,-2.332,-1.447,-3.371,0.0
2024-05-09 00:00:00+00:00,12.88,-0.611,-2.504,-0.883,-3.619,0.0
2024-05-09 01:00:00+00:00,12.88,-0.251,-2.568,-0.363,-3.712,0.0
2024-05-09 02:00:00+00:00,12.66,0.062,-2.623,0.09,-3.791,0.0
2024-05-09 03:00:00+00:00,14.3,0.241,-2.528,0.348,-3.655,0.0
2024-05-09 04:00:00+00:00,13.67,0.531,-3.036,0.768,-4.388,46.7
2024-05-09 05:00:00+00:00,9.29,0.799,-3.264,1.155,-4.718,158.7
2024-05-09 06:00:00+00:00,7.26,1.186,-3.372,1.715,-4.874,160.4
2024-05-09 07:00:00+00:00,8.2,1.305,-2.979,1.887,-4.306,277.5
2024-05-09 08:00:00+00:00,9.57,1.525,-2.748,2.204,-3.973,389.8
2024-05-09 09:00:00+00:00,12.93,1.611,-2.328,2.329,-3.365,522.3
2024-05-09 10:00:00+00:00,9.57,1.702,-1.894,2.459,-2.737,341.0
2024-05-09 11:00:00+00:00,7.5,1.848,-1.756,2.671,-2.538,334.6
2024-05-09 12:00:00+00:00,6.2,2.266,-1.974,3.275,-2.853,561.0
2024-05-09 13:00:00+00:00,5.18,1.871,-1.707,2.704,-2.467,720.7
2024-05-09 14:00:00+00:00,7.36,2.1,-1.559,3.035,-2.253,675.3
2024-05-09 15:00:00+00:00,5.88,1.977,-1.465,2.857,-2.117,438.4
2024-05-09 16:00:00+00:00,7.37,2.275,-1.873,3.289,-2.707,488.5
2024-05-09 17:00:00+00:00,8.66,2.286,-2.235,3.305,-3.23,263.8
2024-05-09 18:00:00+00:00,6.26,2.57,-3.148,3.715,-4.55,87.2
2024-05-09 19:00:00+00:00,5.77,2.093,-3.736,3.026,-5.4,90.7
2024-05-09 20:00:00+00:00,8.78,1.586,-3.957,2.292,-5.72,47.0
2024-05-09 21:00:00+00:00,10.1,1.353,-4.55,1.956,-6.577,0.0
2024-05-09 22:00:00+00:00,9.88,1.091,-4.715,1.577,-6.816,0.0
2024-05-09 23:00:00+00:00,11.09,0.682,-4.953,0.986,-7.16,0.0
2024-05-10 00:00:00+00:00,11.45,0.448,-5.423,0.647,-7.839,0.0
2024-05-10 01:00:00+00:00,11.86,-0.095,-4.851,-0.137,-7.012,0.0
2024-05-10 02:00:00+00:00,14.64,-1.193,-5.155,-1.724,-7.451,0.0
2024-05-10 03:00:00+00:00,17.15,-2.32,-5.085,-3.353,-7.351,0.0
2024-05-10 04:00:00+00:00,16.15,-3.127,-4.145,-4.52,-5.992,37.2
2024-05-10 05:00:00+00:00,15.92,-3.35,-2.698,-4.842,-3.9,59.3
2024-05-10 06:00:00+00:00,15.21,-4.274,-1.93,-6.178,-2.79,62.9
2024-05-10 07:00:00+00:00,12.98,-4.141,-0.516,-5.985,-0.745,88.7
2024-05-10 08:00:00+00:00,11.96,-4.307,0.868,-6.226,1.254,112.8
2024-05-10 09:00:00+00:00,11.86,-3.509,1.957,-5.072,2.829,223.5
2024-05-10 10:00:00+00:00,14.45,-2.305,2.613,-3.331,3.778,296.4
2024-05-10 11:00:00+00:00,14.65,-1.142,2.709,-1.651,3.915,606.9
2024-05-10 12:00:00+00:00,15.19,-0.037,2.949,-0.053,4.263,492.2
2024-05-10 13:00:00+00:00,13.88,0.962,2.374,1.391,3.432,475.2
2024-05-10 14:00:00+00:00,12.17,1.832,1.582,2.649,2.287,367.7
2024-05-10 15:00:00+00:00,11.49,2.213,0.605,3.199,0.874,392.1
2024-05-10 16:00:00+00:00,10.33,1.706,-0.218,2.466,-0.314,112.8
2024-05-10 17:00:00+00:00,11.06,1.248,-0.65,1.804,-0.94,278.4
2024-05-10 18:00:00+00:00,13.67,0.812,-0.963,1.174,-1.391,143.7
2024-05-10 19:00:00+00:00,12.14,0.447,-1.376,0.646,-1.988,49.6
2024-05-10 20:00:00+00:00,14.52,-0.038,-1.729,-0.055,-2.5,22.3
2024-05-10 21:00:00+00:00,14.78,-0.65,-1.609,-0.94,-2.326,0.0
2024-05-10 22:00:00+00:00,16.39,-0.998,-1.096,-1.442,-1.584,0.0
2024-05-10 23:00:00+00:00,16.87,-1.545,-0.803,-2.234,-1.16,0.0
2024-05-11 00:00:00+00:00,19.1,-1.472,-0.093,-2.128,-0.134,0.0
2024-05-11 01:00:00+00:00,18.3,-1.439,0.619,-2.08,0.895,0.0
2024-05-11 02:00:00+00:00,16.56,-0.713,1.18,-1.03,1.705,0.0
2024-05-11 03:00:00+00:00,18.78,0.037,1.848,0.054,2.671,0.0
2024-05-11 04:00:00+00:00,17.92,0.993,1.698,1.436,2.454,15.6
2024-05-11 05:00:00+00:00,18.43,1.856,1.047,2.683,1.514,53.3
2024-05-11 06:00:00+00:00,17.47,2.04,-0.167,2.949,-0.241,289.8
2024-05-11 07:00:00+00:00,14.74,1.784,-1.311,2.578,-1.895,407.1
2024-05-11 08:00:00+00:00,15.07,0.813,-1.758,1.175,-2.541,516.4
2024-05-11 09:00:00+00:00,13.66,-0.132,-1.653,-0.19,-2.389,610.3
2024-05-11 10:00:00+00:00,13.75,-0.872,-1.278,-1.26,-1.848,682.3
2024-05-11 11:00:00+00:00,12.3,-1.747,-0.948,-2.525,-1.37,375.1
2024-05-11 12:00:00+00:00,12.27,-2.126,0.087,-3.073,0.126,163.5
2024-05-11 13:00:00+00:00,12.79,-1.861,1.296,-2.69,1.873,160.1
2024-05-11 14:00:00+00:00,12.38,-1.131,2.653,-1.634,3.834,150.1
2024-05-11 15:00:00+00:00,11.69,0.319,2.424,0.461,3.503,222.9
2024-05-11 16:00:00+00:00,10.19,1.379,1.704,1.994,2.463,151.4
2024-05-11 17:00:00+00:00,7.62,2.98,1.034,4.307,1.495,209.6
2024-05-11 18:00:00+00:00,4.5,2.288,-0.603,3.307,-0.872,178.7
2024-05-11 19:00:00+00:00,3.77,2.078,-2.367,3.004,-3.421,104.4
2024-05-11 20:00:00+00:00,1.21,0.574,-3.917,0.83,-5.662,30.6
2024-05-11 21:00:00+00:00,3.28,-1.264,-3.128,-1.826,-4.521,0.0
2024-05-11 22:00:00+00:00,5.7,-2.968,-1.828,-4.29,-2.643,0.0
2024-05-11 23:00:00+00:00,7.58,-3.746,0.32,-5.415,0.463,0.0
2024-05-12 00:00:00+00:00,10.92,-3.361,3.293,-4.859,4.76,0.0
2024-05-12 01:00:00+00:00,9.16,-0.683,4.396,-0.988,6.353,0.0
2024-05-12 02:00:00+00:00,9.41,2.002,4.121,2.894,5.957,0.0
2024-05-12 03:00:00+00:00,10.21,3.687,2.561,5.329,3.702,0.0
2024-05-12 04:00:00+00:00,9.02,3.776,-0.032,5.457,-0.047,16.1
2024-05-12 05:00:00+00:00,8.79,3.49,-2.109,5.045,-3.048,116.3
2024-05-12 06:00:00+00:00,9.19,2.026,-3.777,2.928,-5.46,172.1
2024-05-12 07:00:00+00:00,7.76,-0.496,-4.049,-0.716,-5.853,281.6
2024-05-12 08:00:00+00:00,6.4,-2.469,-2.508,-3.568,-3.626,346.9
2024-05-12 09:00:00+00:00,6.8,-3.606,-0.479,-5.212,-0.692,209.2
2024-05-12 10:00:00+00:00,7.18,-2.784,1.381,-4.024,1.996,506.1
2024-05-12 11:00:00+00:00,8.84,-1.993,2.957,-2.881,4.274,548.1
2024-05-12 12:00:00+00:00,7.72,-0.315,3.486,-0.456,5.039,746.3
2024-05-12 13:00:00+00:00,6.66,2.144,3.853,3.099,5.569,730.9
2024-05-12 14:00:00+00:00,4.01,4.586,2.157,6.629,3.117,685.7
2024-05-12 15:00:00+00:00,2.97,4.415,-0.886,6.382,-1.28,581.0
2024-05-12 16:00:00+00:00,4.08,3.791,-3.673,5.48,-5.309,449.1
2024-05-12 17:00:00+00:00,2.63,0.839,-4.455,1.212,-6.439,410.9
2024-05-12 18:00:00+00:00,3.98,-1.089,-2.723,-1.574,-3.936,293.7
2024-05-12 19:00:00+00:00,6.72,-2.542,-2.117,-3.674,-3.06,176.6
2024-05-12 20:00:00+00:00,8.12,-2.859,-0.569,-4.133,-0.823,67.4
2024-05-12 21:00:00+00:00,8.16,-3.281,0.847,-4.743,1.224,0.0
2024-05-12 22:00:00+00:00,9.85,-2.916,2.562,-4.215,3.703,0.0
2024-05-12 23:00:00+00:00,7.88,-1.523,3.812,-2.201,5.51,0.0
2024-05-13 00:00:00+00:00,9.43,0.386,3.735,0.558,5.398,0.0
2024-05-13 01:00:00+00:00,9.07,1.59,2.625,2.298,3.794,0.0
2024-05-13 02:00:00+00:00,10.13,2.431,1.549,3.514,2.239,0.0
2024-05-13 03:00:00+00:00,11.16,2.839,0.398,4.104,0.576,0.0
2024-05-13 04:00:00+00:00,9.44,2.458,-0.91,3.553,-1.316,15.8
2024-05-13 05:00:00+00:00,3.34,1.866,-2.099,2.697,-3.034,39.7
2024-05-13 06:00:00+00:00,2.35,0.644,-2.655,0.93,-3.837,65.5
2024-05-13 07:00:00+00:00,3.77,-0.627,-2.673,-0.906,-3.864,91.2
2024-05-13 08:00:00+00:00,1.05,-1.667,-1.7,-2.41,-2.458,115.2
2024-05-13 09:00:00+00:00,-1.1,-2.577,-0.626,-3.725,-0.905,161.1
2024-05-13 10:00:00+00:00,0.85,-2.63,0.849,-3.802,1.227,151.6
2024-05-13 11:00:00+00:00,2.04,-2.021,2.264,-2.921,3.273,281.4
2024-05-13 12:00:00+00:00,1.57,-0.415,2.868,-0.599,4.145,339.3
2024-05-13 13:00:00+00:00,0.95,1.48,3.049,2.139,4.407,206.7
2024-05-13 14:00:00+00:00,-1.79,2.769,1.962,4.003,2.835,363.5
2024-05-13 15:00:00+00:00,1.3,2.598,0.28,3.755,0.405,218.6
2024-05-13 16:00:00+00:00,4.04,2.739,-1.541,3.959,-2.228,220.8
2024-05-13 17:00:00+00:00,5.09,1.294,-3.368,1.871,-4.868,249.7
2024-05-13 18:00:00+00:00,7.1,-1.054,-3.34,-1.524,-4.828,297.6
2024-05-13 19:00:00+00:00,6.7,-2.589,-1.981,-3.742,-2.864,124.3
2024-05-13 20:00:00+00:00,5.74,-3.957,-0.277,-5.72,-0.4,29.8
2024-05-13 21:00:00+00:00,7.46,-3.45,2.221,-4.986,3.21,0.0
2024-05-13 22:00:00+00:00,8.37,-1.23,4.398,-1.778,6.357,0.0
2024-05-13 23:00:00+00:00,10.75,1.878,3.963,2.715,5.729,0.0
2024-05-14 00:00:00+00:00,9.66,4.317,1.857,6.24,2.685,0.0
2024-05-14 01:00:00+00:00,8.0,3.784,-1.174,5.47,-1.697,0.0
2024-05-14 02:00:00+00:00,10.59,2.18,-3.833,3.15,-5.54,0.0
2024-05-14 03:00:00+00:00,13.55,-1.262,-4.337,-1.824,-6.268,0.0
2024-05-14 04:00:00+00:00,15.54,-3.704,-2.236,-5.353,-3.232,75.7
2024-05-14 05:00:00+00:00,12.98,-4.264,0.956,-6.164,1.382,184.6
2024-05-14 06:00:00+00:00,9.86,-1.977,2.842,-2.857,4.108,301.4
2024-05-14 07:00:00+00:00,9.16,0.729,3.322,1.054,4.802,418.2
2024-05-14 08:00:00+00:00,11.97,2.939,1.763,4.247,2.548,527.0
2024-05-14 09:00:00+00:00,13.2,3.18,-0.847,4.596,-1.225,620.5
2024-05-14 10:00:00+00:00,10.19,1.527,-2.637,2.207,-3.812,683.5
2024-05-14 11:00:00+00:00,7.78,-0.74,-2.971,-1.07,-4.294,701.7
2024-05-14 12:00:00+00:00,11.54,-2.308,-1.285,-3.336,-1.858,701.0
2024-05-14 13:00:00+00:00,10.31,-2.983,0.932,-4.312,1.347,571.0
2024-05-14 14:00:00+00:00,12.5,-1.57,3.345,-2.27,4.836,579.7
2024-05-14 15:00:00+00:00,12.51,0.796,2.448,1.151,3.539,620.5
2024-05-14 16:00:00+00:00,9.59,2.358,1.61,3.408,2.328,527.0
2024-05-14 17:00:00+00:00,7.64,2.888,-0.274,4.175,-0.396,179.0
2024-05-14 18:00:00+00:00,7.37,2.476,-2.217,3.579,-3.204,66.3
2024-05-14 19:00:00+00:00,8.4,0.41,-3.208,0.592,-4.637,40.6
2024-05-14 20:00:00+00:00,11.43,-2.37,-3.019,-3.426,-4.364,16.7
2024-05-14 21:00:00+00:00,11.6,-2.248,-0.24,-3.25,-0.347,0.0
2024-05-14 22:00:00+00:00,13.66,-1.841,1.995,-2.661,2.883,0.0
2024-05-14 23:00:00+00:00,12.04,0.523,2.335,0.756,3.376,0.0
2024-05-15 00:00:00+00:00,11.41,1.848,0.632,2.671,0.914,0.0
2024-05-15 01:00:00+00:00,14.04,1.654,-1.234,2.391,-1.783,0.0
2024-05-15 02:00:00+00:00,15.02,0.107,-1.937,0.154,-2.8,0.0
2024-05-15 03:00:00+00:00,15.03,-1.869,-1.671,-2.701,-2.415,0.0
2024-05-15 04:00:00+00:00,14.11,-2.458,0.555,-3.552,0.803,53.3
2024-05-15 05:00:00+00:00,12.85,-1.039,2.647,-1.502,3.826,145.5
2024-05-15 06:00:00+00:00,12.94,1.602,2.582,2.316,3.733,205.8
2024-05-15 07:00:00+00:00,11.74,2.813,0.331,4.066,0.479,421.7
2024-05-15 08:00:00+00:00,12.39,2.071,-1.971,2.993,-2.849,530.4
2024-05-15 09:00:00+00:00,10.09,-0.361,-2.792,-0.522,-4.035,462.9
2024-05-15 10:00:00+00:00,9.24,-2.443,-1.293,-3.531,-1.869,601.1
2024-05-15 11:00:00+00:00,9.39,-2.559,1.429,-3.699,2.065,603.8
2024-05-15 12:00:00+00:00,11.77,-0.399,2.455,-0.577,3.549,718.5
2024-05-15 13:00:00+00:00,9.88,1.405,1.818,2.031,2.628,452.4
2024-05-15 14:00:00+00:00,12.2,2.012,0.028,2.908,0.04,695.3
2024-05-15 15:00:00+00:00,11.17,1.148,-1.315,1.66,-1.9,623.7
2024-05-15 16:00:00+00:00,13.64,-0.28,-2.007,-0.404,-2.901,530.4
2024-05-15 17:00:00+00:00,12.16,-1.981,-1.146,-2.864,-1.656,421.7
2024-05-15 18:00:00+00:00,10.56,-1.928,1.064,-2.786,1.539,305.1
2024-05-15 19:00:00+00:00,10.52,-0.02,2.095,-0.029,3.027,188.4
2024-05-15 20:00:00+00:00,12.94,2.37,1.507,3.426,2.178,79.7
2024-05-15 21:00:00+00:00,13.99,3.107,-1.244,4.491,-1.798,0.0
2024-05-15 22:00:00+00:00,16.76,0.924,-3.181,1.336,-4.598,0.0
2024-05-15 23:00:00+00:00,16.26,-1.391,-2.856,-2.011,-4.128,0.0
2024-05-16 00:00:00+00:00,16.64,-3.093,-1.546,-4.47,-2.235,0.0
2024-05-16 01:00:00+00:00,16.76,-3.906,0.443,-5.646,0.64,0.0
2024-05-16 02:00:00+00:00,17.98,-3.75,3.172,-5.421,4.585,0.0
2024-05-16 03:00:00+00:00,17.09,-1.467,5.737,-2.121,8.292,0.0
2024-05-16 04:00:00+00:00,14.41,1.731,4.435,2.502,6.41,37.3
2024-05-16 05:00:00+00:00,14.95,4.209,2.449,6.084,3.54,42.3
2024-05-16 06:00:00+00:00,12.6,5.645,-0.304,8.16,-0.439,94.0
2024-05-16 07:00:00+00:00,11.4,4.166,-3.638,6.021,-5.259,93.5
2024-05-16 08:00:00+00:00,11.91,0.867,-6.45,1.252,-9.323,117.4
2024-05-16 09:00:00+00:00,8.01,-3.809,-5.94,-5.505,-8.586,137.9
2024-05-16 10:00:00+00:00,5.73,-6.164,-2.344,-8.91,-3.388,153.6
2024-05-16 11:00:00+00:00,5.89,-7.901,2.016,-11.421,2.914,163.5
2024-05-16 12:00:00+00:00,6.86,-5.349,5.906,-7.732,8.537,166.9
2024-05-16 13:00:00+00:00,6.38,-0.735,9.009,-1.062,13.022,275.2
2024-05-16 14:00:00+00:00,7.44,6.578,9.007,9.508,13.019,453.5
2024-05-16 15:00:00+00:00,4.89,9.392,2.663,13.575,3.849,288.9
2024-05-16 16:00:00+00:00,5.2,9.376,-3.259,13.552,-4.711,372.6
2024-05-16 17:00:00+00:00,4.19,5.931,-7.745,8.573,-11.194,229.3
2024-05-16 18:00:00+00:00,6.59,0.96,-9.173,1.388,-13.258,67.9
2024-05-16 19:00:00+00:00,7.65,-3.202,-6.784,-4.629,-9.805,42.3
2024-05-16 20:00:00+00:00,7.7,-6.785,-4.583,-9.807,-6.625,21.6
2024-05-16 21:00:00+00:00,12.01,-7.961,-0.464,-11.507,-0.67,0.0
2024-05-16 22:00:00+00:00,13.41,-6.804,2.639,-9.835,3.815,0.0
2024-05-16 23:00:00+00:00,11.52,-5.149,5.544,-7.443,8.013,0.0
2024-05-17 00:00:00+00:00,12.53,-1.735,7.179,-2.508,10.377,0.0
2024-05-17 01:00:00+00:00,11.58,2.182,7.304,3.154,10.558,0.0
2024-05-17 02:00:00+00:00,12.67,4.851,4.563,7.012,6.596,0.0
2024-05-17 03:00:00+00:00,13.72,6.524,1.83,9.43,2.645,0.0
2024-05-17 04:00:00+00:00,11.85,6.647,-1.689,9.608,-2.442,19.2
2024-05-17 05:00:00+00:00,12.21,4.291,-4.099,6.202,-5.925,51.8
2024-05-17 06:00:00+00:00,12.37,2.049,-6.477,2.962,-9.363,68.7
2024-05-17 07:00:00+00:00,12.57,-0.941,-5.007,-1.36,-7.237,171.8
2024-05-17 08:00:00+00:00,10.99,-3.501,-5.057,-5.06,-7.309,445.7
2024-05-17 09:00:00+00:00,9.54,-4.961,-3.019,-7.171,-4.364,489.5
2024-05-17 10:00:00+00:00,9.2,-5.85,-0.305,-8.456,-0.441,341.9
2024-05-17 11:00:00+00:00,9.28,-4.057,2.036,-5.865,2.943,290.1
2024-05-17 12:00:00+00:00,11.64,-2.25,3.647,-3.252,5.271,167.5
2024-05-17 13:00:00+00:00,13.56,-0.419,4.537,-0.606,6.558,164.2
2024-05-17 14:00:00+00:00,11.88,1.514,3.576,2.188,5.169,154.3
2024-05-17 15:00:00+00:00,11.1,3.152,2.22,4.556,3.209,138.6
2024-05-17 16:00:00+00:00,13.33,4.263,-0.121,6.162,-0.175,245.7
2024-05-17 17:00:00+00:00,12.97,3.271,-2.413,4.728,-3.488,94.3
2024-05-17 18:00:00+00:00,13.59,1.417,-3.111,2.048,-4.497,68.7
2024-05-17 19:00:00+00:00,14.91,-0.385,-3.428,-0.557,-4.954,43.1
2024-05-17 20:00:00+00:00,17.59,-1.74,-2.944,-2.516,-4.256,66.0
2024-05-17 21:00:00+00:00,16.11,-2.932,-2.012,-4.238,-2.908,0.0
2024-05-17 22:00:00+00:00,15.59,-3.3,-0.449,-4.769,-0.65,0.0
2024-05-17 23:00:00+00:00,18.92,-2.711,1.042,-3.919,1.506,0.0
2024-05-18 00:00:00+00:00,17.8,-3.171,3.188,-4.584,4.608,0.0
2024-05-18 01:00:00+00:00,17.3,-1.955,3.848,-2.825,5.562,0.0
2024-05-18 02:00:00+00:00,18.75,-0.514,3.971,-0.743,5.739,0.0
2024-05-18 03:00:00+00:00,18.57,0.937,3.996,1.355,5.777,0.0
2024-05-18 04:00:00+00:00,17.35,2.614,3.478,3.778,5.028,20.1
2024-05-18 05:00:00+00:00,16.63,4.267,2.676,6.167,3.867,43.9
2024-05-18 06:00:00+00:00,13.85,5.125,0.831,7.408,1.202,179.2
2024-05-18 07:00:00+00:00,15.38,4.249,-0.902,6.142,-1.304,119.0
2024-05-18 08:00:00+00:00,11.95,3.477,-2.083,5.026,-3.011,150.9
2024-05-18 09:00:00+00:00,13.51,2.05,-2.349,2.963,-3.396,289.6
2024-05-18 10:00:00+00:00,16.36,1.42,-3.753,2.052,-5.425,389.0
2024-05-18 11:00:00+00:00,14.09,-0.331,-2.742,-0.478,-3.964,278.7
2024-05-18 12:00:00+00:00,10.81,-1.394,-2.128,-2.014,-3.077,212.2
2024-05-18 13:00:00+00:00,12.57,-1.789,-0.885,-2.585,-1.279,177.5
2024-05-18 14:00:00+00:00,9.05,-2.107,0.03,-3.046,0.043,178.7
2024-05-18 15:00:00+00:00,10.72,-1.736,0.898,-2.51,1.298,304.4
2024-05-18 16:00:00+00:00,12.49,-1.457,1.815,-2.106,2.623,348.1
2024-05-18 17:00:00+00:00,11.93,-0.64,2.422,-0.925,3.501,183.2
2024-05-18 18:00:00+00:00,13.41,0.183,3.327,0.264,4.809,235.0
2024-05-18 19:00:00+00:00,11.71,1.224,2.61,1.769,3.773,154.0
2024-05-18 20:00:00+00:00,12.02,1.799,2.062,2.601,2.981,64.2
2024-05-18 21:00:00+00:00,11.81,2.321,1.489,3.355,2.153,0.0
2024-05-18 22:00:00+00:00,11.3,1.826,0.572,2.64,0.826,0.0
2024-05-18 23:00:00+00:00,12.06,2.983,0.015,4.311,0.022,0.0
2024-05-19 00:00:00+00:00,14.03,2.931,-0.779,4.237,-1.126,0.0
2024-05-19 01:00:00+00:00,11.88,2.927,-1.493,4.231,-2.158,0.0
2024-05-19 02:00:00+00:00,13.67,2.958,-2.923,4.276,-4.225,0.0
2024-05-19 03:00:00+00:00,13.82,2.237,-4.335,3.234,-6.266,0.4
2024-05-19 04:00:00+00:00,12.52,0.79,-4.483,1.142,-6.479,38.8
2024-05-19 05:00:00+00:00,14.57,-0.504,-3.243,-0.729,-4.687,130.3
2024-05-19 06:00:00+00:00,15.45,-1.727,-3.338,-2.496,-4.825,268.7
2024-05-19 07:00:00+00:00,14.68,-3.079,-2.865,-4.45,-4.142,434.9
2024-05-19 08:00:00+00:00,11.04,-3.494,-1.277,-5.05,-1.845,543.0
2024-05-19 09:00:00+00:00,12.74,-4.008,0.137,-5.793,0.198,635.8
2024-05-19 10:00:00+00:00,10.78,-2.382,0.936,-3.443,1.353,707.0
2024-05-19 11:00:00+00:00,9.1,-1.619,1.538,-2.34,2.224,751.8
2024-05-19 12:00:00+00:00,10.54,-0.83,1.836,-1.2,2.654,767.0
2024-05-19 13:00:00+00:00,7.84,-0.138,1.968,-0.2,2.845,751.8
2024-05-19 14:00:00+00:00,6.01,0.58,2.095,0.838,3.028,707.0
2024-05-19 15:00:00+00:00,6.25,1.427,1.834,2.063,2.651,635.8
2024-05-19 16:00:00+00:00,7.29,2.108,1.226,3.047,1.772,543.0
2024-05-19 17:00:00+00:00,6.89,2.4,0.438,3.47,0.633,434.9
2024-05-19 18:00:00+00:00,7.82,1.903,-0.172,2.751,-0.249,318.9
2024-05-19 19:00:00+00:00,6.17,1.747,-0.617,2.526,-0.892,149.1
2024-05-19 20:00:00+00:00,6.84,1.495,-0.931,2.161,-1.346,87.6
2024-05-19 21:00:00+00:00,8.73,1.527,-1.428,2.207,-2.064,2.0
2024-05-19 22:00:00+00:00,12.47,1.087,-1.763,1.572,-2.549,0.0
2024-05-19 23:00:00+00:00,11.55,0.486,-1.822,0.702,-2.633,0.0
2024-05-20 00:00:00+00:00,11.98,-0.074,-2.045,-0.107,-2.956,0.0
2024-05-20 01:00:00+00:00,13.42,-0.722,-2.074,-1.044,-2.998,0.0
2024-05-20 02:00:00+00:00,16.35,-1.599,-2.293,-2.312,-3.314,0.0
2024-05-20 03:00:00+00:00,17.87,-1.711,-1.458,-2.474,-2.108,5.6
2024-05-20 04:00:00+00:00,18.32,-1.761,-0.845,-2.546,-1.221,98.3
2024-05-20 05:00:00+00:00,17.03,-2.131,-0.476,-3.08,-0.688,206.3
2024-05-20 06:00:00+00:00,18.24,-2.82,0.266,-4.077,0.384,243.3
2024-05-20 07:00:00+00:00,16.42,-1.871,0.716,-2.704,1.036,96.3
2024-05-20 08:00:00+00:00,12.09,-1.441,1.015,-2.082,1.467,294.2
2024-05-20 09:00:00+00:00,9.93,-1.089,1.295,-1.575,1.871,229.6
2024-05-20 10:00:00+00:00,8.81,-1.137,2.339,-1.644,3.381,278.0
2024-05-20 11:00:00+00:00,7.92,-0.281,2.156,-0.406,3.116,383.2
2024-05-20 12:00:00+00:00,3.92,0.36,2.109,0.521,3.048,377.6
2024-05-20 13:00:00+00:00,3.02,0.779,1.376,1.126,1.989,166.0
2024-05-20 14:00:00+00:00,3.97,1.411,1.108,2.039,1.602,156.1
2024-05-20 15:00:00+00:00,0.67,1.975,0.646,2.854,0.934,194.9
2024-05-20 16:00:00+00:00,0.5,2.339,-0.039,3.381,-0.056,367.7
2024-05-20 17:00:00+00:00,2.05,2.025,-0.795,2.927,-1.15,269.0
2024-05-20 18:00:00+00:00,5.15,2.171,-1.732,3.138,-2.504,87.5
2024-05-20 19:00:00+00:00,7.62,1.42,-2.371,2.053,-3.428,135.2
2024-05-20 20:00:00+00:00,8.75,0.44,-3.39,0.636,-4.9,46.5
2024-05-20 21:00:00+00:00,10.46,-0.866,-2.636,-1.252,-3.81,2.3
2024-05-20 22:00:00+00:00,13.01,-2.138,-2.108,-3.09,-3.047,0.0
2024-05-20 23:00:00+00:00,11.01,-3.304,-0.918,-4.775,-1.326,0.0
2024-05-21 00:00:00+00:00,12.36,-3.232,0.633,-4.672,0.915,0.0
2024-05-21 01:00:00+00:00,13.48,-3.164,2.697,-4.573,3.898,0.0
2024-05-21 02:00:00+00:00,15.74,-1.159,3.108,-1.676,4.492,0.0
2024-05-21 03:00:00+00:00,19.46,0.533,3.464,0.77,5.007,5.8
2024-05-21 04:00:00+00:00,17.87,2.887,3.689,4.173,5.333,56.9
2024-05-21 05:00:00+00:00,14.58,4.463,2.036,6.451,2.942,80.2
2024-05-21 06:00:00+00:00,14.28,4.943,-0.256,7.145,-0.37,182.2
2024-05-21 07:00:00+00:00,14.93,5.02,-3.182,7.256,-4.6,206.9
2024-05-21 08:00:00+00:00,13.4,3.05,-4.749,4.408,-6.864,257.2
2024-05-21 09:00:00+00:00,13.11,0.694,-4.825,1.004,-6.974,141.1
2024-05-21 10:00:00+00:00,12.64,-1.573,-4.875,-2.274,-7.047,353.5
2024-05-21 11:00:00+00:00,10.85,-4.105,-5.105,-5.933,-7.38,166.5
2024-05-21 12:00:00+00:00,10.5,-5.779,-3.985,-8.354,-5.761,169.9
2024-05-21 13:00:00+00:00,8.44,-6.39,-2.294,-9.237,-3.316,166.5
2024-05-21 14:00:00+00:00,9.81,-5.599,-0.458,-8.093,-0.663,156.7
2024-05-21 15:00:00+00:00,12.87,-4.926,1.026,-7.12,1.483,141.1
2024-05-21 16:00:00+00:00,13.73,-3.425,1.978,-4.951,2.859,120.7
2024-05-21 17:00:00+00:00,12.95,-3.458,3.766,-4.999,5.443,97.0
2024-05-21 18:00:00+00:00,14.49,-2.184,4.333,-3.156,6.263,71.5
2024-05-21 19:00:00+00:00,14.92,-0.599,5.089,-0.866,7.355,46.1
2024-05-21 20:00:00+00:00,14.59,0.985,4.299,1.424,6.215,22.4
2024-05-21 21:00:00+00:00,13.9,2.32,3.319,3.353,4.797,2.0
2024-05-21 22:00:00+00:00,16.02,3.095,1.72,4.474,2.487,0.0
2024-05-21 23:00:00+00:00,17.26,3.805,0.512,5.499,0.74,0.0
2024-05-22 00:00:00+00:00,16.87,3.343,-0.845,4.832,-1.222,0.0
2024-05-22 01:00:00+00:00,19.81,2.892,-1.764,4.18,-2.549,0.0
2024-05-22 02:00:00+00:00,18.0,1.985,-2.498,2.869,-3.611,0.0
2024-05-22 03:00:00+00:00,20.15,0.886,-2.945,1.281,-4.257,2.8
2024-05-22 04:00:00+00:00,19.08,-0.462,-3.525,-0.668,-5.095,23.1
2024-05-22 05:00:00+00:00,19.8,-2.042,-3.646,-2.951,-5.27,46.8
2024-05-22 06:00:00+00:00,19.41,-3.663,-2.663,-5.295,-3.85,72.2
2024-05-22 07:00:00+00:00,18.6,-4.641,-0.676,-6.708,-0.977,97.6
2024-05-22 08:00:00+00:00,16.91,-4.283,1.595,-6.191,2.305,121.3
2024-05-22 09:00:00+00:00,15.65,-4.007,4.065,-5.792,5.875,236.8
2024-05-22 10:00:00+00:00,16.84,-2.183,4.591,-3.156,6.637,157.3
2024-05-22 11:00:00+00:00,14.23,-0.847,6.536,-1.224,9.448,167.1
2024-05-22 12:00:00+00:00,13.3,2.168,6.72,3.134,9.713,671.5
2024-05-22 13:00:00+00:00,14.12,5.017,5.738,7.252,8.294,354.4
2024-05-22 14:00:00+00:00,10.55,6.13,2.667,8.86,3.855,234.2
2024-05-22 15:00:00+00:00,11.47,6.736,0.01,9.736,0.015,373.9
2024-05-22 16:00:00+00:00,10.33,4.512,-2.282,6.521,-3.299,466.7
2024-05-22 17:00:00+00:00,10.56,3.016,-4.29,4.359,-6.201,443.8
2024-05-22 18:00:00+00:00,12.11,0.896,-4.749,1.295,-6.864,328.2
2024-05-22 19:00:00+00:00,11.23,-1.069,-4.317,-1.545,-6.24,212.7
2024-05-22 20:00:00+00:00,9.09,-2.777,-4.114,-4.014,-5.946,105.1
2024-05-22 21:00:00+00:00,8.34,-4.592,-2.977,-6.637,-4.304,12.6
2024-05-22 22:00:00+00:00,10.1,-5.334,-0.977,-7.71,-1.413,0.0
2024-05-22 23:00:00+00:00,10.67,-4.752,1.335,-6.869,1.93,0.0
2024-05-23 00:00:00+00:00,12.15,-3.234,2.761,-4.674,3.991,0.0
2024-05-23 01:00:00+00:00,11.99,-2.081,5.222,-3.008,7.548,0.0
2024-05-23 02:00:00+00:00,10.18,0.872,6.13,1.26,8.861,0.0
2024-05-23 03:00:00+00:00,7.98,3.087,4.11,4.462,5.94,15.9
2024-05-23 04:00:00+00:00,7.36,4.331,1.807,6.26,2.611,108.3
2024-05-23 05:00:00+00:00,8.12,4.459,-0.443,6.445,-0.64,215.8
2024-05-23 06:00:00+00:00,9.2,2.738,-2.256,3.957,-3.262,331.2
2024-05-23 07:00:00+00:00,7.22,1.154,-2.827,1.668,-4.086,375.6
2024-05-23 08:00:00+00:00,7.64,-0.323,-3.221,-0.466,-4.655,554.1
2024-05-23 09:00:00+00:00,8.83,-1.777,-2.456,-2.569,-3.55,646.4
2024-05-23 10:00:00+00:00,6.07,-2.342,-1.123,-3.386,-1.624,717.3
2024-05-23 11:00:00+00:00,5.07,-2.595,0.181,-3.751,0.261,761.8
2024-05-23 12:00:00+00:00,6.09,-2.016,1.467,-2.914,2.121,777.0
2024-05-23 13:00:00+00:00,6.61,-0.857,2.46,-1.238,3.556,761.8
2024-05-23 14:00:00+00:00,6.37,0.527,1.993,0.762,2.881,558.7
2024-05-23 15:00:00+00:00,5.8,2.056,1.685,2.972,2.436,595.5
2024-05-23 16:00:00+00:00,6.03,2.03,0.247,2.934,0.357,554.1
2024-05-23 17:00:00+00:00,8.39,2.008,-0.732,2.902,-1.058,446.6
2024-05-23 18:00:00+00:00,11.65,1.773,-1.702,2.562,-2.46,331.2
2024-05-23 19:00:00+00:00,12.36,0.635,-1.892,0.917,-2.735,215.8
2024-05-23 20:00:00+00:00,15.25,-0.393,-3.036,-0.568,-4.389,108.3
2024-05-23 21:00:00+00:00,12.64,-2.189,-3.465,-3.164,-5.008,15.9
2024-05-23 22:00:00+00:00,14.26,-2.876,-1.666,-4.157,-2.408,0.0
2024-05-23 23:00:00+00:00,13.61,-3.078,-0.22,-4.449,-0.319,0.0
2024-05-24 00:00:00+00:00,14.48,-2.858,1.309,-4.131,1.893,0.0
2024-05-24 01:00:00+00:00,15.38,-1.729,2.215,-2.5,3.202,0.0
2024-05-24 02:00:00+00:00,14.85,-0.375,2.858,-0.541,4.131,0.0
2024-05-24 03:00:00+00:00,19.16,1.208,2.576,1.747,3.724,6.9
2024-05-24 04:00:00+00:00,16.44,3.584,2.172,5.181,3.14,29.3
2024-05-24 05:00:00+00:00,16.77,4.392,-0.38,6.348,-0.55,48.1
2024-05-24 06:00:00+00:00,18.24,3.767,-3.263,5.444,-4.717,73.5
2024-05-24 07:00:00+00:00,15.15,0.996,-5.795,1.44,-8.376,98.8
2024-05-24 08:00:00+00:00,14.11,-2.762,-4.655,-3.992,-6.728,122.5
2024-05-24 09:00:00+00:00,11.53,-4.173,-1.439,-6.031,-2.08,142.8
2024-05-24 10:00:00+00:00,8.61,-3.634,1.524,-5.253,2.203,158.3
2024-05-24 11:00:00+00:00,7.39,-2.064,4.048,-2.983,5.851,168.1
2024-05-24 12:00:00+00:00,6.42,1.002,4.688,1.449,6.776,171.4
2024-05-24 13:00:00+00:00,8.07,4.197,3.706,6.066,5.357,195.9
2024-05-24 14:00:00+00:00,9.22,6.318,0.655,9.132,0.947,309.4
2024-05-24 15:00:00+00:00,11.39,4.856,-2.317,7.019,-3.349,142.8
2024-05-24 16:00:00+00:00,9.72,2.366,-3.63,3.421,-5.247,122.5
2024-05-24 17:00:00+00:00,10.66,0.22,-4.597,0.319,-6.644,98.8
2024-05-24 18:00:00+00:00,12.26,-2.552,-4.346,-3.688,-6.282,73.5
2024-05-24 19:00:00+00:00,15.92,-4.058,-2.026,-5.866,-2.929,65.6
2024-05-24 20:00:00+00:00,16.4,-5.126,0.805,-7.41,1.164,93.2
2024-05-24 21:00:00+00:00,17.81,-3.713,3.012,-5.367,4.354,19.2
2024-05-24 22:00:00+00:00,21.94,-1.979,4.116,-2.86,5.95,0.0
2024-05-24 23:00:00+00:00,20.79,-0.051,4.029,-0.073,5.824,0.0
2024-05-25 00:00:00+00:00,20.21,1.502,3.181,2.171,4.598,0.0
2024-05-25 01:00:00+00:00,18.94,2.398,1.672,3.466,2.417,0.0
2024-05-25 02:00:00+00:00,18.83,2.547,-0.019,3.682,-0.028,0.0
2024-05-25 03:00:00+00:00,14.89,2.123,-1.481,3.069,-2.14,22.3
2024-05-25 04:00:00+00:00,16.03,0.858,-2.684,1.241,-3.88,114.4
2024-05-25 05:00:00+00:00,18.53,-0.673,-2.714,-0.972,-3.922,221.6
2024-05-25 06:00:00+00:00,18.41,-1.507,-1.598,-2.179,-2.31,336.7
2024-05-25 07:00:00+00:00,15.63,-1.783,-0.473,-2.577,-0.683,451.8
2024-05-25 08:00:00+00:00,15.33,-1.668,0.453,-2.411,0.655,559.1
2024-05-25 09:00:00+00:00,15.65,-1.459,1.461,-2.109,2.112,651.2
2024-05-25 10:00:00+00:00,13.78,-0.735,2.363,-1.062,3.416,566.2
2024-05-25 11:00:00+00:00,11.9,0.486,2.387,0.702,3.451,764.5
2024-05-25 12:00:00+00:00,11.21,1.35,1.777,1.952,2.568,781.5
2024-05-25 13:00:00+00:00,10.95,1.382,0.737,1.997,1.065,766.3
2024-05-25 14:00:00+00:00,12.35,1.476,0.234,2.133,0.338,721.9
2024-05-25 15:00:00+00:00,9.89,1.418,-0.313,2.05,-0.452,651.2
2024-05-25 16:00:00+00:00,9.16,1.296,-0.955,1.874,-1.381,559.1
2024-05-25 17:00:00+00:00,11.68,0.737,-1.34,1.065,-1.937,305.1
2024-05-25 18:00:00+00:00,12.11,0.086,-1.613,0.125,-2.332,262.8
2024-05-25 19:00:00+00:00,11.0,-0.686,-1.632,-0.992,-2.359,186.1
2024-05-25 20:00:00+00:00,12.23,-1.16,-0.855,-1.676,-1.236,99.1
2024-05-25 21:00:00+00:00,14.39,-1.917,-0.197,-2.771,-0.284,13.4
2024-05-25 22:00:00+00:00,15.1,-1.988,1.044,-2.874,1.509,0.0
2024-05-25 23:00:00+00:00,13.82,-0.978,1.835,-1.413,2.653,0.0
2024-05-26 00:00:00+00:00,15.84,0.223,2.028,0.323,2.931,0.0
2024-05-26 01:00:00+00:00,15.75,1.216,1.418,1.757,2.05,0.0
2024-05-26 02:00:00+00:00,13.87,1.701,0.382,2.459,0.553,0.0
2024-05-26 03:00:00+00:00,11.54,1.465,-0.633,2.118,-0.914,18.1
2024-05-26 04:00:00+00:00,13.81,0.997,-1.459,1.441,-2.109,109.2
2024-05-26 05:00:00+00:00,12.18,-0.087,-1.797,-0.126,-2.597,224.4
2024-05-26 06:00:00+00:00,11.9,-0.928,-1.24,-1.341,-1.793,339.4
2024-05-26 07:00:00+00:00,9.76,-1.494,-0.468,-2.159,-0.676,454.4
2024-05-26 08:00:00+00:00,7.83,-1.4,0.458,-2.024,0.662,561.5
2024-05-26 09:00:00+00:00,5.19,-0.901,1.144,-1.302,1.654,653.1
2024-05-26 10:00:00+00:00,3.53,-0.091,1.508,-0.132,2.18,724.1
2024-05-26 11:00:00+00:00,2.23,0.818,1.425,1.182,2.059,677.7
2024-05-26 12:00:00+00:00,2.51,1.277,0.686,1.846,0.992,660.8
2024-05-26 13:00:00+00:00,3.61,1.126,-0.076,1.628,-0.11,768.5
2024-05-26 14:00:00+00:00,4.48,0.643,-0.538,0.929,-0.778,724.1
2024-05-26 15:00:00+00:00,5.29,0.132,-0.807,0.191,-1.167,653.5
2024-05-26 16:00:00+00:00,7.7,-0.468,-0.874,-0.677,-1.263,561.5
2024-05-26 17:00:00+00:00,7.69,-0.902,-0.402,-1.304,-0.582,454.4
2024-05-26 18:00:00+00:00,8.54,-0.868,0.12,-1.254,0.173,339.4
2024-05-26 19:00:00+00:00,12.61,-0.67,0.505,-0.969,0.731,224.4
2024-05-26 20:00:00+00:00,15.38,-0.351,0.752,-0.507,1.087,117.3
2024-05-26 21:00:00+00:00,14.56,0.019,1.036,0.028,1.497,25.3
2024-05-26 22:00:00+00:00,15.32,0.424,0.995,0.613,1.438,0.0
2024-05-26 23:00:00+00:00,15.45,0.751,0.845,1.085,1.221,0.0
2024-05-27 00:00:00+00:00,16.68,0.902,0.393,1.304,0.569,0.0
2024-05-27 01:00:00+00:00,16.83,0.747,-0.013,1.079,-0.019,0.0
2024-05-27 02:00:00+00:00,19.69,0.76,-0.312,1.099,-0.451,0.0
2024-05-27 03:00:00+00:00,17.65,0.485,-0.445,0.701,-0.643,22.6
2024-05-27 04:00:00+00:00,18.17,0.361,-0.608,0.521,-0.879,79.3
2024-05-27 05:00:00+00:00,15.45,0.153,-0.629,0.221,-0.91,97.9
2024-05-27 06:00:00+00:00,14.43,-0.122,-0.791,-0.177,-1.143,314.4
2024-05-27 07:00:00+00:00,13.72,-0.427,-0.693,-0.617,-1.002,209.2
2024-05-27 08:00:00+00:00,11.44,-0.593,-0.545,-0.858,-0.788,238.8
2024-05-27 09:00:00+00:00,13.97,-1.1,-0.48,-1.589,-0.694,615.5
2024-05-27 10:00:00+00:00,12.72,-1.123,-0.14,-1.624,-0.202,569.5
2024-05-27 11:00:00+00:00,10.01,-1.278,0.172,-1.848,0.249,639.3
2024-05-27 12:00:00+00:00,9.75,-1.299,0.526,-1.878,0.76,228.7
2024-05-27 13:00:00+00:00,8.61,-1.107,0.918,-1.6,1.327,359.1
2024-05-27 14:00:00+00:00,10.92,-0.89,1.388,-1.286,2.007,159.8
2024-05-27 15:00:00+00:00,10.8,-0.5,2.005,-0.722,2.898,144.2
2024-05-27 16:00:00+00:00,9.59,0.16,1.945,0.232,2.812,124.0
2024-05-27 17:00:00+00:00,9.7,0.838,1.967,1.211,2.843,100.5
2024-05-27 18:00:00+00:00,8.07,1.596,1.919,2.307,2.774,75.2
2024-05-27 19:00:00+00:00,9.44,2.266,1.43,3.275,2.066,50.0
2024-05-27 20:00:00+00:00,10.84,3.47,1.041,5.015,1.505,92.3
2024-05-27 21:00:00+00:00,11.33,3.796,-0.191,5.486,-0.276,25.9
2024-05-27 22:00:00+00:00,12.49,3.308,-1.671,4.781,-2.416,0.0
2024-05-27 23:00:00+00:00,13.33,2.38,-2.959,3.44,-4.276,0.0
2024-05-28 00:00:00+00:00,13.35,0.722,-3.492,1.044,-5.048,0.0
2024-05-28 01:00:00+00:00,10.88,-1.284,-3.859,-1.855,-5.578,0.0
2024-05-28 02:00:00+00:00,10.87,-2.452,-2.451,-3.544,-3.543,0.0
2024-05-28 03:00:00+00:00,12.91,-2.997,-1.178,-4.332,-1.703,15.7
2024-05-28 04:00:00+00:00,11.14,-2.272,0.096,-3.284,0.139,75.1
2024-05-28 05:00:00+00:00,11.89,-2.518,1.052,-3.639,1.52,229.6
2024-05-28 06:00:00+00:00,10.56,-2.047,1.934,-2.959,2.796,344.4
2024-05-28 07:00:00+00:00,13.44,-1.127,2.152,-1.629,3.111,459.1
2024-05-28 08:00:00+00:00,14.33,-0.531,2.567,-0.767,3.711,566.0
2024-05-28 09:00:00+00:00,15.3,0.154,2.259,0.222,3.265,657.8
2024-05-28 10:00:00+00:00,14.81,0.826,2.384,1.193,3.445,728.2
2024-05-28 11:00:00+00:00,12.7,1.04,1.583,1.503,2.288,772.5
2024-05-28 12:00:00+00:00,12.03,1.605,1.541,2.32,2.227,787.6
2024-05-28 13:00:00+00:00,13.8,1.362,0.807,1.968,1.166,772.5
2024-05-28 14:00:00+00:00,14.35,2.125,0.604,3.071,0.873,728.2
2024-05-28 15:00:00+00:00,17.61,2.38,0.161,3.439,0.232,657.8
2024-05-28 16:00:00+00:00,16.95,2.951,-0.178,4.265,-0.257,566.0
2024-05-28 17:00:00+00:00,13.65,3.201,-0.474,4.627,-0.686,324.6
2024-05-28 18:00:00+00:00,14.47,3.373,-1.065,4.875,-1.54,309.0
2024-05-28 19:00:00+00:00,16.8,3.711,-1.629,5.365,-2.355,212.4
2024-05-28 20:00:00+00:00,18.38,3.402,-2.051,4.917,-2.965,122.7
2024-05-28 21:00:00+00:00,20.9,4.042,-3.289,5.843,-4.753,26.1
2024-05-28 22:00:00+00:00,20.83,3.337,-3.517,4.824,-5.083,0.0
2024-05-28 23:00:00+00:00,20.03,2.821,-4.055,4.078,-5.861,0.0
2024-05-29 00:00:00+00:00,21.59,1.601,-3.901,2.315,-5.639,0.0
2024-05-29 01:00:00+00:00,21.68,0.632,-4.303,0.914,-6.22,0.0
2024-05-29 02:00:00+00:00,20.28,-0.153,-5.122,-0.221,-7.404,0.0
2024-05-29 03:00:00+00:00,18.13,-0.753,-5.679,-1.088,-8.208,23.3
2024-05-29 04:00:00+00:00,20.09,-1.673,-6.237,-2.418,-9.016,27.6
2024-05-29 05:00:00+00:00,19.04,-2.447,-5.936,-3.536,-8.58,51.1
2024-05-29 06:00:00+00:00,16.24,-3.42,-6.43,-4.944,-9.294,76.3
2024-05-29 07:00:00+00:00,13.07,-3.186,-4.125,-4.605,-5.962,280.0
2024-05-29 08:00:00+00:00,12.01,-4.446,-3.649,-6.426,-5.274,125.0
2024-05-29 09:00:00+00:00,10.5,-3.683,-2.027,-5.323,-2.93,235.4
2024-05-29 10:00:00+00:00,10.94,-4.435,-1.092,-6.41,-1.579,160.6
2024-05-29 11:00:00+00:00,11.99,-4.545,0.09,-6.569,0.131,248.1
2024-05-29 12:00:00+00:00,11.95,-3.966,1.285,-5.732,1.858,327.3
2024-05-29 13:00:00+00:00,8.72,-3.267,2.146,-4.722,3.102,178.9
2024-05-29 14:00:00+00:00,9.53,-2.875,3.319,-4.155,4.797,299.2
2024-05-29 15:00:00+00:00,9.35,-2.494,4.461,-3.605,6.448,192.7
2024-05-29 16:00:00+00:00,9.36,-1.286,4.789,-1.859,6.923,125.0
2024-05-29 17:00:00+00:00,7.53,0.125,6.013,0.181,8.692,101.5
2024-05-29 18:00:00+00:00,7.13,1.829,5.501,2.643,7.952,76.3
2024-05-29 19:00:00+00:00,7.43,3.402,4.837,4.917,6.992,51.1
2024-05-29 20:00:00+00:00,8.73,4.914,4.171,7.103,6.029,27.6
2024-05-29 21:00:00+00:00,11.36,6.553,3.294,9.472,4.761,7.4
2024-05-29 22:00:00+00:00,15.67,6.15,1.266,8.89,1.829,0.0
2024-05-29 23:00:00+00:00,17.81,5.147,-0.645,7.44,-0.933,0.0
2024-05-30 00:00:00+00:00,19.71,4.086,-1.977,5.906,-2.858,0.0
2024-05-30 01:00:00+00:00,21.85,2.78,-2.84,4.018,-4.106,0.0
2024-05-30 02:00:00+00:00,21.0,1.9,-4.0,2.746,-5.782,0.0
2024-05-30 03:00:00+00:00,22.33,0.421,-3.554,0.609,-5.137,18.3
2024-05-30 04:00:00+00:00,24.93,-0.59,-3.236,-0.853,-4.678,80.1
2024-05-30 05:00:00+00:00,22.32,-1.572,-2.612,-2.272,-3.776,146.8
2024-05-30 06:00:00+00:00,20.25,-3.08,-2.485,-4.452,-3.592,132.7
2024-05-30 07:00:00+00:00,16.27,-3.623,-0.977,-5.237,-1.413,463.4
2024-05-30 08:00:00+00:00,14.85,-4.632,0.558,-6.695,0.806,570.1
2024-05-30 09:00:00+00:00,13.56,-4.382,2.191,-6.334,3.168,661.7
2024-05-30 10:00:00+00:00,16.23,-3.053,3.045,-4.413,4.401,732.0
2024-05-30 11:00:00+00:00,14.59,-2.232,3.832,-3.227,5.539,776.2
2024-05-30 12:00:00+00:00,13.34,-1.366,3.942,-1.974,5.698,791.2
2024-05-30 13:00:00+00:00,11.9,-0.524,3.556,-0.757,5.14,693.8
2024-05-30 14:00:00+00:00,9.4,-0.016,3.399,-0.023,4.913,459.3
2024-05-30 15:00:00+00:00,10.39,0.804,4.698,1.162,6.791,642.4
2024-05-30 16:00:00+00:00,10.8,1.147,3.767,1.658,5.445,482.9
2024-05-30 17:00:00+00:00,12.9,1.399,3.471,2.023,5.018,347.0
2024-05-30 18:00:00+00:00,14.84,1.574,2.776,2.275,4.013,206.1
2024-05-30 19:00:00+00:00,14.97,2.126,2.677,3.072,3.87,122.9
2024-05-30 20:00:00+00:00,15.42,2.48,1.844,3.584,2.665,117.2
2024-05-30 21:00:00+00:00,15.47,2.912,1.175,4.209,1.699,20.3
2024-05-30 22:00:00+00:00,15.5,2.75,0.224,3.974,0.323,0.0
2024-05-30 23:00:00+00:00,11.97,3.063,-0.894,4.428,-1.293,0.0
2024-05-31 00:00:00+00:00,13.78,2.775,-1.888,4.011,-2.729,0.0
2024-05-31 01:00:00+00:00,16.04,2.303,-2.952,3.328,-4.266,0.0
2024-05-31 02:00:00+00:00,16.67,1.793,-3.93,2.591,-5.68,0.0
2024-05-31 03:00:00+00:00,17.32,0.762,-3.937,1.102,-5.69,19.9
2024-05-31 04:00:00+00:00,15.42,-0.42,-5.007,-0.607,-7.238,64.5
2024-05-31 05:00:00+00:00,11.7,-2.26,-4.632,-3.266,-6.695,52.1
2024-05-31 06:00:00+00:00,12.03,-4.056,-3.671,-5.863,-5.307,77.2
2024-05-31 07:00:00+00:00,13.49,-4.182,-1.67,-6.045,-2.414,102.4
2024-05-31 08:00:00+00:00,14.57,-5.137,-0.643,-7.426,-0.929,241.1
2024-05-31 09:00:00+00:00,12.92,-4.348,0.65,-6.285,0.94,412.6
2024-05-31 10:00:00+00:00,14.15,-4.64,1.728,-6.706,2.498,702.6
2024-05-31 11:00:00+00:00,12.62,-4.117,2.343,-5.951,3.387,649.0
2024-05-31 12:00:00+00:00,13.13,-3.556,2.757,-5.14,3.985,725.1
2024-05-31 13:00:00+00:00,10.78,-3.816,3.349,-5.516,4.84,777.9
2024-05-31 14:00:00+00:00,11.93,-3.066,2.803,-4.432,4.052,556.0
2024-05-31 15:00:00+00:00,12.59,-2.718,2.503,-3.928,3.618,513.1
2024-05-31 16:00:00+00:00,14.82,-3.174,2.801,-4.587,4.048,285.7
2024-05-31 17:00:00+00:00,13.71,-3.223,2.959,-4.658,4.277,164.7
2024-05-31 18:00:00+00:00,13.99,-2.683,2.403,-3.879,3.474,150.2
2024-05-31 19:00:00+00:00,17.02,-3.256,2.494,-4.707,3.604,52.1
2024-05-31 20:00:00+00:00,18.6,-2.849,2.236,-4.119,3.232,28.6
2024-05-31 21:00:00+00:00,19.7,-3.033,2.198,-4.384,3.178,8.5
2024-05-31 22:00:00+00:00,21.33,-2.502,1.91,-3.616,2.76,0.0
2024-05-31 23:00:00+00:00,22.36,-3.182,2.668,-4.599,3.856,0.0
2024-06-01 00:00:00+00:00,21.5,-2.76,2.639,-3.989,3.815,0.0
2024-06-01 01:00:00+00:00,22.85,-2.642,2.393,-3.818,3.459,0.0
2024-06-01 02:00:00+00:00,22.19,-2.653,2.271,-3.835,3.283,0.0
2024-06-01 03:00:00+00:00,20.74,-2.581,1.922,-3.731,2.779,18.1
2024-06-01 04:00:00+00:00,20.84,-2.355,1.569,-3.404,2.269,36.7
2024-06-01 05:00:00+00:00,22.84,-2.719,1.646,-3.931,2.379,52.5
2024-06-01 06:00:00+00:00,22.53,-2.815,1.628,-4.068,2.353,77.7
2024-06-01 07:00:00+00:00,19.44,-3.191,1.567,-4.612,2.265,102.8
2024-06-01 08:00:00+00:00,17.41,-2.844,1.019,-4.11,1.473,126.2
2024-06-01 09:00:00+00:00,15.69,-2.977,1.022,-4.302,1.477,194.9
2024-06-01 10:00:00+00:00,11.45,-4.271,1.465,-6.173,2.117,320.1
2024-06-01 11:00:00+00:00,10.08,-3.511,1.237,-5.074,1.787,680.7
2024-06-01 12:00:00+00:00,11.75,-3.359,1.194,-4.856,1.726,323.4
2024-06-01 13:00:00+00:00,12.94,-4.25,1.529,-6.143,2.21,171.8
2024-06-01 14:00:00+00:00,14.45,-5.7,2.278,-8.238,3.292,161.8
2024-06-01 15:00:00+00:00,14.4,-3.779,1.493,-5.462,2.158,146.4
2024-06-01 16:00:00+00:00,14.75,-3.986,1.838,-5.762,2.657,126.2
2024-06-01 17:00:00+00:00,14.62,-3.853,2.194,-5.569,3.172,102.8
2024-06-01 18:00:00+00:00,13.28,-3.365,2.59,-4.863,3.744,342.1
2024-06-01 19:00:00+00:00,15.34,-3.197,3.269,-4.621,4.725,238.9
2024-06-01 20:00:00+00:00,17.25,-2.129,2.759,-3.077,3.987,132.4
2024-06-01 21:00:00+00:00,21.03,-2.109,2.915,-3.048,4.213,41.0
2024-06-01 22:00:00+00:00,18.61,-1.912,3.038,-2.763,4.392,0.0
2024-06-01 23:00:00+00:00,18.98,-2.294,3.973,-3.315,5.742,0.0
2024-06-02 00:00:00+00:00,21.28,-2.064,3.898,-2.984,5.634,0.0
2024-06-02 01:00:00+00:00,23.86,-1.61,3.679,-2.327,5.318,0.0
2024-06-02 02:00:00+00:00,22.73,-1.276,3.54,-1.845,5.116,0.0
2024-06-02 03:00:00+00:00,22.71,-0.906,3.23,-1.31,4.668,43.2
2024-06-02 04:00:00+00:00,20.36,-0.573,2.838,-0.828,4.103,134.5
2024-06-02 05:00:00+00:00,18.71,-0.4,2.82,-0.578,4.076,240.9
2024-06-02 06:00:00+00:00,16.44,-0.323,3.182,-0.466,4.599,235.8
2024-06-02 07:00:00+00:00,15.55,-0.315,3.182,-0.455,4.6,469.2
2024-06-02 08:00:00+00:00,14.47,0.008,3.308,0.012,4.781,575.6
2024-06-02 09:00:00+00:00,11.99,0.494,3.355,0.715,4.849,666.9
2024-06-02 10:00:00+00:00,10.39,1.252,3.197,1.81,4.621,577.2
2024-06-02 11:00:00+00:00,11.84,1.744,3.2,2.521,4.626,721.5
2024-06-02 12:00:00+00:00,12.13,1.979,2.842,2.86,4.108,749.9
2024-06-02 13:00:00+00:00,12.94,2.386,2.757,3.449,3.984,512.8
2024-06-02 14:00:00+00:00,10.36,2.852,2.57,4.122,3.715,725.2
2024-06-02 15:00:00+00:00,10.51,2.507,1.543,3.624,2.231,666.9
2024-06-02 16:00:00+00:00,9.51,2.354,0.95,3.403,1.373,575.6
2024-06-02 17:00:00+00:00,13.1,2.875,0.7,4.156,1.012,469.2
2024-06-02 18:00:00+00:00,14.6,3.044,0.289,4.4,0.417,288.8
2024-06-02 19:00:00+00:00,16.68,3.203,-0.103,4.63,-0.149,193.7
2024-06-02 20:00:00+00:00,13.89,3.313,-0.747,4.788,-1.08,93.2
2024-06-02 21:00:00+00:00,12.8,3.544,-1.598,5.123,-2.31,40.7
2024-06-02 22:00:00+00:00,14.85,3.383,-2.025,4.89,-2.927,0.0
2024-06-02 23:00:00+00:00,16.56,2.836,-2.033,4.099,-2.939,0.0
2024-06-03 00:00:00+00:00,15.95,2.45,-2.132,3.542,-3.082,0.0
2024-06-03 01:00:00+00:00,16.25,2.541,-2.56,3.673,-3.7,0.0
2024-06-03 02:00:00+00:00,18.1,2.821,-3.272,4.077,-4.729,0.0
2024-06-03 03:00:00+00:00,15.41,2.111,-3.072,3.052,-4.441,45.3
2024-06-03 04:00:00+00:00,11.36,1.62,-2.961,2.342,-4.28,136.5
2024-06-03 05:00:00+00:00,10.15,1.425,-3.28,2.06,-4.741,242.8
2024-06-03 06:00:00+00:00,8.63,0.873,-2.778,1.262,-4.015,356.9
2024-06-03 07:00:00+00:00,8.71,0.521,-2.317,0.753,-3.35,470.9
2024-06-03 08:00:00+00:00,7.84,0.527,-2.661,0.762,-3.846,577.2
2024-06-03 09:00:00+00:00,7.73,0.288,-2.031,0.417,-2.936,668.5
2024-06-03 10:00:00+00:00,10.19,0.163,-2.025,0.236,-2.927,738.5
2024-06-03 11:00:00+00:00,9.9,-0.048,-1.773,-0.07,-2.563,655.9
2024-06-03 12:00:00+00:00,8.35,-0.428,-2.06,-0.619,-2.978,534.4
2024-06-03 13:00:00+00:00,6.86,-0.763,-1.613,-1.104,-2.331,782.5
2024-06-03 14:00:00+00:00,7.34,-1.457,-1.758,-2.106,-2.541,738.5
2024-06-03 15:00:00+00:00,10.34,-2.141,-1.594,-3.094,-2.304,668.5
2024-06-03 16:00:00+00:00,10.5,-2.326,-0.93,-3.362,-1.344,577.2
2024-06-03 17:00:00+00:00,10.32,-2.661,-0.167,-3.846,-0.241,470.9
2024-06-03 18:00:00+00:00,11.32,-2.955,0.769,-4.271,1.111,356.9
2024-06-03 19:00:00+00:00,11.76,-2.391,1.304,-3.456,1.884,242.8
2024-06-03 20:00:00+00:00,13.98,-1.718,1.445,-2.483,2.089,136.5
2024-06-03 21:00:00+00:00,14.32,-1.58,1.862,-2.284,2.691,45.3
2024-06-03 22:00:00+00:00,16.05,-1.487,2.313,-2.149,3.343,0.0
2024-06-03 23:00:00+00:00,17.93,-1.094,2.519,-1.581,3.641,0.0
2024-06-04 00:00:00+00:00,20.46,-0.704,2.644,-1.018,3.822,0.0
2024-06-04 01:00:00+00:00,19.06,-0.376,3.013,-0.543,4.355,0.0
2024-06-04 02:00:00+00:00,17.43,0.057,2.929,0.082,4.234,0.0
2024-06-04 03:00:00+00:00,20.12,0.524,2.643,0.757,3.82,47.3
2024-06-04 04:00:00+00:00,19.69,1.507,3.165,2.179,4.575,138.5
2024-06-04 05:00:00+00:00,16.41,2.03,2.382,2.934,3.443,244.6
2024-06-04 06:00:00+00:00,15.71,2.244,1.669,3.244,2.412,350.8
2024-06-04 07:00:00+00:00,15.55,3.919,1.637,5.664,2.367,469.7
2024-06-04 08:00:00+00:00,14.52,4.289,0.591,6.199,0.854,571.0
2024-06-04 09:00:00+00:00,13.02,3.804,-0.599,5.499,-0.866,642.1
2024-06-04 10:00:00+00:00,9.61,3.747,-1.55,5.415,-2.241,361.9
2024-06-04 11:00:00+00:00,10.5,3.284,-2.291,4.747,-3.312,172.5
2024-06-04 12:00:00+00:00,9.29,2.267,-2.946,3.277,-4.258,438.6
2024-06-04 13:00:00+00:00,8.53,1.039,-3.231,1.502,-4.67,501.1
2024-06-04 14:00:00+00:00,8.45,-0.267,-3.289,-0.386,-4.754,162.8
2024-06-04 15:00:00+00:00,8.28,-1.26,-2.965,-1.821,-4.286,177.7
2024-06-04 16:00:00+00:00,10.96,-2.899,-2.932,-4.191,-4.238,167.4
2024-06-04 17:00:00+00:00,10.87,-3.432,-1.643,-4.961,-2.376,258.0
2024-06-04 18:00:00+00:00,9.66,-4.707,-0.436,-6.804,-0.63,257.9
2024-06-04 19:00:00+00:00,8.82,-5.292,1.446,-7.649,2.091,112.7
2024-06-04 20:00:00+00:00,12.63,-3.57,2.396,-5.16,3.463,94.3
2024-06-04 21:00:00+00:00,16.1,-2.661,3.668,-3.847,5.302,29.2
2024-06-04 22:00:00+00:00,16.29,-1.232,4.464,-1.781,6.452,0.0
2024-06-04 23:00:00+00:00,18.15,0.521,4.038,0.752,5.837,0.0
2024-06-05 00:00:00+00:00,16.99,2.124,3.871,3.07,5.595,0.0
2024-06-05 01:00:00+00:00,15.56,3.099,2.544,4.479,3.677,0.0
2024-06-05 02:00:00+00:00,14.94,5.305,1.575,7.668,2.276,0.0
2024-06-05 03:00:00+00:00,14.85,4.872,-0.511,7.042,-0.739,27.2
2024-06-05 04:00:00+00:00,15.32,3.97,-2.019,5.738,-2.918,135.1
2024-06-05 05:00:00+00:00,15.01,3.022,-3.097,4.368,-4.477,213.9
2024-06-05 06:00:00+00:00,12.66,1.526,-2.903,2.206,-4.196,261.0
2024-06-05 07:00:00+00:00,11.29,0.836,-4.513,1.209,-6.523,142.7
2024-06-05 08:00:00+00:00,9.14,-0.127,-4.032,-0.184,-5.828,313.4
2024-06-05 09:00:00+00:00,8.98,-0.415,-3.848,-0.6,-5.561,607.3
2024-06-05 10:00:00+00:00,7.88,-1.155,-4.018,-1.669,-5.808,553.4
2024-06-05 11:00:00+00:00,5.69,-1.23,-3.731,-1.777,-5.393,522.2
2024-06-05 12:00:00+00:00,4.23,-1.323,-2.867,-1.912,-4.144,480.3
2024-06-05 13:00:00+00:00,4.51,-1.059,-1.971,-1.53,-2.848,252.0
2024-06-05 14:00:00+00:00,3.67,-1.474,-2.023,-2.13,-2.924,598.9
2024-06-05 15:00:00+00:00,2.87,-1.747,-1.814,-2.526,-2.623,489.3
2024-06-05 16:00:00+00:00,5.39,-1.81,-1.465,-2.616,-2.117,504.8
2024-06-05 17:00:00+00:00,5.38,-1.918,-1.25,-2.772,-1.807,474.1
2024-06-05 18:00:00+00:00,7.06,-2.235,-0.979,-3.23,-1.416,304.5
2024-06-05 19:00:00+00:00,8.82,-2.494,-0.563,-3.605,-0.813,246.4
2024-06-05 20:00:00+00:00,9.96,-2.56,-0.158,-3.701,-0.228,140.3
2024-06-05 21:00:00+00:00,11.83,-2.589,0.208,-3.743,0.3,49.2
2024-06-05 22:00:00+00:00,14.86,-3.031,0.722,-4.381,1.043,0.0
2024-06-05 23:00:00+00:00,14.3,-3.559,1.694,-5.145,2.449,0.0
2024-06-06 00:00:00+00:00,14.64,-2.996,2.251,-4.33,3.253,0.0
2024-06-06 01:00:00+00:00,13.59,-1.989,2.467,-2.875,3.566,0.0
2024-06-06 02:00:00+00:00,14.99,-1.334,3.18,-1.929,4.597,0.0
2024-06-06 03:00:00+00:00,14.78,-0.502,3.506,-0.726,5.067,50.9
2024-06-06 04:00:00+00:00,16.81,0.362,4.666,0.523,6.744,142.0
2024-06-06 05:00:00+00:00,13.41,1.842,4.907,2.662,7.092,248.0
2024-06-06 06:00:00+00:00,13.29,3.344,4.072,4.834,5.886,361.8
2024-06-06 07:00:00+00:00,11.87,4.432,3.16,6.406,4.568,475.5
2024-06-06 08:00:00+00:00,7.14,4.865,1.836,7.033,2.653,581.6
2024-06-06 09:00:00+00:00,6.43,5.035,0.576,7.278,0.833,672.6
2024-06-06 10:00:00+00:00,8.14,4.735,-0.456,6.843,-0.659,742.5
2024-06-06 11:00:00+00:00,7.72,4.864,-1.155,7.031,-1.669,786.4
2024-06-06 12:00:00+00:00,7.64,4.34,-1.365,6.273,-1.973,801.4
2024-06-06 13:00:00+00:00,5.66,3.185,-1.162,4.603,-1.68,786.4
2024-06-06 14:00:00+00:00,7.41,3.642,-1.369,5.264,-1.979,742.5
2024-06-06 15:00:00+00:00,5.39,4.241,-1.784,6.13,-2.578,672.6
2024-06-06 16:00:00+00:00,6.94,3.809,-1.731,5.506,-2.502,581.6
2024-06-06 17:00:00+00:00,5.58,3.71,-1.918,5.363,-2.772,475.5
2024-06-06 18:00:00+00:00,8.01,3.967,-1.894,5.735,-2.737,361.8
2024-06-06 19:00:00+00:00,9.96,4.697,-2.055,6.789,-2.971,248.0
2024-06-06 20:00:00+00:00,10.34,4.517,-2.415,6.529,-3.49,142.0
2024-06-06 21:00:00+00:00,11.84,3.562,-2.032,5.148,-2.937,50.9
2024-06-06 22:00:00+00:00,13.67,4.602,-2.629,6.652,-3.799,0.0
2024-06-06 23:00:00+00:00,14.92,4.038,-2.544,5.837,-3.677,0.0
2024-06-07 00:00:00+00:00,18.33,3.59,-2.499,5.189,-3.613,0.0
2024-06-07 01:00:00+00:00,18.97,3.228,-2.538,4.665,-3.669,0.0
2024-06-07 02:00:00+00:00,20.81,2.938,-2.244,4.246,-3.244,0.0
2024-06-07 03:00:00+00:00,20.32,3.144,-2.505,4.544,-3.621,36.4
2024-06-07 04:00:00+00:00,20.91,2.305,-2.28,3.332,-3.295,85.8
2024-06-07 05:00:00+00:00,19.4,1.965,-2.191,2.84,-3.167,144.3
2024-06-07 06:00:00+00:00,17.43,1.537,-2.448,2.222,-3.538,219.4
2024-06-07 07:00:00+00:00,14.45,1.294,-2.496,1.87,-3.607,283.5
2024-06-07 08:00:00+00:00,13.96,1.345,-2.809,1.944,-4.06,264.3
2024-06-07 09:00:00+00:00,11.61,1.041,-2.556,1.505,-3.694,399.9
2024-06-07 10:00:00+00:00,10.75,0.984,-2.404,1.423,-3.474,417.4
2024-06-07 11:00:00+00:00,10.27,0.846,-2.262,1.223,-3.269,399.9
2024-06-07 12:00:00+00:00,9.59,0.708,-2.026,1.024,-2.929,491.9
2024-06-07 13:00:00+00:00,8.51,0.64,-1.897,0.926,-2.742,708.3
2024-06-07 14:00:00+00:00,9.97,0.507,-1.47,0.733,-2.125,278.3
2024-06-07 15:00:00+00:00,10.32,0.532,-1.607,0.769,-2.323,396.0
2024-06-07 16:00:00+00:00,11.06,0.651,-1.628,0.942,-2.354,407.9
2024-06-07 17:00:00+00:00,11.45,0.779,-1.51,1.126,-2.182,476.9
2024-06-07 18:00:00+00:00,12.73,0.914,-1.57,1.322,-2.269,363.2
2024-06-07 19:00:00+00:00,13.35,0.885,-1.469,1.279,-2.123,249.5
2024-06-07 20:00:00+00:00,14.71,0.844,-1.173,1.22,-1.695,125.7
2024-06-07 21:00:00+00:00,15.13,0.97,-1.262,1.402,-1.824,49.8
2024-06-07 22:00:00+00:00,14.84,1.036,-1.253,1.497,-1.812,0.0
2024-06-07 23:00:00+00:00,16.19,0.89,-1.028,1.286,-1.487,0.0
2024-06-08 00:00:00+00:00,17.42,1.076,-1.061,1.555,-1.534,0.0
2024-06-08 01:00:00+00:00,18.23,0.957,-0.841,1.384,-1.216,0.0
2024-06-08 02:00:00+00:00,16.28,0.967,-0.764,1.397,-1.104,0.0
2024-06-08 03:00:00+00:00,14.79,1.136,-0.923,1.642,-1.334,54.1
2024-06-08 04:00:00+00:00,15.48,0.95,-0.892,1.373,-1.289,145.0
2024-06-08 05:00:00+00:00,11.13,1.008,-0.99,1.457,-1.431,250.9
2024-06-08 06:00:00+00:00,12.75,1.211,-1.247,1.751,-1.802,364.5
2024-06-08 07:00:00+00:00,11.36,1.224,-1.309,1.769,-1.892,478.1
2024-06-08 08:00:00+00:00,9.06,1.743,-1.854,2.519,-2.679,584.0
2024-06-08 09:00:00+00:00,10.94,2.545,-2.912,3.679,-4.209,674.9
2024-06-08 10:00:00+00:00,8.87,2.56,-2.962,3.7,-4.282,744.7
2024-06-08 11:00:00+00:00,9.65,2.804,-3.194,4.054,-4.617,788.6
2024-06-08 12:00:00+00:00,8.59,2.951,-3.36,4.266,-4.857,793.8
2024-06-08 13:00:00+00:00,7.53,2.915,-3.424,4.213,-4.95,788.6
2024-06-08 14:00:00+00:00,8.03,2.992,-4.091,4.324,-5.913,744.7
2024-06-08 15:00:00+00:00,6.76,2.455,-3.539,3.549,-5.116,380.5
2024-06-08 16:00:00+00:00,6.47,2.361,-3.325,3.412,-4.806,398.8
2024-06-08 17:00:00+00:00,5.72,2.26,-3.454,3.267,-4.992,355.9
2024-06-08 18:00:00+00:00,7.4,1.932,-3.929,2.793,-5.68,293.0
2024-06-08 19:00:00+00:00,6.21,1.569,-4.533,2.268,-6.553,229.6
2024-06-08 20:00:00+00:00,4.67,0.731,-4.255,1.057,-6.15,139.3
2024-06-08 21:00:00+00:00,8.59,-0.137,-4.607,-0.199,-6.659,43.0
2024-06-08 22:00:00+00:00,10.42,-1.394,-5.083,-2.015,-7.348,0.0
2024-06-08 23:00:00+00:00,11.67,-1.94,-3.544,-2.804,-5.123,0.0
2024-06-09 00:00:00+00:00,10.47,-2.203,-3.0,-3.184,-4.336,0.0
2024-06-09 01:00:00+00:00,11.56,-2.57,-2.457,-3.715,-3.552,0.0
2024-06-09 02:00:00+00:00,11.46,-2.553,-1.818,-3.69,-2.627,0.0
2024-06-09 03:00:00+00:00,9.26,-2.154,-0.92,-3.114,-1.33,12.2
2024-06-09 04:00:00+00:00,8.49,-2.03,-0.393,-2.934,-0.568,32.2
2024-06-09 05:00:00+00:00,10.24,-1.639,0.151,-2.368,0.219,55.5
2024-06-09 06:00:00+00:00,12.16,-1.601,0.596,-2.314,0.861,80.5
2024-06-09 07:00:00+00:00,9.72,-1.127,0.86,-1.629,1.244,105.4
2024-06-09 08:00:00+00:00,10.37,-0.883,1.07,-1.276,1.547,128.7
2024-06-09 09:00:00+00:00,13.35,-0.879,1.676,-1.271,2.423,148.7
2024-06-09 10:00:00+00:00,11.21,-0.582,1.803,-0.841,2.606,169.0
2024-06-09 11:00:00+00:00,10.76,-0.41,2.198,-0.592,3.177,508.5
2024-06-09 12:00:00+00:00,9.96,-0.177,2.313,-0.255,3.344,691.0
2024-06-09 13:00:00+00:00,7.47,0.154,1.816,0.223,2.625,499.1
2024-06-09 14:00:00+00:00,11.1,0.373,1.65,0.54,2.385,440.0
2024-06-09 15:00:00+00:00,11.97,0.481,1.695,0.695,2.45,157.5
2024-06-09 16:00:00+00:00,14.55,0.514,1.58,0.742,2.283,386.1
2024-06-09 17:00:00+00:00,14.39,0.628,1.454,0.908,2.102,285.1
2024-06-09 18:00:00+00:00,15.08,0.919,1.418,1.328,2.05,253.1
2024-06-09 19:00:00+00:00,15.98,1.384,1.42,2.0,2.052,132.8
2024-06-09 20:00:00+00:00,16.68,1.622,0.994,2.344,1.437,112.8
2024-06-09 21:00:00+00:00,19.64,1.456,0.457,2.105,0.661,30.9
2024-06-09 22:00:00+00:00,20.12,1.474,0.038,2.13,0.055,0.0
2024-06-09 23:00:00+00:00,21.61,1.289,-0.243,1.863,-0.351,0.0
2024-06-10 00:00:00+00:00,20.98,1.149,-0.491,1.661,-0.71,0.0
2024-06-10 01:00:00+00:00,21.51,1.008,-0.704,1.456,-1.017,0.0
2024-06-10 02:00:00+00:00,21.66,0.778,-0.81,1.125,-1.171,0.0
2024-06-10 03:00:00+00:00,21.07,0.539,-0.874,0.779,-1.264,22.2
2024-06-10 04:00:00+00:00,21.15,0.337,-0.999,0.487,-1.443,64.5
2024-06-10 05:00:00+00:00,19.46,0.047,-1.384,0.068,-2.0,55.7
2024-06-10 06:00:00+00:00,17.59,-0.409,-1.426,-0.591,-2.061,80.7
2024-06-10 07:00:00+00:00,19.43,-1.024,-1.352,-1.48,-1.954,117.8
2024-06-10 08:00:00+00:00,17.27,-1.858,-1.422,-2.686,-2.055,184.2
2024-06-10 09:00:00+00:00,16.98,-2.04,-0.771,-2.949,-1.114,507.0
2024-06-10 10:00:00+00:00,15.15,-2.095,-0.121,-3.029,-0.174,651.0
2024-06-10 11:00:00+00:00,11.93,-2.057,0.371,-2.973,0.536,611.4
2024-06-10 12:00:00+00:00,12.35,-2.078,0.922,-3.004,1.333,796.0
2024-06-10 13:00:00+00:00,11.27,-1.745,1.573,-2.522,2.274,790.4
2024-06-10 14:00:00+00:00,11.19,-1.141,2.034,-1.65,2.939,746.6
2024-06-10 15:00:00+00:00,9.54,-0.399,1.764,-0.577,2.55,356.8
2024-06-10 16:00:00+00:00,7.78,0.171,1.645,0.247,2.378,325.1
2024-06-10 17:00:00+00:00,11.87,0.8,2.084,1.157,3.013,285.8
2024-06-10 18:00:00+00:00,12.06,1.326,1.668,1.917,2.412,135.2
2024-06-10 19:00:00+00:00,12.76,1.654,1.394,2.39,2.016,98.4
2024-06-10 20:00:00+00:00,12.45,2.056,1.342,2.972,1.94,32.5
2024-06-10 21:00:00+00:00,13.99,2.234,0.882,3.229,1.275,12.5
2024-06-10 22:00:00+00:00,17.71,2.751,0.485,3.976,0.7,0.0
2024-06-10 23:00:00+00:00,17.67,2.773,-0.054,4.009,-0.077,0.0
2024-06-11 00:00:00+00:00,21.19,2.283,-0.516,3.3,-0.746,0.0
2024-06-11 01:00:00+00:00,23.78,1.739,-0.749,2.514,-1.083,0.0
2024-06-11 02:00:00+00:00,22.18,1.493,-1.312,2.158,-1.896,0.0
2024-06-11 03:00:00+00:00,21.74,1.238,-1.943,1.789,-2.809,12.7
2024-06-11 04:00:00+00:00,21.69,0.674,-2.372,0.975,-3.429,100.1
2024-06-11 05:00:00+00:00,18.45,-0.074,-1.932,-0.107,-2.793,118.0
2024-06-11 06:00:00+00:00,19.48,-0.611,-1.785,-0.883,-2.581,217.6
2024-06-11 07:00:00+00:00,15.99,-1.068,-1.348,-1.543,-1.948,232.6
2024-06-11 08:00:00+00:00,16.66,-1.391,-0.904,-2.011,-1.307,354.5
2024-06-11 09:00:00+00:00,15.01,-1.608,-0.584,-2.324,-0.844,334.6
2024-06-11 10:00:00+00:00,13.61,-1.771,-0.313,-2.561,-0.452,221.3
2024-06-11 11:00:00+00:00,11.84,-1.782,0.164,-2.576,0.237,319.2
2024-06-11 12:00:00+00:00,10.77,-1.658,0.367,-2.396,0.531,400.3
2024-06-11 13:00:00+00:00,11.88,-1.853,0.608,-2.678,0.878,791.2
2024-06-11 14:00:00+00:00,13.46,-2.128,0.977,-3.076,1.413,747.4
2024-06-11 15:00:00+00:00,10.06,-1.833,1.133,-2.649,1.638,677.8
2024-06-11 16:00:00+00:00,8.15,-1.681,1.301,-2.43,1.881,587.0
2024-06-11 17:00:00+00:00,10.85,-1.42,1.468,-2.052,2.123,481.3
2024-06-11 18:00:00+00:00,11.93,-1.041,1.753,-1.505,2.533,367.9
2024-06-11 19:00:00+00:00,11.25,-0.415,1.421,-0.6,2.054,250.7
2024-06-11 20:00:00+00:00,11.23,-0.141,2.081,-0.203,3.009,75.0
2024-06-11 21:00:00+00:00,11.21,0.116,2.47,0.168,3.57,23.9
2024-06-11 22:00:00+00:00,12.47,0.306,2.27,0.442,3.282,0.0
2024-06-11 23:00:00+00:00,13.36,0.595,2.149,0.859,3.106,0.0
2024-06-12 00:00:00+00:00,16.55,1.101,2.366,1.591,3.419,0.0
2024-06-12 01:00:00+00:00,16.97,1.633,2.306,2.36,3.332,0.0
2024-06-12 02:00:00+00:00,14.75,1.984,1.768,2.867,2.555,0.0
2024-06-12 03:00:00+00:00,14.56,2.079,0.986,3.005,1.425,14.5
2024-06-12 04:00:00+00:00,16.94,2.065,0.522,2.985,0.755,64.3
2024-06-12 05:00:00+00:00,17.54,2.472,0.266,3.574,0.384,56.2
2024-06-12 06:00:00+00:00,14.44,2.539,0.181,3.669,0.262,81.1
2024-06-12 07:00:00+00:00,13.76,2.949,0.142,4.263,0.205,106.1
2024-06-12 08:00:00+00:00,13.18,2.486,0.011,3.594,0.016,129.3
2024-06-12 09:00:00+00:00,11.2,2.533,0.023,3.661,0.033,149.3
2024-06-12 10:00:00+00:00,11.55,3.209,0.241,4.638,0.349,164.6
2024-06-12 11:00:00+00:00,8.43,3.875,0.48,5.601,0.694,174.2
2024-06-12 12:00:00+00:00,6.79,4.394,0.625,6.351,0.904,234.9
2024-06-12 13:00:00+00:00,9.27,3.607,0.905,5.214,1.307,174.2
2024-06-12 14:00:00+00:00,9.65,3.818,1.268,5.518,1.832,164.6
2024-06-12 15:00:00+00:00,12.58,2.65,0.939,3.831,1.357,149.3
2024-06-12 16:00:00+00:00,15.08,2.86,0.957,4.134,1.384,132.0
2024-06-12 17:00:00+00:00,15.34,2.904,0.886,4.197,1.281,253.8
2024-06-12 18:00:00+00:00,17.2,4.662,1.546,6.738,2.235,271.7
2024-06-12 19:00:00+00:00,16.99,4.252,1.443,6.145,2.086,107.1
2024-06-12 20:00:00+00:00,18.28,4.37,1.798,6.316,2.599,34.7
2024-06-12 21:00:00+00:00,18.86,3.851,1.876,5.567,2.712,28.4
2024-06-12 22:00:00+00:00,21.32,4.839,2.695,6.994,3.895,0.0
2024-06-12 23:00:00+00:00,23.27,5.086,3.087,7.351,4.462,0.0
2024-06-13 00:00:00+00:00,23.48,3.501,2.733,5.061,3.951,0.0
2024-06-13 01:00:00+00:00,20.36,3.701,3.959,5.349,5.723,0.0
2024-06-13 02:00:00+00:00,22.31,3.283,5.181,4.746,7.488,0.0
2024-06-13 03:00:00+00:00,19.87,2.013,5.544,2.91,8.014,36.2
2024-06-13 04:00:00+00:00,20.07,0.559,7.048,0.808,10.187,106.3
2024-06-13 05:00:00+00:00,22.43,-1.089,6.286,-1.574,9.086,256.2
2024-06-13 06:00:00+00:00,22.17,-2.636,6.52,-3.81,9.424,369.6
2024-06-13 07:00:00+00:00,18.03,-3.729,5.677,-5.39,8.206,334.5
2024-06-13 08:00:00+00:00,15.02,-4.717,4.553,-6.818,6.582,287.6
2024-06-13 09:00:00+00:00,13.53,-5.897,4.425,-8.524,6.396,359.4
2024-06-13 10:00:00+00:00,13.59,-6.883,3.966,-9.95,5.733,300.5
2024-06-13 11:00:00+00:00,15.92,-6.714,1.96,-9.704,2.833,178.6
2024-06-13 12:00:00+00:00,15.77,-6.444,0.462,-9.315,0.668,177.6
2024-06-13 13:00:00+00:00,16.19,-5.289,-0.529,-7.645,-0.764,174.4
2024-06-13 14:00:00+00:00,10.4,-5.01,-1.352,-7.242,-1.954,164.7
2024-06-13 15:00:00+00:00,13.39,-4.542,-1.349,-6.566,-1.95,149.4
2024-06-13 16:00:00+00:00,12.64,-4.593,-1.633,-6.639,-2.36,129.5
2024-06-13 17:00:00+00:00,12.65,-4.627,-1.96,-6.687,-2.833,106.2
2024-06-13 18:00:00+00:00,13.49,-5.105,-1.957,-7.379,-2.828,81.3
2024-06-13 19:00:00+00:00,14.63,-4.773,-2.067,-6.899,-2.988,56.4
2024-06-13 20:00:00+00:00,14.46,-3.961,-2.098,-5.726,-3.033,33.3
2024-06-13 21:00:00+00:00,16.79,-3.488,-2.162,-5.041,-3.125,14.1
2024-06-13 22:00:00+00:00,19.68,-3.114,-2.306,-4.502,-3.333,0.0
2024-06-13 23:00:00+00:00,20.52,-3.5,-2.923,-5.058,-4.225,0.0
2024-06-14 00:00:00+00:00,23.4,-3.531,-2.813,-5.104,-4.066,0.0
2024-06-14 01:00:00+00:00,25.68,-4.014,-3.221,-5.802,-4.656,0.0
2024-06-14 02:00:00+00:00,24.19,-4.853,-3.842,-7.014,-5.554,0.0
2024-06-14 03:00:00+00:00,23.2,-3.783,-3.024,-5.468,-4.371,22.4
2024-06-14 04:00:00+00:00,21.97,-3.324,-2.577,-4.805,-3.725,92.3
2024-06-14 05:00:00+00:00,23.32,-3.564,-2.693,-5.152,-3.893,169.8
2024-06-14 06:00:00+00:00,22.79,-2.896,-2.191,-4.186,-3.167,239.0
2024-06-14 07:00:00+00:00,22.94,-2.861,-2.138,-4.135,-3.091,483.6
2024-06-14 08:00:00+00:00,20.26,-3.169,-2.611,-4.581,-3.774,589.2
2024-06-14 09:00:00+00:00,19.34,-2.5,-2.431,-3.614,-3.513,679.8
2024-06-14 10:00:00+00:00,18.5,-2.706,-2.908,-3.911,-4.203,612.6
2024-06-14 11:00:00+00:00,15.82,-2.316,-2.813,-3.347,-4.067,497.3
2024-06-14 12:00:00+00:00,15.71,-1.785,-2.238,-2.58,-3.235,550.9
2024-06-14 13:00:00+00:00,17.35,-1.975,-2.714,-2.855,-3.922,756.3
2024-06-14 14:00:00+00:00,18.05,-2.154,-3.189,-3.113,-4.61,460.2
2024-06-14 15:00:00+00:00,16.77,-3.014,-3.77,-4.357,-5.45,493.2
2024-06-14 16:00:00+00:00,14.27,-3.123,-3.365,-4.515,-4.864,589.2
2024-06-14 17:00:00+00:00,14.4,-3.255,-3.611,-4.705,-5.22,207.1
2024-06-14 18:00:00+00:00,14.39,-3.403,-3.772,-4.919,-5.452,81.5
2024-06-14 19:00:00+00:00,15.04,-3.67,-4.216,-5.305,-6.094,157.7
2024-06-14 20:00:00+00:00,17.78,-3.629,-3.694,-5.246,-5.34,97.5
2024-06-14 21:00:00+00:00,18.36,-2.982,-2.987,-4.31,-4.318,46.2
2024-06-14 22:00:00+00:00,20.5,-2.622,-2.204,-3.791,-3.185,0.0
2024-06-14 23:00:00+00:00,21.71,-2.681,-1.645,-3.876,-2.378,0.0
2024-06-15 00:00:00+00:00,21.73,-2.989,-1.637,-4.321,-2.367,0.0
2024-06-15 01:00:00+00:00,22.49,-3.24,-1.691,-4.683,-2.444,0.0
2024-06-15 02:00:00+00:00,20.62,-2.516,-1.346,-3.636,-1.946,0.0
2024-06-15 03:00:00+00:00,19.73,-2.845,-1.643,-4.112,-2.375,13.5
2024-06-15 04:00:00+00:00,17.7,-2.021,-1.258,-2.921,-1.819,33.5
2024-06-15 05:00:00+00:00,17.97,-2.223,-1.51,-3.213,-2.183,56.7
2024-06-15 06:00:00+00:00,17.65,-2.324,-1.586,-3.359,-2.292,81.6
2024-06-15 07:00:00+00:00,16.2,-2.062,-1.394,-2.981,-2.015,106.5
2024-06-15 08:00:00+00:00,15.73,-2.374,-1.591,-3.431,-2.3,294.3
2024-06-15 09:00:00+00:00,14.77,-3.563,-2.447,-5.15,-3.536,372.2
2024-06-15 10:00:00+00:00,12.61,-3.552,-2.22,-5.134,-3.209,749.9
2024-06-15 11:00:00+00:00,9.26,-3.612,-2.225,-5.221,-3.216,793.6
2024-06-15 12:00:00+00:00,9.79,-4.302,-2.603,-6.218,-3.762,808.5
2024-06-15 13:00:00+00:00,11.23,-4.707,-2.936,-6.804,-4.244,657.1
2024-06-15 14:00:00+00:00,11.24,-4.192,-2.703,-6.059,-3.907,646.3
2024-06-15 15:00:00+00:00,10.94,-4.353,-2.829,-6.292,-4.089,417.6
2024-06-15 16:00:00+00:00,11.89,-6.222,-3.302,-8.993,-4.773,264.7
2024-06-15 17:00:00+00:00,11.59,-5.701,-2.162,-8.241,-3.124,229.4
2024-06-15 18:00:00+00:00,12.49,-5.245,-0.929,-7.582,-1.343,301.9
2024-06-15 19:00:00+00:00,11.43,-5.603,-0.563,-8.099,-0.814,203.6
2024-06-15 20:00:00+00:00,14.36,-7.325,-0.039,-10.588,-0.056,139.7
2024-06-15 21:00:00+00:00,17.0,-6.735,0.268,-9.735,0.388,40.7
2024-06-15 22:00:00+00:00,17.99,-7.877,1.035,-11.385,1.495,0.0
2024-06-15 23:00:00+00:00,20.16,-5.853,1.617,-8.46,2.337,0.0
2024-06-16 00:00:00+00:00,19.37,-6.267,2.525,-9.058,3.649,0.0
2024-06-16 01:00:00+00:00,19.68,-5.81,3.522,-8.399,5.09,0.0
2024-06-16 02:00:00+00:00,19.98,-4.273,3.879,-6.177,5.607,0.0
2024-06-16 03:00:00+00:00,20.37,-3.03,3.805,-4.379,5.501,13.6
2024-06-16 04:00:00+00:00,20.57,-2.185,3.882,-3.159,5.611,33.6
2024-06-16 05:00:00+00:00,21.39,-1.339,3.731,-1.935,5.393,56.8
2024-06-16 06:00:00+00:00,21.12,-0.807,4.351,-1.167,6.289,251.2
2024-06-16 07:00:00+00:00,18.48,-0.175,4.46,-0.253,6.446,358.2
2024-06-16 08:00:00+00:00,16.83,0.155,4.571,0.224,6.607,376.9
2024-06-16 09:00:00+00:00,18.92,0.374,4.565,0.541,6.599,597.8
2024-06-16 10:00:00+00:00,14.57,1.111,5.863,1.606,8.474,739.2
2024-06-16 11:00:00+00:00,15.4,1.901,6.242,2.748,9.023,743.1
2024-06-16 12:00:00+00:00,14.09,2.58,6.746,3.73,9.751,646.0
2024-06-16 13:00:00+00:00,15.49,3.666,7.366,5.299,10.647,558.1
2024-06-16 14:00:00+00:00,13.13,3.543,5.491,5.121,7.937,468.6
2024-06-16 15:00:00+00:00,12.93,4.314,4.424,6.236,6.395,149.8
2024-06-16 16:00:00+00:00,15.24,4.879,3.781,7.052,5.465,129.8
2024-06-16 17:00:00+00:00,14.49,6.351,3.753,9.179,5.425,106.6
2024-06-16 18:00:00+00:00,16.62,6.452,2.936,9.326,4.243,81.7
2024-06-16 19:00:00+00:00,16.13,6.639,2.313,9.596,3.343,56.8
2024-06-16 20:00:00+00:00,17.12,8.103,1.59,11.712,2.298,33.6
2024-06-16 21:00:00+00:00,17.05,7.846,0.446,11.34,0.644,17.1
2024-06-16 22:00:00+00:00,18.09,5.696,-0.3,8.234,-0.433,0.0
2024-06-16 23:00:00+00:00,20.5,7.567,-0.621,10.938,-0.898,0.0
2024-06-17 00:00:00+00:00,23.46,5.538,-0.859,8.005,-1.242,0.0
2024-06-17 01:00:00+00:00,23.28,5.801,-1.309,8.385,-1.893,0.0
2024-06-17 02:00:00+00:00,24.23,4.31,-1.118,6.231,-1.616,0.0
2024-06-17 03:00:00+00:00,26.59,3.038,-1.27,4.391,-1.835,62.4
2024-06-17 04:00:00+00:00,26.12,3.569,-2.205,5.158,-3.188,153.0
2024-06-17 05:00:00+00:00,25.94,3.356,-2.787,4.851,-4.028,258.5
2024-06-17 06:00:00+00:00,22.32,2.971,-3.13,4.295,-4.524,371.8
2024-06-17 07:00:00+00:00,20.22,3.425,-4.463,4.951,-6.451,485.0
2024-06-17 08:00:00+00:00,18.95,2.624,-3.818,3.793,-5.519,537.5
2024-06-17 09:00:00+00:00,16.07,2.329,-3.488,3.366,-5.042,681.1
2024-06-17 10:00:00+00:00,15.12,1.795,-2.463,2.594,-3.56,747.0
2024-06-17 11:00:00+00:00,13.35,1.794,-2.038,2.593,-2.946,794.3
2024-06-17 12:00:00+00:00,10.68,2.483,-2.333,3.589,-3.372,809.2
2024-06-17 13:00:00+00:00,11.88,2.428,-1.933,3.51,-2.794,682.4
2024-06-17 14:00:00+00:00,12.04,2.896,-1.868,4.186,-2.7,452.3
2024-06-17 15:00:00+00:00,12.53,3.363,-1.391,4.861,-2.011,448.9
2024-06-17 16:00:00+00:00,13.64,3.678,-0.72,5.316,-1.041,290.9
2024-06-17 17:00:00+00:00,17.16,3.286,0.189,4.75,0.274,259.4
2024-06-17 18:00:00+00:00,20.5,3.306,0.893,4.778,1.291,248.1
2024-06-17 19:00:00+00:00,18.46,3.009,1.507,4.349,2.178,163.8
2024-06-17 20:00:00+00:00,19.33,2.196,1.468,3.174,2.122,33.7
2024-06-17 21:00:00+00:00,19.85,1.773,2.068,2.562,2.99,34.2
2024-06-17 22:00:00+00:00,20.32,0.894,1.723,1.292,2.49,0.0
2024-06-17 23:00:00+00:00,20.18,0.738,2.396,1.067,3.463,0.0
2024-06-18 00:00:00+00:00,22.41,0.414,2.817,0.598,4.071,0.0
2024-06-18 01:00:00+00:00,20.63,0.003,2.669,0.004,3.858,0.0
2024-06-18 02:00:00+00:00,24.46,-0.395,3.024,-0.571,4.371,0.0
2024-06-18 03:00:00+00:00,22.49,-0.519,3.153,-0.75,4.557,15.4
2024-06-18 04:00:00+00:00,19.65,-0.649,3.013,-0.938,4.354,33.7
2024-06-18 05:00:00+00:00,19.39,-0.614,2.991,-0.887,4.323,56.9
2024-06-18 06:00:00+00:00,17.46,-0.55,3.069,-0.795,4.436,130.9
2024-06-18 07:00:00+00:00,17.85,-0.395,2.506,-0.571,3.622,299.9
2024-06-18 08:00:00+00:00,14.62,-0.305,2.472,-0.441,3.573,344.2
2024-06-18 09:00:00+00:00,16.24,-0.241,2.895,-0.349,4.184,580.0
2024-06-18 10:00:00+00:00,17.03,-0.231,2.364,-0.334,3.417,437.5
2024-06-18 11:00:00+00:00,15.91,-0.34,2.867,-0.492,4.144,505.5
2024-06-18 12:00:00+00:00,17.09,-0.208,2.716,-0.301,3.926,455.4
2024-06-18 13:00:00+00:00,19.76,-0.104,3.485,-0.15,5.037,552.0
2024-06-18 14:00:00+00:00,16.16,0.104,3.27,0.15,4.727,510.8
2024-06-18 15:00:00+00:00,17.32,0.395,2.766,0.57,3.999,525.1
2024-06-18 16:00:00+00:00,17.05,0.681,2.925,0.985,4.227,508.1
2024-06-18 17:00:00+00:00,14.16,0.73,2.721,1.055,3.933,299.4
2024-06-18 18:00:00+00:00,17.81,0.49,1.945,0.708,2.812,306.1
2024-06-18 19:00:00+00:00,17.13,0.554,2.141,0.801,3.095,113.2
2024-06-18 20:00:00+00:00,19.07,0.44,2.05,0.636,2.964,120.1
2024-06-18 21:00:00+00:00,20.3,0.399,2.097,0.577,3.031,44.3
2024-06-18 22:00:00+00:00,21.26,0.403,2.538,0.583,3.668,0.0
2024-06-18 23:00:00+00:00,22.85,0.477,2.458,0.69,3.553,0.0
2024-06-19 00:00:00+00:00,22.4,0.825,3.054,1.192,4.414,0.0
2024-06-19 01:00:00+00:00,20.77,0.706,2.911,1.021,4.207,0.0
2024-06-19 02:00:00+00:00,22.96,0.506,2.649,0.731,3.83,0.0
2024-06-19 03:00:00+00:00,18.78,0.204,2.8,0.295,4.047,13.9
2024-06-19 04:00:00+00:00,16.62,-0.131,3.035,-0.189,4.387,33.8
2024-06-19 05:00:00+00:00,15.61,-0.53,4.036,-0.766,5.834,57.0
2024-06-19 06:00:00+00:00,13.99,-0.853,3.498,-1.234,5.057,81.9
2024-06-19 07:00:00+00:00,12.22,-1.264,3.36,-1.827,4.857,106.8
2024-06-19 08:00:00+00:00,9.16,-1.454,2.875,-2.101,4.156,130.0
2024-06-19 09:00:00+00:00,11.72,-1.536,2.601,-2.22,3.759,149.9
2024-06-19 10:00:00+00:00,11.05,-1.538,1.939,-2.224,2.802,165.2
2024-06-19 11:00:00+00:00,8.86,-1.329,1.36,-1.922,1.965,174.8
2024-06-19 12:00:00+00:00,10.01,-1.906,1.471,-2.755,2.127,178.1
2024-06-19 13:00:00+00:00,11.82,-2.372,1.629,-3.429,2.355,174.8
2024-06-19 14:00:00+00:00,10.18,-2.528,1.404,-3.654,2.03,165.2
2024-06-19 15:00:00+00:00,10.07,-2.858,1.3,-4.131,1.878,149.9
2024-06-19 16:00:00+00:00,11.94,-3.358,1.018,-4.854,1.472,130.0
2024-06-19 17:00:00+00:00,14.94,-3.156,0.833,-4.562,1.205,106.8
2024-06-19 18:00:00+00:00,17.82,-2.757,0.944,-3.985,1.365,81.9
2024-06-19 19:00:00+00:00,19.3,-2.506,1.283,-3.623,1.854,57.0
2024-06-19 20:00:00+00:00,19.93,-2.477,1.492,-3.58,2.157,37.2
2024-06-19 21:00:00+00:00,20.62,-2.261,1.801,-3.269,2.603,14.7
2024-06-19 22:00:00+00:00,20.07,-2.316,2.047,-3.347,2.958,0.0
2024-06-19 23:00:00+00:00,22.79,-2.768,2.672,-4.0,3.862,0.0
2024-06-20 00:00:00+00:00,24.61,-2.241,2.558,-3.239,3.698,0.0
2024-06-20 01:00:00+00:00,23.43,-1.687,2.006,-2.439,2.9,0.0
2024-06-20 02:00:00+00:00,22.85,-1.693,2.081,-2.447,3.008,0.0
2024-06-20 03:00:00+00:00,22.77,-1.444,1.866,-2.087,2.697,40.3
2024-06-20 04:00:00+00:00,22.24,-1.538,1.699,-2.224,2.456,33.8
2024-06-20 05:00:00+00:00,23.65,-1.791,1.532,-2.588,2.214,163.3
2024-06-20 06:00:00+00:00,23.09,-1.976,1.284,-2.856,1.856,122.1
2024-06-20 07:00:00+00:00,22.05,-1.997,0.834,-2.887,1.206,143.3
2024-06-20 08:00:00+00:00,20.12,-1.734,0.472,-2.506,0.683,130.0
2024-06-20 09:00:00+00:00,17.47,-1.832,0.207,-2.649,0.3,235.1
2024-06-20 10:00:00+00:00,19.25,-1.906,-0.081,-2.755,-0.117,446.0
2024-06-20 11:00:00+00:00,18.2,-2.421,-0.389,-3.5,-0.562,385.0
2024-06-20 12:00:00+00:00,16.6,-2.339,-0.778,-3.38,-1.125,713.5
2024-06-20 13:00:00+00:00,12.57,-1.762,-0.978,-2.548,-1.413,587.1
2024-06-20 14:00:00+00:00,12.78,-1.503,-1.41,-2.172,-2.038,424.9
2024-06-20 15:00:00+00:00,12.67,-0.903,-1.451,-1.305,-2.097,614.5
2024-06-20 16:00:00+00:00,11.59,-0.506,-1.858,-0.731,-2.686,591.0
2024-06-20 17:00:00+00:00,13.67,0.074,-1.552,0.107,-2.244,485.5
2024-06-20 18:00:00+00:00,13.79,0.633,-1.651,0.915,-2.386,372.3
2024-06-20 19:00:00+00:00,15.64,1.485,-1.811,2.146,-2.618,259.1
2024-06-20 20:00:00+00:00,17.55,1.529,-0.953,2.21,-1.378,153.6
2024-06-20 21:00:00+00:00,19.72,1.639,-0.322,2.369,-0.465,63.1
2024-06-20 22:00:00+00:00,22.25,1.991,0.172,2.879,0.249,0.0
2024-06-20 23:00:00+00:00,26.32,1.822,0.593,2.633,0.857,0.0
2024-06-21 00:00:00+00:00,27.87,2.066,1.124,2.987,1.625,0.0
2024-06-21 01:00:00+00:00,28.26,1.806,1.704,2.611,2.463,0.0
2024-06-21 02:00:00+00:00,29.3,1.554,2.091,2.246,3.023,0.0
2024-06-21 03:00:00+00:00,28.01,1.152,1.898,1.665,2.744,31.5
2024-06-21 04:00:00+00:00,25.46,0.668,1.272,0.965,1.838,135.9
2024-06-21 05:00:00+00:00,23.1,0.457,1.421,0.661,2.053,208.9
2024-06-21 06:00:00+00:00,23.23,0.245,1.593,0.354,2.303,255.6
2024-06-21 07:00:00+00:00,20.15,0.022,1.582,0.031,2.286,137.5
2024-06-21 08:00:00+00:00,17.06,-0.219,1.43,-0.316,2.067,336.3
2024-06-21 09:00:00+00:00,16.18,-0.501,1.279,-0.724,1.849,149.9
2024-06-21 10:00:00+00:00,15.26,-0.89,1.322,-1.287,1.91,362.2
2024-06-21 11:00:00+00:00,12.22,-1.345,1.157,-1.945,1.673,672.0
2024-06-21 12:00:00+00:00,12.44,-1.523,0.651,-2.201,0.941,679.9
2024-06-21 13:00:00+00:00,11.2,-1.698,0.311,-2.455,0.45,747.7
2024-06-21 14:00:00+00:00,12.78,-1.769,-0.129,-2.558,-0.186,751.0
2024-06-21 15:00:00+00:00,11.21,-1.502,-0.64,-2.171,-0.925,681.5
2024-06-21 16:00:00+00:00,10.68,-1.012,-0.93,-1.463,-1.345,590.9
2024-06-21 17:00:00+00:00,12.26,-0.768,-1.597,-1.11,-2.308,485.5
2024-06-21 18:00:00+00:00,11.72,-0.089,-1.861,-0.129,-2.69,122.9
2024-06-21 19:00:00+00:00,12.83,0.596,-1.686,0.862,-2.436,105.3
2024-06-21 20:00:00+00:00,13.45,1.133,-1.255,1.638,-1.814,95.4
2024-06-21 21:00:00+00:00,15.94,1.623,-0.811,2.346,-1.173,51.2
2024-06-21 22:00:00+00:00,18.13,1.627,-0.029,2.352,-0.042,0.0
2024-06-21 23:00:00+00:00,18.24,1.823,0.86,2.635,1.243,0.0
2024-06-22 00:00:00+00:00,17.26,1.651,1.768,2.386,2.556,0.0
2024-06-22 01:00:00+00:00,16.15,0.906,2.126,1.31,3.073,0.0
2024-06-22 02:00:00+00:00,14.26,-0.056,2.647,-0.081,3.826,0.0
2024-06-22 03:00:00+00:00,14.75,-0.988,2.268,-1.428,3.278,17.6
2024-06-22 04:00:00+00:00,14.05,-2.383,2.265,-3.444,3.274,33.8
2024-06-22 05:00:00+00:00,16.77,-3.15,1.444,-4.553,2.087,83.3
2024-06-22 06:00:00+00:00,16.63,-3.929,0.636,-5.678,0.92,81.9
2024-06-22 07:00:00+00:00,13.71,-4.167,-0.582,-6.023,-0.841,122.2
2024-06-22 08:00:00+00:00,11.87,-4.441,-2.01,-6.42,-2.906,236.2
2024-06-22 09:00:00+00:00,14.89,-3.391,-3.014,-4.902,-4.356,184.6
2024-06-22 10:00:00+00:00,13.07,-1.91,-3.529,-2.761,-5.101,308.7
2024-06-22 11:00:00+00:00,12.31,-0.689,-3.628,-0.996,-5.245,364.8
2024-06-22 12:00:00+00:00,12.2,0.266,-3.615,0.385,-5.225,601.3
2024-06-22 13:00:00+00:00,13.35,1.283,-3.948,1.854,-5.706,452.5
2024-06-22 14:00:00+00:00,13.18,1.98,-3.151,2.862,-4.555,165.2
2024-06-22 15:00:00+00:00,11.82,2.93,-2.636,4.235,-3.811,149.9
2024-06-22 16:00:00+00:00,12.77,3.058,-1.719,4.42,-2.485,130.0
2024-06-22 17:00:00+00:00,15.19,3.046,-0.763,4.403,-1.103,106.8
2024-06-22 18:00:00+00:00,15.83,3.42,0.294,4.943,0.425,93.9
2024-06-22 19:00:00+00:00,15.3,2.583,1.286,3.734,1.859,57.0
2024-06-22 20:00:00+00:00,17.61,1.902,2.174,2.75,3.142,33.8
2024-06-22 21:00:00+00:00,16.09,1.387,3.735,2.004,5.399,13.8
2024-06-22 22:00:00+00:00,16.75,0.02,3.704,0.029,5.354,0.0
2024-06-22 23:00:00+00:00,20.76,-1.591,4.094,-2.3,5.918,0.0
2024-06-23 00:00:00+00:00,23.54,-3.796,4.084,-5.487,5.903,0.0
2024-06-23 01:00:00+00:00,23.79,-4.792,2.208,-6.926,3.192,0.0
2024-06-23 02:00:00+00:00,24.38,-7.279,-0.254,-10.522,-0.367,0.0
2024-06-23 03:00:00+00:00,23.88,-5.894,-3.629,-8.52,-5.246,50.1
2024-06-23 04:00:00+00:00,24.79,-2.486,-5.33,-3.593,-7.705,93.3
2024-06-23 05:00:00+00:00,25.19,0.539,-5.757,0.779,-8.321,195.9
2024-06-23 06:00:00+00:00,24.71,3.712,-4.56,5.365,-6.591,189.3
2024-06-23 07:00:00+00:00,23.55,5.685,-1.769,8.218,-2.557,120.9
2024-06-23 08:00:00+00:00,21.82,4.995,1.776,7.22,2.567,129.9
2024-06-23 09:00:00+00:00,22.07,3.81,4.793,5.508,6.928,149.9
2024-06-23 10:00:00+00:00,21.68,0.524,5.578,0.757,8.063,185.4
2024-06-23 11:00:00+00:00,18.99,-2.241,5.155,-3.239,7.452,174.8
2024-06-23 12:00:00+00:00,16.51,-5.526,3.925,-7.987,5.673,178.0
2024-06-23 13:00:00+00:00,15.13,-6.978,1.205,-10.087,1.741,174.8
2024-06-23 14:00:00+00:00,16.91,-6.882,-2.686,-9.947,-3.883,165.2
2024-06-23 15:00:00+00:00,16.61,-3.966,-5.668,-5.732,-8.192,149.9
2024-06-23 16:00:00+00:00,18.2,-0.248,-6.704,-0.359,-9.69,267.0
2024-06-23 17:00:00+00:00,17.62,3.218,-6.551,4.652,-9.469,421.7
2024-06-23 18:00:00+00:00,17.41,5.741,-4.423,8.299,-6.393,371.9
2024-06-23 19:00:00+00:00,15.96,8.655,-1.79,12.51,-2.587,258.7
2024-06-23 20:00:00+00:00,16.84,9.018,2.326,13.035,3.362,153.2
2024-06-23 21:00:00+00:00,18.15,6.075,4.689,8.781,6.777,58.4
2024-06-23 22:00:00+00:00,17.16,2.682,6.411,3.876,9.266,0.0
2024-06-23 23:00:00+00:00,17.26,-0.741,5.63,-1.071,8.138,0.0
2024-06-24 00:00:00+00:00,20.97,-4.165,5.592,-6.021,8.083,0.0
2024-06-24 01:00:00+00:00,22.95,-5.483,1.889,-7.925,2.73,0.0
2024-06-24 02:00:00+00:00,23.07,-5.287,-1.149,-7.642,-1.661,0.0
2024-06-24 03:00:00+00:00,18.55,-3.834,-4.083,-5.542,-5.901,36.9
2024-06-24 04:00:00+00:00,18.5,-0.878,-5.726,-1.269,-8.276,132.0
2024-06-24 05:00:00+00:00,16.99,1.781,-3.943,2.574,-5.699,258.3
2024-06-24 06:00:00+00:00,16.42,4.085,-2.424,5.904,-3.503,293.2
2024-06-24 07:00:00+00:00,14.2,5.455,0.786,7.885,1.136,391.4
2024-06-24 08:00:00+00:00,13.67,3.179,3.67,4.595,5.304,489.5
2024-06-24 09:00:00+00:00,14.06,-0.178,4.482,-0.258,6.479,481.5
2024-06-24 10:00:00+00:00,11.05,-3.667,3.487,-5.3,5.04,234.8
2024-06-24 11:00:00+00:00,10.88,-3.809,-0.125,-5.505,-0.18,221.5
2024-06-24 12:00:00+00:00,10.62,-2.899,-2.964,-4.19,-4.284,349.7
2024-06-24 13:00:00+00:00,9.06,-0.092,-4.501,-0.132,-6.506,740.2
2024-06-24 14:00:00+00:00,9.33,2.803,-3.385,4.052,-4.893,606.5
2024-06-24 15:00:00+00:00,11.46,3.019,-0.631,4.363,-0.912,361.1
2024-06-24 16:00:00+00:00,12.98,2.729,1.332,3.945,1.925,206.1
2024-06-24 17:00:00+00:00,13.24,1.252,2.437,1.81,3.523,160.4
2024-06-24 18:00:00+00:00,16.53,-0.469,2.467,-0.678,3.565,81.7
2024-06-24 19:00:00+00:00,16.82,-2.013,1.705,-2.91,2.464,56.8
2024-06-24 20:00:00+00:00,17.91,-2.247,-0.064,-3.248,-0.093,33.6
2024-06-24 21:00:00+00:00,16.71,-1.884,-1.61,-2.723,-2.328,13.7
2024-06-24 22:00:00+00:00,21.53,-0.417,-3.672,-0.603,-5.308,0.0
2024-06-24 23:00:00+00:00,19.51,2.117,-2.649,3.06,-3.829,0.0
2024-06-25 00:00:00+00:00,21.93,3.125,-0.4,4.517,-0.579,0.0
2024-06-25 01:00:00+00:00,22.37,2.839,1.991,4.103,2.878,0.0
2024-06-25 02:00:00+00:00,23.46,0.893,3.334,1.29,4.819,0.0
2024-06-25 03:00:00+00:00,21.66,-1.653,4.407,-2.39,6.371,22.9
2024-06-25 04:00:00+00:00,21.64,-4.036,3.485,-5.834,5.038,33.5
2024-06-25 05:00:00+00:00,24.27,-5.252,1.234,-7.592,1.783,85.9
2024-06-25 06:00:00+00:00,21.54,-4.941,-0.8,-7.141,-1.157,212.6
2024-06-25 07:00:00+00:00,21.97,-3.474,-2.419,-5.021,-3.496,106.6
2024-06-25 08:00:00+00:00,22.03,-1.607,-2.851,-2.323,-4.121,129.8
2024-06-25 09:00:00+00:00,21.4,-0.279,-3.503,-0.403,-5.063,149.7
2024-06-25 10:00:00+00:00,18.63,1.059,-3.376,1.53,-4.88,165.0
2024-06-25 11:00:00+00:00,15.84,1.944,-2.473,2.81,-3.575,334.4
2024-06-25 12:00:00+00:00,16.96,2.819,-1.972,4.074,-2.85,463.3
2024-06-25 13:00:00+00:00,17.88,3.775,-1.348,5.456,-1.949,215.8
2024-06-25 14:00:00+00:00,17.4,3.889,-0.065,5.621,-0.093,165.0
2024-06-25 15:00:00+00:00,16.04,3.805,0.844,5.5,1.22,149.7
2024-06-25 16:00:00+00:00,14.46,3.583,1.808,5.179,2.613,149.7
2024-06-25 17:00:00+00:00,15.41,3.477,2.896,5.026,4.187,106.6
2024-06-25 18:00:00+00:00,17.16,2.928,3.846,4.233,5.559,81.6
2024-06-25 19:00:00+00:00,17.09,1.697,3.88,2.453,5.608,88.5
2024-06-25 20:00:00+00:00,19.61,0.795,3.575,1.149,5.167,78.1
2024-06-25 21:00:00+00:00,18.95,0.154,3.832,0.223,5.538,38.0
2024-06-25 22:00:00+00:00,18.95,-0.311,3.463,-0.449,5.006,0.0
2024-06-25 23:00:00+00:00,19.62,-0.578,3.054,-0.836,4.415,0.0
2024-06-26 00:00:00+00:00,20.97,-0.852,3.099,-1.231,4.479,0.0
2024-06-26 01:00:00+00:00,17.85,-1.177,2.998,-1.701,4.333,0.0
2024-06-26 02:00:00+00:00,19.73,-1.057,2.482,-1.528,3.587,0.0
2024-06-26 03:00:00+00:00,20.58,-1.24,2.603,-1.792,3.763,13.4
2024-06-26 04:00:00+00:00,19.98,-1.935,3.115,-2.797,4.502,119.6
2024-06-26 05:00:00+00:00,19.19,-1.582,2.126,-2.287,3.072,257.3
2024-06-26 06:00:00+00:00,16.69,-1.829,2.071,-2.643,2.993,275.4
2024-06-26 07:00:00+00:00,19.3,-1.966,1.903,-2.842,2.751,283.2
2024-06-26 08:00:00+00:00,18.8,-1.88,1.768,-2.718,2.556,293.7
2024-06-26 09:00:00+00:00,19.85,-2.155,1.877,-3.115,2.713,149.6
2024-06-26 10:00:00+00:00,15.96,-2.255,1.566,-3.259,2.263,398.9
2024-06-26 11:00:00+00:00,14.04,-2.303,1.12,-3.328,1.619,304.1
2024-06-26 12:00:00+00:00,13.5,-2.594,0.813,-3.75,1.176,390.4
2024-06-26 13:00:00+00:00,12.72,-2.677,0.487,-3.869,0.704,420.1
2024-06-26 14:00:00+00:00,12.42,-2.44,0.149,-3.527,0.216,369.5
2024-06-26 15:00:00+00:00,10.99,-2.185,-0.143,-3.158,-0.207,273.1
2024-06-26 16:00:00+00:00,9.38,-1.986,-0.304,-2.871,-0.44,129.7
2024-06-26 17:00:00+00:00,8.75,-1.81,-0.385,-2.616,-0.557,106.5
2024-06-26 18:00:00+00:00,10.57,-1.666,-0.372,-2.408,-0.537,81.5
2024-06-26 19:00:00+00:00,11.75,-1.912,-0.364,-2.763,-0.526,56.6
2024-06-26 20:00:00+00:00,12.14,-2.224,-0.36,-3.215,-0.521,33.4
2024-06-26 21:00:00+00:00,14.75,-2.47,-0.263,-3.571,-0.38,13.4
2024-06-26 22:00:00+00:00,14.09,-2.34,0.021,-3.382,0.03,0.0
2024-06-26 23:00:00+00:00,13.55,-2.257,0.31,-3.262,0.448,0.0
2024-06-27 00:00:00+00:00,14.69,-1.826,0.498,-2.639,0.719,0.0
2024-06-27 01:00:00+00:00,13.01,-1.874,0.803,-2.708,1.161,0.0
2024-06-27 02:00:00+00:00,13.36,-1.723,0.97,-2.491,1.402,0.0
2024-06-27 03:00:00+00:00,13.83,-1.503,1.245,-2.172,1.8,13.3
2024-06-27 04:00:00+00:00,13.21,-0.992,1.286,-1.434,1.859,33.2
2024-06-27 05:00:00+00:00,15.16,-0.801,1.382,-1.157,1.997,56.5
2024-06-27 06:00:00+00:00,14.0,-0.657,1.664,-0.949,2.405,81.4
2024-06-27 07:00:00+00:00,12.8,-0.201,1.637,-0.29,2.367,106.3
2024-06-27 08:00:00+00:00,10.93,0.371,2.073,0.536,2.996,129.5
2024-06-27 09:00:00+00:00,9.9,0.907,1.984,1.311,2.868,149.5
2024-06-27 10:00:00+00:00,9.17,1.454,1.408,2.102,2.035,164.8
2024-06-27 11:00:00+00:00,7.97,1.841,0.677,2.661,0.978,174.4
2024-06-27 12:00:00+00:00,11.52,1.675,-0.127,2.422,-0.183,177.7
2024-06-27 13:00:00+00:00,12.26,1.424,-0.77,2.059,-1.113,174.4
2024-06-27 14:00:00+00:00,15.84,0.966,-1.68,1.396,-2.429,436.7
2024-06-27 15:00:00+00:00,16.19,-0.241,-1.712,-0.348,-2.475,428.5
2024-06-27 16:00:00+00:00,16.74,-1.494,-1.458,-2.16,-2.108,303.1
2024-06-27 17:00:00+00:00,18.06,-2.37,-0.455,-3.426,-0.658,172.1
2024-06-27 18:00:00+00:00,17.41,-2.196,1.1,-3.175,1.59,159.0
2024-06-27 19:00:00+00:00,19.68,-1.043,1.962,-1.507,2.836,100.5
2024-06-27 20:00:00+00:00,19.05,0.443,2.154,0.64,3.114,52.0
2024-06-27 21:00:00+00:00,18.92,1.515,1.283,2.19,1.855,40.0
2024-06-27 22:00:00+00:00,17.43,2.267,0.071,3.277,0.103,0.0
2024-06-27 23:00:00+00:00,19.58,1.77,-1.385,2.558,-2.002,0.0
2024-06-28 00:00:00+00:00,18.64,0.427,-2.055,0.618,-2.97,0.0
2024-06-28 01:00:00+00:00,16.52,-1.282,-1.953,-1.853,-2.823,0.0
2024-06-28 02:00:00+00:00,18.44,-2.772,-0.588,-4.007,-0.85,0.0
2024-06-28 03:00:00+00:00,15.66,-2.707,1.85,-3.913,2.674,59.1
2024-06-28 04:00:00+00:00,17.95,-0.834,3.312,-1.206,4.787,150.2
2024-06-28 05:00:00+00:00,15.77,1.606,3.214,2.322,4.646,255.8
2024-06-28 06:00:00+00:00,14.39,2.864,1.343,4.139,1.941,369.2
2024-06-28 07:00:00+00:00,14.38,2.768,-0.735,4.001,-1.062,482.5
2024-06-28 08:00:00+00:00,11.46,1.724,-2.507,2.492,-3.624,588.2
2024-06-28 09:00:00+00:00,9.68,-0.292,-2.777,-0.422,-4.014,678.9
2024-06-28 10:00:00+00:00,8.0,-2.065,-2.055,-2.985,-2.97,748.5
2024-06-28 11:00:00+00:00,6.4,-3.658,-0.64,-5.288,-0.925,792.3
2024-06-28 12:00:00+00:00,5.94,-4.524,2.165,-6.539,3.129,807.2
2024-06-28 13:00:00+00:00,8.14,-2.221,4.055,-3.21,5.861,792.3
2024-06-28 14:00:00+00:00,7.46,0.652,4.968,0.942,7.181,748.5
2024-06-28 15:00:00+00:00,9.14,3.447,4.134,4.983,5.975,658.5
2024-06-28 16:00:00+00:00,7.89,4.977,1.762,7.194,2.547,386.9
2024-06-28 17:00:00+00:00,8.25,5.49,-0.927,7.935,-1.339,116.7
2024-06-28 18:00:00+00:00,9.19,5.467,-3.842,7.902,-5.553,141.0
2024-06-28 19:00:00+00:00,11.03,3.335,-6.387,4.82,-9.232,76.3
2024-06-28 20:00:00+00:00,12.24,0.153,-6.065,0.221,-8.767,59.1
2024-06-28 21:00:00+00:00,13.14,-2.455,-6.198,-3.549,-8.958,26.7
2024-06-28 22:00:00+00:00,14.76,-3.75,-4.254,-5.42,-6.149,0.0
2024-06-28 23:00:00+00:00,14.14,-4.851,-2.818,-7.012,-4.073,0.0
2024-06-29 00:00:00+00:00,12.83,-5.227,-1.151,-7.555,-1.664,0.0
2024-06-29 01:00:00+00:00,16.04,-6.476,-0.049,-9.361,-0.07,0.0
2024-06-29 02:00:00+00:00,17.55,-6.515,1.15,-9.418,1.662,0.0
2024-06-29 03:00:00+00:00,17.76,-5.654,1.484,-8.173,2.146,12.9
2024-06-29 04:00:00+00:00,20.13,-5.624,2.162,-8.129,3.124,32.8
2024-06-29 05:00:00+00:00,17.49,-4.658,2.3,-6.733,3.325,89.1
2024-06-29 06:00:00+00:00,14.83,-5.388,2.896,-7.788,4.186,226.0
2024-06-29 07:00:00+00:00,13.0,-5.509,3.033,-7.963,4.384,312.1
2024-06-29 08:00:00+00:00,10.05,-5.907,3.365,-8.538,4.863,159.6
2024-06-29 09:00:00+00:00,11.75,-5.854,3.804,-8.461,5.498,149.2
2024-06-29 10:00:00+00:00,9.69,-5.87,4.021,-8.485,5.812,229.9
2024-06-29 11:00:00+00:00,10.01,-4.491,3.573,-6.491,5.165,257.8
2024-06-29 12:00:00+00:00,12.0,-3.787,3.144,-5.474,4.544,481.9
2024-06-29 13:00:00+00:00,10.71,-4.489,3.664,-6.489,5.297,283.0
2024-06-29 14:00:00+00:00,11.4,-5.201,4.182,-7.518,6.045,164.5
2024-06-29 15:00:00+00:00,12.94,-4.148,3.32,-5.995,4.798,149.2
2024-06-29 16:00:00+00:00,13.63,-4.786,3.506,-6.919,5.068,129.2
2024-06-29 17:00:00+00:00,12.54,-3.777,2.185,-5.459,3.158,106.0
2024-06-29 18:00:00+00:00,14.12,-3.917,1.599,-5.661,2.311,130.9
2024-06-29 19:00:00+00:00,17.4,-3.568,1.366,-5.157,1.975,110.7
2024-06-29 20:00:00+00:00,13.9,-3.703,1.348,-5.353,1.949,85.4
2024-06-29 21:00:00+00:00,12.69,-3.249,1.323,-4.696,1.912,27.9
2024-06-29 22:00:00+00:00,15.34,-2.694,1.442,-3.894,2.084,0.0
2024-06-29 23:00:00+00:00,15.96,-2.999,2.322,-4.335,3.356,0.0
2024-06-30 00:00:00+00:00,18.45,-3.405,3.807,-4.921,5.503,0.0
2024-06-30 01:00:00+00:00,18.43,-2.061,4.262,-2.979,6.161,0.0
2024-06-30 02:00:00+00:00,17.16,-0.694,4.552,-1.003,6.58,0.0
2024-06-30 03:00:00+00:00,15.27,0.84,4.706,1.215,6.802,40.7
2024-06-30 04:00:00+00:00,15.77,2.213,3.894,3.199,5.629,120.3
2024-06-30 05:00:00+00:00,18.18,4.29,3.371,6.201,4.872,179.7
2024-06-30 06:00:00+00:00,18.78,6.555,1.873,9.475,2.708,367.4
2024-06-30 07:00:00+00:00,16.67,7.717,-0.664,11.154,-0.959,448.4
2024-06-30 08:00:00+00:00,17.05,7.572,-3.701,10.945,-5.35,268.2
2024-06-30 09:00:00+00:00,17.57,5.056,-5.674,7.308,-8.201,599.2
2024-06-30 10:00:00+00:00,17.4,2.759,-7.659,3.989,-11.071,613.5
2024-06-30 11:00:00+00:00,14.37,-0.63,-6.943,-0.911,-10.036,532.4
2024-06-30 12:00:00+00:00,12.91,-2.933,-5.409,-4.24,-7.818,442.1
2024-06-30 13:00:00+00:00,13.07,-5.08,-3.818,-7.343,-5.519,569.7
2024-06-30 14:00:00+00:00,15.59,-5.409,-0.924,-7.819,-1.335,716.0
2024-06-30 15:00:00+00:00,14.3,-6.591,1.297,-9.527,1.874,623.6
2024-06-30 16:00:00+00:00,16.97,-4.884,3.54,-7.06,5.116,538.6
2024-06-30 17:00:00+00:00,16.38,-2.735,5.579,-3.953,8.064,211.3
2024-06-30 18:00:00+00:00,16.94,0.098,6.657,0.142,9.623,217.1
2024-06-30 19:00:00+00:00,17.91,3.101,5.502,4.482,7.953,112.1
2024-06-30 20:00:00+00:00,18.26,5.324,3.356,7.696,4.851,32.6
2024-06-30 21:00:00+00:00,18.63,7.711,1.182,11.146,1.709,40.5
2024-06-30 22:00:00+00:00,20.49,7.483,-1.994,10.817,-2.882,0.0
2024-06-30 23:00:00+00:00,19.12,5.663,-4.041,8.186,-5.84,0.0
2024-07-01 00:00:00+00:00,22.88,3.697,-4.353,5.344,-6.292,0.0
2024-07-01 01:00:00+00:00,23.83,2.291,-4.433,3.311,-6.407,0.0
2024-07-01 02:00:00+00:00,21.67,1.395,-4.512,2.016,-6.521,0.0
2024-07-01 03:00:00+00:00,19.19,0.169,-4.797,0.244,-6.933,12.4
2024-07-01 04:00:00+00:00,20.82,-0.555,-4.449,-0.802,-6.431,76.8
2024-07-01 05:00:00+00:00,21.19,-0.994,-3.964,-1.436,-5.73,55.6
2024-07-01 06:00:00+00:00,21.7,-1.386,-3.797,-2.003,-5.488,80.6
2024-07-01 07:00:00+00:00,20.61,-2.142,-4.228,-3.096,-6.111,308.3
2024-07-01 08:00:00+00:00,19.22,-2.645,-3.727,-3.823,-5.387,449.2
2024-07-01 09:00:00+00:00,18.37,-3.184,-3.081,-4.603,-4.453,291.5
2024-07-01 10:00:00+00:00,20.14,-3.633,-2.639,-5.251,-3.814,457.4
2024-07-01 11:00:00+00:00,19.57,-3.957,-2.194,-5.719,-3.171,309.4
2024-07-01 12:00:00+00:00,19.51,-3.609,-1.784,-5.217,-2.578,238.2
2024-07-01 13:00:00+00:00,20.95,-3.716,-1.618,-5.372,-2.338,173.8
2024-07-01 14:00:00+00:00,21.86,-3.542,-1.478,-5.119,-2.136,313.8
2024-07-01 15:00:00+00:00,18.29,-3.61,-1.527,-5.219,-2.207,148.8
2024-07-01 16:00:00+00:00,19.69,-4.831,-1.817,-6.983,-2.626,149.7
2024-07-01 17:00:00+00:00,20.26,-5.715,-2.481,-8.26,-3.586,223.3
2024-07-01 18:00:00+00:00,20.2,-5.227,-2.378,-7.556,-3.437,80.6
2024-07-01 19:00:00+00:00,20.77,-4.474,-2.45,-6.468,-3.541,55.6
2024-07-01 20:00:00+00:00,20.73,-3.228,-2.092,-4.666,-3.023,32.3
2024-07-01 21:00:00+00:00,19.99,-2.844,-2.166,-4.111,-3.131,12.3
2024-07-01 22:00:00+00:00,22.43,-2.685,-2.71,-3.88,-3.918,0.0
2024-07-01 23:00:00+00:00,22.82,-2.195,-2.831,-3.172,-4.093,0.0
2024-07-02 00:00:00+00:00,23.13,-1.811,-2.989,-2.618,-4.32,0.0
2024-07-02 01:00:00+00:00,25.32,-1.26,-2.509,-1.821,-3.627,0.0
2024-07-02 02:00:00+00:00,25.3,-1.091,-3.255,-1.577,-4.705,0.0
2024-07-02 03:00:00+00:00,25.68,-0.635,-3.603,-0.919,-5.208,16.0
2024-07-02 04:00:00+00:00,24.87,0.123,-2.952,0.178,-4.267,93.9
2024-07-02 05:00:00+00:00,22.72,1.045,-2.711,1.511,-3.918,251.5
2024-07-02 06:00:00+00:00,21.58,1.641,-2.039,2.372,-2.947,365.1
2024-07-02 07:00:00+00:00,19.25,1.845,-1.23,2.666,-1.779,478.7
2024-07-02 08:00:00+00:00,19.4,1.949,-0.604,2.817,-0.874,584.6
2024-07-02 09:00:00+00:00,18.08,2.581,0.04,3.731,0.058,675.5
2024-07-02 10:00:00+00:00,17.5,2.758,0.907,3.987,1.311,745.2
2024-07-02 11:00:00+00:00,14.71,2.287,1.916,3.306,2.77,789.1
2024-07-02 12:00:00+00:00,13.2,1.206,2.92,1.743,4.22,804.0
2024-07-02 13:00:00+00:00,11.85,-0.136,3.533,-0.197,5.107,789.1
2024-07-02 14:00:00+00:00,9.26,-1.739,3.225,-2.513,4.662,745.2
2024-07-02 15:00:00+00:00,11.58,-2.847,2.257,-4.114,3.263,675.5
2024-07-02 16:00:00+00:00,14.14,-3.342,1.101,-4.831,1.591,584.6
2024-07-02 17:00:00+00:00,13.8,-3.647,-0.077,-5.271,-0.111,478.7
2024-07-02 18:00:00+00:00,14.43,-3.569,-1.02,-5.159,-1.475,365.1
2024-07-02 19:00:00+00:00,18.8,-2.605,-1.759,-3.765,-2.542,251.5
2024-07-02 20:00:00+00:00,22.1,-1.653,-2.028,-2.389,-2.931,145.7
2024-07-02 21:00:00+00:00,22.19,-1.319,-2.903,-1.906,-4.196,54.8
2024-07-02 22:00:00+00:00,21.74,-0.395,-3.339,-0.571,-4.827,0.0
2024-07-02 23:00:00+00:00,25.59,0.566,-3.766,0.818,-5.443,0.0
2024-07-03 00:00:00+00:00,28.51,1.429,-3.156,2.066,-4.561,0.0
2024-07-03 01:00:00+00:00,30.06,2.601,-3.136,3.759,-4.533,0.0
2024-07-03 02:00:00+00:00,27.52,3.06,-2.251,4.422,-3.254,0.0
2024-07-03 03:00:00+00:00,25.62,3.399,-1.61,4.912,-2.328,53.3
2024-07-03 04:00:00+00:00,25.13,3.44,-0.894,4.972,-1.292,144.3
2024-07-03 05:00:00+00:00,24.45,3.92,-0.437,5.666,-0.631,250.2
2024-07-03 06:00:00+00:00,21.49,3.657,0.019,5.286,0.027,363.9
2024-07-03 07:00:00+00:00,20.71,3.646,0.425,5.27,0.614,477.5
2024-07-03 08:00:00+00:00,19.09,3.524,0.829,5.093,1.198,580.1
2024-07-03 09:00:00+00:00,16.28,3.142,0.928,4.542,1.341,674.4
2024-07-03 10:00:00+00:00,17.33,2.901,1.124,4.193,1.625,668.7
2024-07-03 11:00:00+00:00,17.62,2.946,1.484,4.258,2.145,752.2
2024-07-03 12:00:00+00:00,15.01,2.533,2.142,3.661,3.097,803.0
2024-07-03 13:00:00+00:00,17.28,1.35,1.93,1.951,2.789,788.1
2024-07-03 14:00:00+00:00,15.95,0.735,2.235,1.063,3.23,744.2
2024-07-03 15:00:00+00:00,15.09,0.074,2.354,0.107,3.403,674.4
2024-07-03 16:00:00+00:00,19.18,-0.816,2.057,-1.179,2.974,583.4
2024-07-03 17:00:00+00:00,16.7,-1.844,1.725,-2.665,2.493,477.5
2024-07-03 18:00:00+00:00,17.57,-2.458,1.009,-3.553,1.459,363.9
2024-07-03 19:00:00+00:00,18.72,-2.895,-0.119,-4.185,-0.172,250.2
2024-07-03 20:00:00+00:00,19.29,-2.666,-1.191,-3.853,-1.721,144.3
2024-07-03 21:00:00+00:00,19.51,-1.605,-1.405,-2.32,-2.03,53.3
2024-07-03 22:00:00+00:00,17.17,-1.002,-1.611,-1.448,-2.328,0.0
2024-07-03 23:00:00+00:00,18.48,-0.629,-1.881,-0.909,-2.719,0.0
2024-07-04 00:00:00+00:00,18.98,-0.108,-1.712,-0.156,-2.474,0.0
2024-07-04 01:00:00+00:00,19.05,0.307,-1.883,0.444,-2.722,0.0
2024-07-04 02:00:00+00:00,19.76,0.656,-1.531,0.948,-2.213,0.0
2024-07-04 03:00:00+00:00,21.22,1.215,-1.437,1.756,-2.077,32.1
2024-07-04 04:00:00+00:00,23.75,1.691,-1.165,2.444,-1.684,103.3
2024-07-04 05:00:00+00:00,20.54,2.064,-0.651,2.983,-0.941,169.0
2024-07-04 06:00:00+00:00,19.21,1.901,0.118,2.748,0.171,308.5
2024-07-04 07:00:00+00:00,18.83,1.54,0.856,2.226,1.238,366.7
2024-07-04 08:00:00+00:00,18.82,0.872,1.365,1.261,1.973,576.7
2024-07-04 09:00:00+00:00,18.38,0.21,1.501,0.304,2.17,673.2
2024-07-04 10:00:00+00:00,16.88,-0.443,1.376,-0.641,1.989,743.1
2024-07-04 11:00:00+00:00,17.05,-1.132,1.071,-1.636,1.548,787.0
2024-07-04 12:00:00+00:00,18.12,-1.681,0.356,-2.43,0.514,801.9
2024-07-04 13:00:00+00:00,16.41,-1.268,-0.389,-1.832,-0.563,787.0
2024-07-04 14:00:00+00:00,15.36,-0.931,-1.065,-1.346,-1.539,243.5
2024-07-04 15:00:00+00:00,17.41,-0.311,-1.371,-0.45,-1.981,148.1
2024-07-04 16:00:00+00:00,16.36,0.273,-1.373,0.395,-1.984,128.1
2024-07-04 17:00:00+00:00,18.02,0.63,-1.041,0.911,-1.504,104.8
2024-07-04 18:00:00+00:00,19.35,0.864,-0.653,1.248,-0.943,79.7
2024-07-04 19:00:00+00:00,18.9,1.255,-0.258,1.814,-0.373,54.7
2024-07-04 20:00:00+00:00,23.47,1.272,0.297,1.838,0.429,43.9
2024-07-04 21:00:00+00:00,22.17,1.163,0.935,1.681,1.352,27.7
2024-07-04 22:00:00+00:00,22.05,0.819,1.485,1.184,2.147,0.0
2024-07-04 23:00:00+00:00,23.29,0.132,1.68,0.191,2.429,0.0
2024-07-05 00:00:00+00:00,20.18,-0.52,1.644,-0.751,2.376,0.0
2024-07-05 01:00:00+00:00,19.13,-0.882,1.18,-1.275,1.706,0.0
2024-07-05 02:00:00+00:00,18.81,-1.585,0.954,-2.291,1.379,0.0
2024-07-05 03:00:00+00:00,18.13,-2.236,0.338,-3.232,0.489,50.0
2024-07-05 04:00:00+00:00,21.13,-2.118,-0.439,-3.061,-0.634,141.1
2024-07-05 05:00:00+00:00,21.38,-2.141,-1.547,-3.095,-2.236,214.1
2024-07-05 06:00:00+00:00,19.33,-1.476,-2.758,-2.133,-3.987,336.8
2024-07-05 07:00:00+00:00,15.83,-0.182,-2.73,-0.263,-3.945,474.8
2024-07-05 08:00:00+00:00,17.07,0.886,-3.058,1.281,-4.421,394.9
2024-07-05 09:00:00+00:00,16.85,2.124,-2.448,3.069,-3.539,465.9
2024-07-05 10:00:00+00:00,15.19,3.102,-1.037,4.484,-1.499,481.5
2024-07-05 11:00:00+00:00,13.58,2.814,0.642,4.068,0.929,707.9
2024-07-05 12:00:00+00:00,13.55,1.867,1.886,2.699,2.726,689.6
2024-07-05 13:00:00+00:00,12.8,0.31,1.765,0.448,2.551,488.9
2024-07-05 14:00:00+00:00,15.83,-0.912,2.097,-1.319,3.032,163.2
2024-07-05 15:00:00+00:00,14.87,-1.557,1.349,-2.251,1.95,147.8
2024-07-05 16:00:00+00:00,16.04,-1.942,0.579,-2.807,0.837,127.8
2024-07-05 17:00:00+00:00,18.32,-2.439,-0.438,-3.525,-0.633,104.5
2024-07-05 18:00:00+00:00,18.75,-1.985,-1.44,-2.869,-2.081,230.5
2024-07-05 19:00:00+00:00,18.3,-1.111,-2.346,-1.606,-3.391,139.1
2024-07-05 20:00:00+00:00,16.89,0.314,-2.603,0.454,-3.762,65.0
2024-07-05 21:00:00+00:00,16.13,1.281,-1.831,1.851,-2.646,12.5
2024-07-05 22:00:00+00:00,16.57,2.178,-1.28,3.148,-1.851,0.0
2024-07-05 23:00:00+00:00,17.68,2.574,-0.237,3.721,-0.343,0.0
2024-07-06 00:00:00+00:00,19.73,2.187,0.798,3.161,1.154,0.0
2024-07-06 01:00:00+00:00,24.56,2.032,2.28,2.937,3.295,0.0
2024-07-06 02:00:00+00:00,22.65,0.533,2.167,0.77,3.132,0.0
2024-07-06 03:00:00+00:00,24.69,-0.44,2.087,-0.636,3.017,41.3
2024-07-06 04:00:00+00:00,24.72,-1.101,1.238,-1.592,1.789,139.4
2024-07-06 05:00:00+00:00,23.98,-1.475,0.62,-2.133,0.897,164.9
2024-07-06 06:00:00+00:00,23.99,-1.553,-0.021,-2.245,-0.03,231.7
2024-07-06 07:00:00+00:00,21.94,-1.521,-0.919,-2.199,-1.328,208.1
2024-07-06 08:00:00+00:00,19.07,-0.894,-1.617,-1.292,-2.337,369.9
2024-07-06 09:00:00+00:00,19.83,-0.034,-1.701,-0.049,-2.459,147.5
2024-07-06 10:00:00+00:00,16.58,0.807,-1.526,1.167,-2.206,162.9
2024-07-06 11:00:00+00:00,14.84,1.61,-1.079,2.327,-1.559,172.6
2024-07-06 12:00:00+00:00,15.68,1.89,-0.25,2.731,-0.361,175.9
2024-07-06 13:00:00+00:00,14.08,1.615,0.447,2.334,0.646,172.6
2024-07-06 14:00:00+00:00,13.35,1.156,0.952,1.67,1.376,201.6
2024-07-06 15:00:00+00:00,13.82,0.701,1.521,1.013,2.199,318.5
2024-07-06 16:00:00+00:00,12.93,-0.082,1.551,-0.118,2.242,228.9
2024-07-06 17:00:00+00:00,15.18,-0.846,1.397,-1.222,2.019,329.4
2024-07-06 18:00:00+00:00,14.81,-1.304,0.869,-1.885,1.256,359.4
2024-07-06 19:00:00+00:00,15.18,-1.535,0.189,-2.219,0.273,239.0
2024-07-06 20:00:00+00:00,16.09,-1.56,-0.478,-2.254,-0.691,130.9
2024-07-06 21:00:00+00:00,18.54,-0.93,-0.896,-1.344,-1.296,45.3
2024-07-06 22:00:00+00:00,19.81,-0.448,-1.451,-0.648,-2.098,0.0
2024-07-06 23:00:00+00:00,20.21,0.359,-1.575,0.518,-2.277,0.0
2024-07-07 00:00:00+00:00,24.93,0.985,-0.987,1.423,-1.426,0.0
2024-07-07 01:00:00+00:00,23.64,1.289,-0.333,1.863,-0.481,0.0
2024-07-07 02:00:00+00:00,24.04,1.578,0.513,2.281,0.741,0.0
2024-07-07 03:00:00+00:00,24.52,1.155,1.555,1.669,2.248,39.9
2024-07-07 04:00:00+00:00,24.03,0.039,1.489,0.056,2.152,100.6
2024-07-07 05:00:00+00:00,24.56,-1.111,1.671,-1.607,2.415,166.8
2024-07-07 06:00:00+00:00,21.69,-2.208,0.707,-3.192,1.022,274.3
2024-07-07 07:00:00+00:00,19.42,-2.219,-0.708,-3.208,-1.023,464.6
2024-07-07 08:00:00+00:00,19.18,-1.359,-1.982,-1.964,-2.865,487.0
2024-07-07 09:00:00+00:00,17.91,0.068,-2.018,0.098,-2.917,560.3
2024-07-07 10:00:00+00:00,15.51,2.124,-2.864,3.07,-4.139,739.2
2024-07-07 11:00:00+00:00,12.94,3.438,-1.133,4.969,-1.638,783.2
2024-07-07 12:00:00+00:00,14.37,3.545,1.17,5.125,1.691,798.2
2024-07-07 13:00:00+00:00,15.09,2.115,3.463,3.057,5.006,783.2
2024-07-07 14:00:00+00:00,13.5,-0.38,4.216,-0.549,6.094,739.2
2024-07-07 15:00:00+00:00,14.49,-2.169,2.288,-3.135,3.307,669.2
2024-07-07 16:00:00+00:00,13.03,-3.256,0.74,-4.706,1.07,578.0
2024-07-07 17:00:00+00:00,14.55,-3.218,-1.088,-4.652,-1.572,471.7
2024-07-07 18:00:00+00:00,17.47,-2.183,-2.81,-3.156,-4.062,306.5
2024-07-07 19:00:00+00:00,19.38,-0.143,-3.393,-0.207,-4.905,151.9
2024-07-07 20:00:00+00:00,21.72,1.882,-2.894,2.72,-4.183,88.6
2024-07-07 21:00:00+00:00,24.19,3.335,-1.34,4.82,-1.937,32.4
2024-07-07 22:00:00+00:00,23.34,3.472,0.593,5.018,0.857,0.0
2024-07-07 23:00:00+00:00,22.31,3.021,2.367,4.366,3.422,0.0
2024-07-08 00:00:00+00:00,24.58,1.254,3.986,1.812,5.761,0.0
2024-07-08 01:00:00+00:00,27.03,-1.336,3.78,-1.932,5.464,0.0
2024-07-08 02:00:00+00:00,27.25,-3.301,1.936,-4.771,2.798,0.0
2024-07-08 03:00:00+00:00,28.35,-4.33,-0.963,-6.259,-1.392,15.9
2024-07-08 04:00:00+00:00,29.06,-2.692,-4.681,-3.891,-6.766,31.9
2024-07-08 05:00:00+00:00,26.12,1.504,-5.103,2.173,-7.377,102.7
2024-07-08 06:00:00+00:00,25.8,3.936,-2.479,5.69,-3.583,115.4
2024-07-08 07:00:00+00:00,23.24,3.946,0.64,5.704,0.926,103.4
2024-07-08 08:00:00+00:00,20.39,2.076,2.723,3.001,3.936,126.8
2024-07-08 09:00:00+00:00,19.54,-0.279,2.328,-0.403,3.366,159.1
2024-07-08 10:00:00+00:00,16.99,-2.254,1.753,-3.258,2.533,162.3
2024-07-08 11:00:00+00:00,17.79,-2.691,-0.613,-3.89,-0.886,172.0
2024-07-08 12:00:00+00:00,17.18,-1.194,-2.784,-1.726,-4.024,175.3
2024-07-08 13:00:00+00:00,16.76,1.654,-2.502,2.39,-3.617,349.7
2024-07-08 14:00:00+00:00,15.52,2.528,-0.089,3.654,-0.129,485.5
2024-07-08 15:00:00+00:00,13.76,1.643,2.346,2.375,3.391,146.9
2024-07-08 16:00:00+00:00,10.22,-0.944,2.382,-1.365,3.443,126.8
2024-07-08 17:00:00+00:00,14.08,-3.056,0.487,-4.417,0.704,356.5
2024-07-08 18:00:00+00:00,15.28,-2.416,-2.527,-3.493,-3.653,280.5
2024-07-08 19:00:00+00:00,18.6,0.781,-3.335,1.13,-4.821,133.0
2024-07-08 20:00:00+00:00,20.61,4.656,-1.509,6.73,-2.181,29.8
2024-07-08 21:00:00+00:00,21.47,3.733,3.095,5.396,4.473,9.7
2024-07-08 22:00:00+00:00,21.69,-0.909,5.931,-1.314,8.572,0.0
2024-07-08 23:00:00+00:00,25.89,-4.905,2.09,-7.089,3.021,0.0
2024-07-09 00:00:00+00:00,25.52,-4.207,-2.792,-6.081,-4.036,0.0
2024-07-09 01:00:00+00:00,26.13,-0.106,-4.453,-0.153,-6.436,0.0
2024-07-09 02:00:00+00:00,24.2,4.052,-3.238,5.857,-4.68,0.0
2024-07-09 03:00:00+00:00,24.99,4.361,1.253,6.303,1.811,25.3
2024-07-09 04:00:00+00:00,22.33,1.671,4.261,2.416,6.158,101.9
2024-07-09 05:00:00+00:00,21.68,-2.269,4.058,-3.279,5.866,239.9
2024-07-09 06:00:00+00:00,20.8,-4.321,1.074,-6.245,1.552,317.4
2024-07-09 07:00:00+00:00,18.48,-3.94,-2.563,-5.695,-3.705,377.8
2024-07-09 08:00:00+00:00,12.17,-0.274,-4.348,-0.396,-6.285,389.7
2024-07-09 09:00:00+00:00,12.66,3.294,-2.699,4.762,-3.901,504.2
2024-07-09 10:00:00+00:00,12.33,3.386,0.836,4.894,1.209,642.4
2024-07-09 11:00:00+00:00,10.99,1.988,3.435,2.873,4.966,694.2
2024-07-09 12:00:00+00:00,10.0,-1.59,5.429,-2.299,7.848,795.3
2024-07-09 13:00:00+00:00,9.55,-4.453,3.017,-6.437,4.361,780.3
2024-07-09 14:00:00+00:00,8.75,-4.987,-0.19,-7.208,-0.275,736.2
2024-07-09 15:00:00+00:00,10.84,-4.939,-3.502,-7.139,-5.062,666.1
2024-07-09 16:00:00+00:00,9.85,-1.427,-4.414,-2.063,-6.38,524.8
2024-07-09 17:00:00+00:00,11.19,0.997,-4.282,1.442,-6.189,468.3
2024-07-09 18:00:00+00:00,14.09,3.38,-3.156,4.886,-4.562,354.1
2024-07-09 19:00:00+00:00,13.49,5.817,-1.193,8.407,-1.724,239.9
2024-07-09 20:00:00+00:00,14.77,5.851,2.558,8.458,3.697,133.5
2024-07-09 21:00:00+00:00,16.75,2.173,3.809,3.141,5.505,42.1
2024-07-09 22:00:00+00:00,17.99,-0.745,6.137,-1.076,8.871,0.0
2024-07-09 23:00:00+00:00,19.85,-4.636,5.355,-6.701,7.741,0.0
2024-07-10 00:00:00+00:00,24.24,-5.25,1.402,-7.589,2.026,0.0
2024-07-10 01:00:00+00:00,23.14,-4.911,-1.194,-7.098,-1.726,0.0
2024-07-10 02:00:00+00:00,23.56,-2.796,-2.496,-4.042,-3.607,0.0
2024-07-10 03:00:00+00:00,25.15,-0.974,-2.766,-1.408,-3.998,8.8
2024-07-10 04:00:00+00:00,24.19,0.584,-2.899,0.843,-4.19,33.7
2024-07-10 05:00:00+00:00,23.58,1.927,-2.036,2.785,-2.943,80.0
2024-07-10 06:00:00+00:00,23.69,3.307,-1.244,4.781,-1.797,314.4
2024-07-10 07:00:00+00:00,21.46,3.548,0.148,5.128,0.213,466.4
2024-07-10 08:00:00+00:00,20.34,3.559,2.049,5.145,2.962,560.4
2024-07-10 09:00:00+00:00,20.6,2.416,3.369,3.492,4.87,490.2
2024-07-10 10:00:00+00:00,18.51,0.417,4.022,0.602,5.814,514.8
2024-07-10 11:00:00+00:00,18.11,-2.127,4.077,-3.075,5.893,603.3
2024-07-10 12:00:00+00:00,17.34,-4.99,2.7,-7.213,3.903,793.7
2024-07-10 13:00:00+00:00,15.14,-6.066,-0.703,-8.769,-1.016,625.1
2024-07-10 14:00:00+00:00,16.11,-4.523,-3.644,-6.538,-5.267,614.7
2024-07-10 15:00:00+00:00,17.92,-1.813,-5.434,-2.621,-7.855,568.1
2024-07-10 16:00:00+00:00,17.11,0.926,-4.518,1.338,-6.531,532.2
2024-07-10 17:00:00+00:00,17.11,3.345,-3.934,4.834,-5.687,217.0
2024-07-10 18:00:00+00:00,18.91,4.015,-1.393,5.803,-2.013,87.5
2024-07-10 19:00:00+00:00,20.14,3.844,0.782,5.556,1.13,52.3
2024-07-10 20:00:00+00:00,21.51,2.687,2.531,3.884,3.659,35.7
2024-07-10 21:00:00+00:00,21.29,0.872,4.268,1.26,6.169,12.4
2024-07-10 22:00:00+00:00,20.04,-2.04,5.292,-2.948,7.65,0.0
2024-07-10 23:00:00+00:00,22.11,-5.232,3.788,-7.562,5.476,0.0
2024-07-11 00:00:00+00:00,22.33,-5.5,0.14,-7.949,0.203,0.0
2024-07-11 01:00:00+00:00,20.85,-5.394,-3.258,-7.796,-4.71,0.0
2024-07-11 02:00:00+00:00,25.49,-3.247,-6.638,-4.693,-9.595,0.0
2024-07-11 03:00:00+00:00,26.31,0.708,-7.443,1.023,-10.758,12.6
2024-07-11 04:00:00+00:00,26.68,5.384,-6.21,7.782,-8.977,52.5
2024-07-11 05:00:00+00:00,24.11,7.316,-2.073,10.574,-2.997,164.0
2024-07-11 06:00:00+00:00,23.39,7.971,3.339,11.521,4.826,123.9
2024-07-11 07:00:00+00:00,18.58,3.319,6.105,4.798,8.825,132.6
2024-07-11 08:00:00+00:00,18.11,-0.841,6.098,-1.215,8.814,189.2
2024-07-11 09:00:00+00:00,19.74,-4.147,4.218,-5.994,6.097,539.6
2024-07-11 10:00:00+00:00,16.75,-6.139,0.767,-8.873,1.109,555.5
2024-07-11 11:00:00+00:00,16.53,-5.409,-3.71,-7.819,-5.363,777.0
2024-07-11 12:00:00+00:00,16.97,-1.313,-7.21,-1.898,-10.422,792.1
2024-07-11 13:00:00+00:00,14.68,3.666,-5.374,5.299,-7.768,777.0
2024-07-11 14:00:00+00:00,16.28,8.856,-1.476,12.801,-2.134,732.9
2024-07-11 15:00:00+00:00,18.87,7.672,6.1,11.09,8.818,662.6
2024-07-11 16:00:00+00:00,18.82,0.652,9.263,0.943,13.39,411.3
2024-07-11 17:00:00+00:00,17.44,-7.32,7.043,-10.58,10.181,304.2
2024-07-11 18:00:00+00:00,17.41,-9.741,-1.04,-14.08,-1.503,350.0
2024-07-11 19:00:00+00:00,17.91,-6.245,-9.083,-9.027,-13.13,232.0
2024-07-11 20:00:00+00:00,17.35,2.502,-8.754,3.616,-12.654,124.9
2024-07-11 21:00:00+00:00,18.8,7.241,-3.306,10.466,-4.779,33.2
2024-07-11 22:00:00+00:00,19.74,7.82,4.354,11.303,6.294,0.0
2024-07-11 23:00:00+00:00,18.94,1.263,7.566,1.826,10.936,0.0
2024-07-12 00:00:00+00:00,19.5,-5.256,5.61,-7.597,8.11,0.0
2024-07-12 01:00:00+00:00,17.5,-6.41,-0.343,-9.265,-0.495,0.0
2024-07-12 02:00:00+00:00,17.39,-3.336,-4.92,-4.822,-7.112,0.0
2024-07-12 03:00:00+00:00,17.27,1.979,-6.137,2.86,-8.871,22.6
2024-07-12 04:00:00+00:00,18.47,5.856,-2.257,8.465,-3.262,57.3
2024-07-12 05:00:00+00:00,16.91,6.199,3.831,8.96,5.538,134.1
2024-07-12 06:00:00+00:00,17.73,0.923,6.735,1.334,9.735,211.2
2024-07-12 07:00:00+00:00,18.8,-4.615,5.125,-6.67,7.408,321.7
2024-07-12 08:00:00+00:00,17.44,-7.476,-0.172,-10.806,-0.248,348.2
2024-07-12 09:00:00+00:00,16.36,-5.285,-6.887,-7.64,-9.955,252.2
2024-07-12 10:00:00+00:00,19.29,1.145,-7.599,1.655,-10.984,464.6
2024-07-12 11:00:00+00:00,17.56,5.613,-4.421,8.113,-6.39,370.4
2024-07-12 12:00:00+00:00,18.67,6.867,0.816,9.926,1.179,421.8
2024-07-12 13:00:00+00:00,17.39,3.776,5.096,5.457,7.366,527.1
2024-07-12 14:00:00+00:00,17.76,-1.405,6.306,-2.031,9.115,462.0
2024-07-12 15:00:00+00:00,17.0,-5.751,2.793,-8.313,4.037,575.4
2024-07-12 16:00:00+00:00,16.3,-5.604,-3.279,-8.1,-4.739,300.3
2024-07-12 17:00:00+00:00,17.01,-0.035,-5.34,-0.051,-7.719,198.2
2024-07-12 18:00:00+00:00,17.4,4.251,-2.365,6.145,-3.419,155.4
2024-07-12 19:00:00+00:00,21.16,4.394,2.753,6.351,3.979,120.5
2024-07-12 20:00:00+00:00,21.59,-0.382,5.386,-0.553,7.785,27.8
2024-07-12 21:00:00+00:00,22.44,-4.849,2.202,-7.009,3.182,7.7
2024-07-12 22:00:00+00:00,24.25,-4.229,-3.399,-6.112,-4.913,0.0
2024-07-12 23:00:00+00:00,25.2,0.947,-5.442,1.368,-7.866,0.0
2024-07-13 00:00:00+00:00,26.3,4.162,-1.802,6.015,-2.604,0.0
2024-07-13 01:00:00+00:00,27.27,3.054,2.331,4.414,3.369,0.0
2024-07-13 02:00:00+00:00,27.78,-0.536,3.739,-0.775,5.405,0.0
2024-07-13 03:00:00+00:00,27.6,-2.99,1.174,-4.323,1.698,9.6
2024-07-13 04:00:00+00:00,30.41,-2.603,-2.104,-3.763,-3.041,49.1
2024-07-13 05:00:00+00:00,29.53,0.617,-3.755,0.891,-5.427,50.8
2024-07-13 06:00:00+00:00,29.83,4.109,-1.472,5.939,-2.127,76.0
2024-07-13 07:00:00+00:00,30.25,2.949,2.319,4.263,3.351,101.2
2024-07-13 08:00:00+00:00,29.51,-0.572,4.661,-0.827,6.737,143.6
2024-07-13 09:00:00+00:00,29.64,-4.477,2.117,-6.471,3.061,274.0
2024-07-13 10:00:00+00:00,25.34,-4.469,-2.812,-6.46,-4.065,410.8
2024-07-13 11:00:00+00:00,22.94,0.124,-4.003,0.179,-5.785,437.2
2024-07-13 12:00:00+00:00,22.35,3.42,-1.83,4.944,-2.646,478.2
2024-07-13 13:00:00+00:00,19.58,4.256,2.758,6.152,3.986,217.5
2024-07-13 14:00:00+00:00,17.21,0.048,4.789,0.069,6.922,160.4
2024-07-13 15:00:00+00:00,16.19,-3.236,2.322,-4.677,3.356,144.9
2024-07-13 16:00:00+00:00,15.08,-2.917,-1.107,-4.216,-1.599,124.7
2024-07-13 17:00:00+00:00,15.04,-0.833,-3.477,-1.204,-5.025,101.2
2024-07-13 18:00:00+00:00,18.15,2.117,-2.601,3.06,-3.76,113.1
2024-07-13 19:00:00+00:00,18.76,2.649,-0.124,3.829,-0.18,110.6
2024-07-13 20:00:00+00:00,19.61,2.09,2.167,3.021,3.133,71.6
2024-07-13 21:00:00+00:00,20.34,-0.268,3.58,-0.387,5.174,28.8
2024-07-13 22:00:00+00:00,22.88,-3.134,2.133,-4.53,3.084,0.0
2024-07-13 23:00:00+00:00,21.09,-3.826,-1.267,-5.531,-1.832,0.0
2024-07-14 00:00:00+00:00,23.81,-1.047,-3.33,-1.513,-4.814,0.0
2024-07-14 01:00:00+00:00,25.31,2.103,-2.418,3.04,-3.495,0.0
2024-07-14 02:00:00+00:00,25.52,2.915,0.878,4.213,1.268,0.0
2024-07-14 03:00:00+00:00,26.78,0.6,2.943,0.867,4.254,29.6
2024-07-14 04:00:00+00:00,27.33,-2.518,2.342,-3.64,3.385,121.4
2024-07-14 05:00:00+00:00,23.74,-3.757,-0.79,-5.43,-1.142,228.4
2024-07-14 06:00:00+00:00,19.27,-2.028,-4.041,-2.931,-5.842,260.3
2024-07-14 07:00:00+00:00,15.82,2.375,-4.271,3.433,-6.174,307.1
2024-07-14 08:00:00+00:00,16.14,4.414,-0.245,6.381,-0.355,365.1
2024-07-14 09:00:00+00:00,14.09,2.329,3.232,3.367,4.671,361.1
2024-07-14 10:00:00+00:00,11.08,-1.884,4.165,-2.723,6.02,264.6
2024-07-14 11:00:00+00:00,11.53,-5.719,0.937,-8.267,1.354,327.4
2024-07-14 12:00:00+00:00,11.94,-4.823,-4.489,-6.971,-6.488,426.3
2024-07-14 13:00:00+00:00,12.23,0.195,-5.801,0.282,-8.385,297.5
2024-07-14 14:00:00+00:00,14.03,3.973,-2.689,5.743,-3.887,160.0
2024-07-14 15:00:00+00:00,15.9,3.607,1.165,5.213,1.684,144.5
2024-07-14 16:00:00+00:00,14.26,1.185,2.764,1.713,3.995,124.3
2024-07-14 17:00:00+00:00,15.05,-1.275,2.896,-1.843,4.186,100.7
2024-07-14 18:00:00+00:00,16.52,-2.758,0.908,-3.987,1.313,75.5
2024-07-14 19:00:00+00:00,13.42,-2.516,-1.256,-3.636,-1.815,54.8
2024-07-14 20:00:00+00:00,13.07,-0.944,-2.581,-1.365,-3.73,26.7
2024-07-14 21:00:00+00:00,12.21,0.809,-2.221,1.17,-3.211,6.5
2024-07-14 22:00:00+00:00,12.77,1.804,-1.151,2.608,-1.664,0.0
2024-07-14 23:00:00+00:00,16.8,2.067,0.134,2.988,0.193,0.0
2024-07-15 00:00:00+00:00,17.93,1.725,1.496,2.493,2.162,0.0
2024-07-15 01:00:00+00:00,17.53,0.339,2.434,0.491,3.518,0.0
2024-07-15 02:00:00+00:00,16.31,-1.321,2.116,-1.909,3.058,0.0
2024-07-15 03:00:00+00:00,16.49,-2.406,1.001,-3.478,1.447,5.9
2024-07-15 04:00:00+00:00,15.98,-3.072,-0.633,-4.44,-0.915,26.1
2024-07-15 05:00:00+00:00,15.7,-2.24,-2.062,-3.238,-2.981,49.7
2024-07-15 06:00:00+00:00,15.59,-0.597,-2.471,-0.862,-3.571,92.2
2024-07-15 07:00:00+00:00,15.77,0.664,-2.413,0.959,-3.488,130.8
2024-07-15 08:00:00+00:00,15.82,2.366,-2.202,3.42,-3.183,129.7
2024-07-15 09:00:00+00:00,17.42,2.938,-0.562,4.246,-0.813,212.5
2024-07-15 10:00:00+00:00,14.04,3.104,0.985,4.486,1.424,304.3
2024-07-15 11:00:00+00:00,17.43,2.272,2.212,3.284,3.197,209.8
2024-07-15 12:00:00+00:00,18.57,0.858,2.61,1.24,3.773,172.6
2024-07-15 13:00:00+00:00,19.83,-0.534,2.473,-0.772,3.575,169.3
2024-07-15 14:00:00+00:00,21.89,-1.171,1.326,-1.692,1.917,159.5
2024-07-15 15:00:00+00:00,22.3,-1.377,0.475,-1.991,0.687,144.0
2024-07-15 16:00:00+00:00,20.5,-1.701,-0.299,-2.459,-0.432,206.9
2024-07-15 17:00:00+00:00,21.22,-1.559,-1.174,-2.253,-1.697,163.5
2024-07-15 18:00:00+00:00,24.95,-0.556,-1.692,-0.804,-2.446,198.9
2024-07-15 19:00:00+00:00,26.07,0.553,-1.829,0.799,-2.644,130.9
2024-07-15 20:00:00+00:00,25.84,1.599,-1.235,2.311,-1.785,69.0
2024-07-15 21:00:00+00:00,28.64,1.736,0.035,2.51,0.05,10.5
2024-07-15 22:00:00+00:00,29.6,1.307,1.227,1.89,1.774,0.0
2024-07-15 23:00:00+00:00,27.35,0.113,1.571,0.163,2.27,0.0
2024-07-16 00:00:00+00:00,25.01,-0.996,1.244,-1.44,1.797,0.0
2024-07-16 01:00:00+00:00,25.44,-1.679,0.29,-2.426,0.419,0.0
2024-07-16 02:00:00+00:00,24.32,-1.604,-0.814,-2.319,-1.176,0.0
2024-07-16 03:00:00+00:00,24.72,-0.977,-1.907,-1.412,-2.757,5.7
2024-07-16 04:00:00+00:00,24.29,0.512,-2.66,0.74,-3.845,25.5
2024-07-16 05:00:00+00:00,23.44,2.482,-1.961,3.588,-2.834,49.1
2024-07-16 06:00:00+00:00,21.1,4.438,0.326,6.415,0.471,74.4
2024-07-16 07:00:00+00:00,18.47,3.176,3.196,4.591,4.619,99.7
2024-07-16 08:00:00+00:00,16.35,0.657,5.598,0.95,8.091,250.3
2024-07-16 09:00:00+00:00,17.66,-3.156,5.293,-4.561,7.651,305.0
2024-07-16 10:00:00+00:00,18.02,-5.107,1.655,-7.382,2.392,625.1
2024-07-16 11:00:00+00:00,18.18,-6.049,-2.533,-8.743,-3.661,634.1
2024-07-16 12:00:00+00:00,18.36,-3.648,-5.848,-5.273,-8.454,755.6
2024-07-16 13:00:00+00:00,16.47,0.964,-7.523,1.393,-10.874,678.6
2024-07-16 14:00:00+00:00,16.65,5.363,-4.883,7.752,-7.058,432.7
2024-07-16 15:00:00+00:00,16.59,7.48,0.281,10.812,0.407,452.6
2024-07-16 16:00:00+00:00,17.82,5.917,5.453,8.553,7.882,380.2
2024-07-16 17:00:00+00:00,15.08,0.659,7.438,0.953,10.752,269.6
2024-07-16 18:00:00+00:00,17.91,-4.148,5.173,-5.995,7.477,107.6
2024-07-16 19:00:00+00:00,15.23,-7.251,1.324,-10.481,1.913,49.1
2024-07-16 20:00:00+00:00,16.65,-5.617,-3.588,-8.119,-5.186,25.5
2024-07-16 21:00:00+00:00,17.96,-2.131,-6.891,-3.08,-9.96,5.2
2024-07-16 22:00:00+00:00,21.72,2.8,-7.607,4.048,-10.996,0.0
2024-07-16 23:00:00+00:00,22.35,7.602,-4.184,10.989,-6.047,0.0
2024-07-17 00:00:00+00:00,21.03,8.34,1.522,12.056,2.2,0.0
2024-07-17 01:00:00+00:00,19.63,4.452,5.011,6.435,7.243,0.0
2024-07-17 02:00:00+00:00,19.66,0.87,6.508,1.258,9.407,0.0
2024-07-17 03:00:00+00:00,20.31,-4.786,7.639,-6.918,11.041,4.6
2024-07-17 04:00:00+00:00,21.07,-10.307,3.7,-14.898,5.348,48.7
2024-07-17 05:00:00+00:00,17.62,-10.864,-3.644,-15.703,-5.267,94.1
2024-07-17 06:00:00+00:00,17.98,-5.417,-9.233,-7.829,-13.346,168.2
2024-07-17 07:00:00+00:00,16.46,1.11,-11.063,1.605,-15.991,99.1
2024-07-17 08:00:00+00:00,14.88,6.396,-7.657,9.246,-11.068,122.7
2024-07-17 09:00:00+00:00,15.97,7.291,-2.073,10.539,-2.996,143.0
2024-07-17 10:00:00+00:00,15.91,6.893,1.865,9.963,2.696,167.3
2024-07-17 11:00:00+00:00,13.93,5.67,6.066,8.195,8.769,168.4
2024-07-17 12:00:00+00:00,16.44,1.193,8.398,1.725,12.139,171.7
2024-07-17 13:00:00+00:00,16.19,-4.355,8.099,-6.296,11.706,168.4
2024-07-17 14:00:00+00:00,16.91,-8.136,3.835,-11.76,5.543,158.6
2024-07-17 15:00:00+00:00,16.22,-11.206,-2.938,-16.197,-4.246,241.9
2024-07-17 16:00:00+00:00,14.87,-6.988,-8.696,-10.101,-12.57,460.9
2024-07-17 17:00:00+00:00,14.38,0.146,-12.645,0.21,-18.277,310.1
2024-07-17 18:00:00+00:00,14.71,7.064,-7.801,10.211,-11.276,287.4
2024-07-17 19:00:00+00:00,16.73,8.808,-1.42,12.732,-2.053,220.2
2024-07-17 20:00:00+00:00,17.75,7.611,3.629,11.002,5.245,112.9
2024-07-17 21:00:00+00:00,18.71,4.452,7.016,6.436,10.141,20.7
2024-07-17 22:00:00+00:00,19.57,-0.201,8.093,-0.291,11.697,0.0
2024-07-17 23:00:00+00:00,21.83,-4.054,5.425,-5.859,7.841,0.0
2024-07-18 00:00:00+00:00,25.34,-7.219,2.427,-10.434,3.508,0.0
2024-07-18 01:00:00+00:00,28.52,-5.295,-1.502,-7.654,-2.171,0.0
2024-07-18 02:00:00+00:00,29.6,-4.243,-4.795,-6.133,-6.931,0.0
2024-07-18 03:00:00+00:00,29.11,-1.618,-7.527,-2.339,-10.88,17.6
2024-07-18 04:00:00+00:00,30.63,1.629,-6.504,2.355,-9.402,109.8
2024-07-18 05:00:00+00:00,29.38,3.963,-4.767,5.729,-6.891,217.3
2024-07-18 06:00:00+00:00,27.73,4.806,-2.159,6.946,-3.121,332.6
2024-07-18 07:00:00+00:00,27.38,5.314,-0.152,7.681,-0.219,447.9
2024-07-18 08:00:00+00:00,27.1,5.225,1.676,7.553,2.422,555.4
2024-07-18 09:00:00+00:00,25.49,3.642,2.964,5.264,4.284,647.7
2024-07-18 10:00:00+00:00,22.49,1.966,3.042,2.841,4.397,718.5
2024-07-18 11:00:00+00:00,23.76,1.139,3.211,1.647,4.641,523.0
2024-07-18 12:00:00+00:00,22.21,0.685,4.948,0.99,7.153,365.1
2024-07-18 13:00:00+00:00,21.58,-0.094,5.195,-0.136,7.51,351.1
2024-07-18 14:00:00+00:00,20.79,-0.799,5.722,-1.154,8.271,718.5
2024-07-18 15:00:00+00:00,23.75,-1.087,5.905,-1.572,8.535,623.2
2024-07-18 16:00:00+00:00,23.65,-1.513,5.981,-2.187,8.645,308.5
2024-07-18 17:00:00+00:00,24.56,-2.036,6.807,-2.943,9.84,311.9
2024-07-18 18:00:00+00:00,18.8,-3.082,7.847,-4.455,11.343,224.4
2024-07-18 19:00:00+00:00,16.72,-2.991,6.859,-4.323,9.914,55.9
2024-07-18 20:00:00+00:00,16.36,-3.022,6.08,-4.368,8.788,44.0
2024-07-18 21:00:00+00:00,16.38,-3.226,5.525,-4.663,7.986,9.3
2024-07-18 22:00:00+00:00,15.49,-3.576,5.094,-5.169,7.363,0.0
2024-07-18 23:00:00+00:00,17.6,-4.059,4.937,-5.866,7.136,0.0
2024-07-19 00:00:00+00:00,18.47,-4.238,4.546,-6.125,6.571,0.0
2024-07-19 01:00:00+00:00,17.73,-5.189,4.53,-7.5,6.548,0.0
2024-07-19 02:00:00+00:00,17.6,-6.179,3.662,-8.932,5.294,0.0
2024-07-19 03:00:00+00:00,18.11,-7.337,3.609,-10.605,5.217,11.5
2024-07-19 04:00:00+00:00,20.04,-8.174,3.371,-11.815,4.873,50.9
2024-07-19 05:00:00+00:00,18.7,-7.366,2.649,-10.646,3.829,136.1
2024-07-19 06:00:00+00:00,19.54,-6.546,2.172,-9.462,3.139,159.1
2024-07-19 07:00:00+00:00,20.99,-6.274,2.161,-9.068,3.123,97.9
2024-07-19 08:00:00+00:00,19.45,-5.295,2.166,-7.653,3.131,270.7
2024-07-19 09:00:00+00:00,18.57,-4.403,2.175,-6.364,3.144,345.8
2024-07-19 10:00:00+00:00,18.98,-4.085,2.469,-5.905,3.568,511.3
2024-07-19 11:00:00+00:00,16.67,-4.089,2.976,-5.911,4.302,593.8
2024-07-19 12:00:00+00:00,14.36,-3.521,2.784,-5.09,4.024,643.5
2024-07-19 13:00:00+00:00,11.65,-3.931,3.485,-5.682,5.037,760.6
2024-07-19 14:00:00+00:00,13.86,-3.719,3.943,-5.376,5.699,599.5
2024-07-19 15:00:00+00:00,14.95,-3.519,4.281,-5.087,6.188,253.3
2024-07-19 16:00:00+00:00,15.43,-2.572,4.606,-3.718,6.658,178.6
2024-07-19 17:00:00+00:00,15.73,-2.086,4.962,-3.016,7.172,116.3
2024-07-19 18:00:00+00:00,18.26,-1.457,5.209,-2.106,7.529,127.4
2024-07-19 19:00:00+00:00,17.0,-0.823,5.806,-1.189,8.392,101.8
2024-07-19 20:00:00+00:00,16.8,0.13,7.048,0.188,10.187,48.8
2024-07-19 21:00:00+00:00,16.31,1.311,6.177,1.895,8.928,3.9
2024-07-19 22:00:00+00:00,18.45,2.644,5.953,3.821,8.605,0.0
2024-07-19 23:00:00+00:00,20.09,4.151,4.813,6.001,6.956,0.0
2024-07-20 00:00:00+00:00,21.37,6.832,4.662,9.876,6.739,0.0
2024-07-20 01:00:00+00:00,21.95,6.433,2.209,9.299,3.192,0.0
2024-07-20 02:00:00+00:00,22.66,7.08,0.469,10.233,0.678,0.0
2024-07-20 03:00:00+00:00,22.43,5.83,-1.953,8.426,-2.823,2.4
2024-07-20 04:00:00+00:00,20.3,4.321,-3.866,6.246,-5.588,22.7
2024-07-20 05:00:00+00:00,18.51,2.415,-4.729,3.491,-6.836,46.5
2024-07-20 06:00:00+00:00,16.24,0.404,-5.088,0.584,-7.355,71.9
2024-07-20 07:00:00+00:00,18.21,-1.131,-5.443,-1.635,-7.868,97.3
2024-07-20 08:00:00+00:00,19.57,-2.432,-5.375,-3.515,-7.769,121.0
2024-07-20 09:00:00+00:00,17.76,-3.108,-4.215,-4.493,-6.092,141.4
2024-07-20 10:00:00+00:00,17.17,-2.77,-3.098,-4.004,-4.478,157.0
2024-07-20 11:00:00+00:00,15.16,-2.628,-2.76,-3.799,-3.99,166.8
2024-07-20 12:00:00+00:00,15.51,-2.89,-2.575,-4.177,-3.722,170.2
2024-07-20 13:00:00+00:00,13.29,-3.195,-2.856,-4.618,-4.128,166.8
2024-07-20 14:00:00+00:00,15.49,-2.996,-3.365,-4.331,-4.864,157.0
2024-07-20 15:00:00+00:00,15.74,-2.149,-3.191,-3.106,-4.612,141.4
2024-07-20 16:00:00+00:00,16.07,-2.116,-4.131,-3.059,-5.972,121.0
2024-07-20 17:00:00+00:00,16.08,-1.821,-5.225,-2.633,-7.552,97.3
2024-07-20 18:00:00+00:00,15.94,-0.792,-5.309,-1.145,-7.673,71.9
2024-07-20 19:00:00+00:00,15.56,0.281,-5.059,0.406,-7.312,46.5
2024-07-20 20:00:00+00:00,14.46,1.047,-5.241,1.513,-7.575,22.7
2024-07-20 21:00:00+00:00,16.16,1.979,-5.862,2.86,-8.473,2.4
2024-07-20 22:00:00+00:00,16.38,1.827,-4.146,2.641,-5.992,0.0
2024-07-20 23:00:00+00:00,20.39,2.194,-3.72,3.172,-5.377,0.0
2024-07-21 00:00:00+00:00,23.72,1.849,-2.607,2.673,-3.768,0.0
2024-07-21 01:00:00+00:00,22.61,2.214,-2.375,3.2,-3.432,0.0
2024-07-21 02:00:00+00:00,22.3,3.018,-2.335,4.363,-3.375,0.0
2024-07-21 03:00:00+00:00,20.74,3.228,-1.714,4.666,-2.478,1.6
2024-07-21 04:00:00+00:00,22.04,3.676,-1.137,5.314,-1.644,22.0
2024-07-21 05:00:00+00:00,21.95,3.289,-0.576,4.754,-0.833,57.2
2024-07-21 06:00:00+00:00,20.93,3.414,-0.371,4.935,-0.536,71.2
2024-07-21 07:00:00+00:00,20.34,3.147,-0.165,4.548,-0.239,232.6
2024-07-21 08:00:00+00:00,17.7,3.076,-0.046,4.446,-0.066,120.4
2024-07-21 09:00:00+00:00,15.92,3.227,0.155,4.664,0.224,140.8
2024-07-21 10:00:00+00:00,12.64,3.557,0.224,5.141,0.324,156.4
2024-07-21 11:00:00+00:00,12.19,4.125,0.516,5.962,0.747,330.8
2024-07-21 12:00:00+00:00,10.98,4.651,1.021,6.722,1.475,293.6
2024-07-21 13:00:00+00:00,11.8,4.803,1.267,6.943,1.831,480.5
2024-07-21 14:00:00+00:00,10.03,4.308,1.154,6.227,1.668,315.3
2024-07-21 15:00:00+00:00,9.73,4.408,1.087,6.371,1.571,140.8
2024-07-21 16:00:00+00:00,11.14,4.585,1.133,6.628,1.637,152.5
2024-07-21 17:00:00+00:00,11.35,4.5,1.182,6.505,1.709,123.4
2024-07-21 18:00:00+00:00,9.95,4.442,1.396,6.42,2.018,85.9
2024-07-21 19:00:00+00:00,10.07,4.44,1.263,6.418,1.825,45.7
2024-07-21 20:00:00+00:00,11.23,4.813,1.641,6.957,2.372,22.0
2024-07-21 21:00:00+00:00,10.2,4.304,1.663,6.221,2.403,1.6
2024-07-21 22:00:00+00:00,13.91,3.47,1.381,5.015,1.997,0.0
2024-07-21 23:00:00+00:00,14.96,3.485,1.547,5.037,2.237,0.0
2024-07-22 00:00:00+00:00,16.04,3.058,1.484,4.421,2.145,0.0
2024-07-22 01:00:00+00:00,15.69,2.265,1.323,3.274,1.913,0.0
2024-07-22 02:00:00+00:00,14.11,1.975,1.408,2.855,2.034,0.0
2024-07-22 03:00:00+00:00,16.4,1.652,1.689,2.387,2.441,1.2
2024-07-22 04:00:00+00:00,14.35,1.417,2.008,2.049,2.903,21.2
2024-07-22 05:00:00+00:00,13.9,0.985,1.928,1.424,2.787,45.0
2024-07-22 06:00:00+00:00,15.4,0.806,2.466,1.165,3.564,70.5
2024-07-22 07:00:00+00:00,15.62,0.364,2.632,0.526,3.805,178.3
2024-07-22 08:00:00+00:00,14.46,0.108,2.484,0.156,3.59,225.4
2024-07-22 09:00:00+00:00,13.23,-0.14,3.19,-0.203,4.612,366.9
2024-07-22 10:00:00+00:00,11.67,-0.567,3.804,-0.82,5.499,236.9
2024-07-22 11:00:00+00:00,12.01,-0.538,3.055,-0.778,4.415,296.9
2024-07-22 12:00:00+00:00,12.11,-0.711,3.148,-1.028,4.55,366.8
2024-07-22 13:00:00+00:00,9.34,-0.812,2.979,-1.173,4.306,614.2
2024-07-22 14:00:00+00:00,12.02,-0.861,3.161,-1.245,4.569,598.8
2024-07-22 15:00:00+00:00,10.92,-0.451,3.083,-0.652,4.456,637.2
2024-07-22 16:00:00+00:00,10.97,-0.05,3.537,-0.072,5.112,544.4
2024-07-22 17:00:00+00:00,11.02,0.097,3.269,0.14,4.725,436.4
2024-07-22 18:00:00+00:00,14.39,0.371,3.634,0.536,5.253,320.5
2024-07-22 19:00:00+00:00,16.13,0.535,2.961,0.773,4.28,204.6
2024-07-22 20:00:00+00:00,16.47,0.455,2.72,0.657,3.932,96.6
2024-07-22 21:00:00+00:00,18.81,0.469,3.118,0.678,4.507,3.8
2024-07-22 22:00:00+00:00,18.59,0.338,2.658,0.488,3.842,0.0
2024-07-22 23:00:00+00:00,24.65,0.341,3.806,0.492,5.501,0.0
2024-07-23 00:00:00+00:00,25.22,0.298,3.606,0.431,5.212,0.0
2024-07-23 01:00:00+00:00,25.51,0.405,3.785,0.585,5.471,0.0
2024-07-23 02:00:00+00:00,21.07,0.728,3.909,1.052,5.65,0.0
2024-07-23 03:00:00+00:00,20.03,1.299,3.718,1.878,5.374,0.1
2024-07-23 04:00:00+00:00,21.97,1.851,3.383,2.675,4.89,80.1
2024-07-23 05:00:00+00:00,20.99,1.889,2.582,2.731,3.732,156.0
2024-07-23 06:00:00+00:00,19.75,2.252,2.051,3.255,2.965,207.8
2024-07-23 07:00:00+00:00,17.53,2.483,1.32,3.588,1.908,280.6
2024-07-23 08:00:00+00:00,14.47,2.399,0.639,3.468,0.923,456.7
2024-07-23 09:00:00+00:00,17.3,1.852,0.008,2.676,0.011,512.8
2024-07-23 10:00:00+00:00,18.98,1.851,-0.451,2.676,-0.652,631.1
2024-07-23 11:00:00+00:00,18.13,1.618,-0.824,2.339,-1.191,562.8
2024-07-23 12:00:00+00:00,16.59,1.461,-1.371,2.112,-1.982,554.3
2024-07-23 13:00:00+00:00,16.79,1.117,-1.809,1.614,-2.614,522.7
2024-07-23 14:00:00+00:00,13.51,0.818,-2.407,1.183,-3.479,334.5
2024-07-23 15:00:00+00:00,14.96,0.348,-2.484,0.503,-3.59,404.1
2024-07-23 16:00:00+00:00,16.87,-0.125,-2.464,-0.181,-3.562,481.2
2024-07-23 17:00:00+00:00,15.96,-0.596,-2.136,-0.861,-3.087,132.3
2024-07-23 18:00:00+00:00,22.08,-1.477,-2.489,-2.135,-3.598,97.6
2024-07-23 19:00:00+00:00,20.75,-2.198,-2.185,-3.177,-3.159,63.4
2024-07-23 20:00:00+00:00,21.52,-2.638,-1.474,-3.813,-2.131,45.3
2024-07-23 21:00:00+00:00,22.08,-2.724,-0.433,-3.938,-0.626,0.1
2024-07-23 22:00:00+00:00,21.92,-3.028,0.343,-4.377,0.496,0.0
2024-07-23 23:00:00+00:00,21.7,-2.3,1.127,-3.324,1.629,0.0
2024-07-24 00:00:00+00:00,23.69,-2.093,1.863,-3.026,2.693,0.0
2024-07-24 01:00:00+00:00,24.64,-1.494,2.854,-2.159,4.125,0.0
2024-07-24 02:00:00+00:00,21.37,-0.64,3.0,-0.925,4.336,0.0
2024-07-24 03:00:00+00:00,19.89,0.126,3.318,0.183,4.796,0.0
2024-07-24 04:00:00+00:00,19.59,0.964,3.035,1.393,4.387,19.7
2024-07-24 05:00:00+00:00,19.6,2.171,3.292,3.137,4.759,47.2
2024-07-24 06:00:00+00:00,17.56,2.94,2.899,4.25,4.191,69.1
2024-07-24 07:00:00+00:00,15.87,3.458,2.123,4.998,3.068,94.6
2024-07-24 08:00:00+00:00,18.97,4.288,1.682,6.198,2.431,118.4
2024-07-24 09:00:00+00:00,11.35,4.147,1.222,5.994,1.766,138.9
2024-07-24 10:00:00+00:00,10.41,3.494,0.708,5.051,1.024,154.6
2024-07-24 11:00:00+00:00,12.69,2.65,-0.105,3.83,-0.151,164.5
2024-07-24 12:00:00+00:00,12.59,2.484,-0.927,3.59,-1.34,179.0
2024-07-24 13:00:00+00:00,11.05,1.794,-1.261,2.593,-1.823,273.8
2024-07-24 14:00:00+00:00,10.32,1.205,-1.19,1.742,-1.72,492.0
2024-07-24 15:00:00+00:00,10.46,1.052,-1.236,1.52,-1.787,623.4
2024-07-24 16:00:00+00:00,12.27,0.835,-1.217,1.206,-1.759,498.8
2024-07-24 17:00:00+00:00,10.46,0.873,-1.414,1.262,-2.044,430.1
2024-07-24 18:00:00+00:00,11.9,0.634,-1.031,0.916,-1.491,313.9
2024-07-24 19:00:00+00:00,12.82,0.754,-1.423,1.09,-2.058,152.4
2024-07-24 20:00:00+00:00,15.79,0.594,-1.12,0.858,-1.619,79.6
2024-07-24 21:00:00+00:00,15.71,0.495,-0.988,0.716,-1.427,0.0
2024-07-24 22:00:00+00:00,16.99,0.508,-1.002,0.735,-1.448,0.0
2024-07-24 23:00:00+00:00,14.79,0.485,-1.061,0.701,-1.534,0.0
2024-07-25 00:00:00+00:00,17.39,0.413,-1.065,0.597,-1.539,0.0
2024-07-25 01:00:00+00:00,19.05,0.265,-0.866,0.384,-1.252,0.0
2024-07-25 02:00:00+00:00,21.69,0.243,-0.823,0.352,-1.19,0.0
2024-07-25 03:00:00+00:00,20.5,0.216,-0.8,0.312,-1.156,0.0
2024-07-25 04:00:00+00:00,21.14,0.201,-0.71,0.291,-1.027,85.6
2024-07-25 05:00:00+00:00,20.62,0.241,-0.756,0.349,-1.093,194.0
2024-07-25 06:00:00+00:00,18.61,0.347,-0.864,0.502,-1.248,310.4
2024-07-25 07:00:00+00:00,15.27,0.373,-0.841,0.539,-1.216,426.8
2024-07-25 08:00:00+00:00,12.64,0.466,-0.896,0.673,-1.295,535.3
2024-07-25 09:00:00+00:00,10.99,0.512,-0.949,0.74,-1.372,628.4
2024-07-25 10:00:00+00:00,11.43,0.583,-0.803,0.843,-1.16,699.9
2024-07-25 11:00:00+00:00,11.91,0.886,-0.897,1.281,-1.297,744.8
2024-07-25 12:00:00+00:00,10.88,1.166,-0.873,1.686,-1.262,633.8
2024-07-25 13:00:00+00:00,10.82,1.781,-1.082,2.575,-1.564,286.5
2024-07-25 14:00:00+00:00,11.55,1.927,-0.786,2.785,-1.136,699.9
2024-07-25 15:00:00+00:00,12.73,1.92,-0.397,2.776,-0.574,562.7
2024-07-25 16:00:00+00:00,11.53,2.273,-0.172,3.286,-0.248,408.3
2024-07-25 17:00:00+00:00,9.94,2.39,-0.103,3.455,-0.149,271.7
2024-07-25 18:00:00+00:00,9.57,2.154,0.123,3.114,0.177,211.9
2024-07-25 19:00:00+00:00,9.37,2.77,0.366,4.003,0.53,130.7
2024-07-25 20:00:00+00:00,13.3,3.095,0.434,4.474,0.627,45.4
2024-07-25 21:00:00+00:00,11.48,2.928,0.263,4.232,0.381,0.0
2024-07-25 22:00:00+00:00,9.86,3.329,0.184,4.811,0.266,0.0
2024-07-25 23:00:00+00:00,12.93,3.172,0.071,4.585,0.102,0.0
2024-07-26 00:00:00+00:00,15.7,2.976,0.047,4.301,0.069,0.0
2024-07-26 01:00:00+00:00,17.01,2.976,0.017,4.301,0.025,0.0
2024-07-26 02:00:00+00:00,16.38,2.672,0.05,3.863,0.073,0.0
2024-07-26 03:00:00+00:00,16.01,2.774,0.04,4.01,0.057,0.0
2024-07-26 04:00:00+00:00,15.25,2.008,0.146,2.903,0.211,81.7
2024-07-26 05:00:00+00:00,13.83,2.016,0.241,2.915,0.349,190.3
2024-07-26 06:00:00+00:00,13.89,2.135,0.457,3.086,0.661,306.9
2024-07-26 07:00:00+00:00,11.34,1.945,0.587,2.812,0.849,249.1
2024-07-26 08:00:00+00:00,11.59,1.964,0.881,2.839,1.274,488.9
2024-07-26 09:00:00+00:00,12.5,1.756,1.006,2.539,1.454,433.5
2024-07-26 10:00:00+00:00,10.22,1.522,0.974,2.2,1.408,612.7
2024-07-26 11:00:00+00:00,10.1,1.543,1.1,2.231,1.589,418.1
2024-07-26 12:00:00+00:00,9.67,1.3,0.924,1.879,1.336,366.2
2024-07-26 13:00:00+00:00,7.77,1.289,0.953,1.863,1.377,558.1
2024-07-26 14:00:00+00:00,7.42,1.304,1.006,1.884,1.455,696.9
2024-07-26 15:00:00+00:00,5.58,1.183,0.769,1.709,1.111,585.2
2024-07-26 16:00:00+00:00,5.8,1.363,0.67,1.97,0.968,517.7
2024-07-26 17:00:00+00:00,6.43,1.163,0.349,1.681,0.505,423.4
2024-07-26 18:00:00+00:00,9.2,1.131,0.104,1.635,0.151,306.9
2024-07-26 19:00:00+00:00,12.47,1.019,-0.081,1.472,-0.117,190.3
2024-07-26 20:00:00+00:00,16.18,1.118,-0.42,1.616,-0.607,81.7
2024-07-26 21:00:00+00:00,18.36,0.754,-0.59,1.09,-0.853,0.0
2024-07-26 22:00:00+00:00,19.34,0.577,-0.775,0.834,-1.12,0.0
2024-07-26 23:00:00+00:00,20.26,0.284,-0.912,0.41,-1.318,0.0
2024-07-27 00:00:00+00:00,20.57,-0.104,-1.335,-0.151,-1.929,0.0
2024-07-27 01:00:00+00:00,23.47,-0.532,-1.333,-0.77,-1.927,0.0
2024-07-27 02:00:00+00:00,21.1,-0.861,-1.043,-1.244,-1.507,0.0
2024-07-27 03:00:00+00:00,21.53,-1.253,-0.648,-1.811,-0.937,0.0
2024-07-27 04:00:00+00:00,20.73,-1.672,-0.023,-2.417,-0.033,17.1
2024-07-27 05:00:00+00:00,20.85,-1.701,0.921,-2.459,1.331,41.0
2024-07-27 06:00:00+00:00,19.49,-0.925,1.804,-1.337,2.607,66.7
2024-07-27 07:00:00+00:00,19.67,0.233,2.306,0.337,3.333,92.4
2024-07-27 08:00:00+00:00,19.1,1.186,1.499,1.715,2.167,116.3
2024-07-27 09:00:00+00:00,18.79,2.092,0.576,3.024,0.833,136.9
2024-07-27 10:00:00+00:00,17.72,2.306,-1.007,3.333,-1.456,152.6
2024-07-27 11:00:00+00:00,14.78,1.16,-2.384,1.677,-3.446,162.5
2024-07-27 12:00:00+00:00,16.31,-0.66,-2.884,-0.955,-4.168,165.9
2024-07-27 13:00:00+00:00,15.93,-2.537,-2.013,-3.667,-2.91,162.5
2024-07-27 14:00:00+00:00,15.77,-3.124,-0.112,-4.515,-0.161,152.6
2024-07-27 15:00:00+00:00,16.29,-3.419,2.329,-4.942,3.366,136.9
2024-07-27 16:00:00+00:00,14.38,-1.137,3.169,-1.643,4.581,116.3
2024-07-27 17:00:00+00:00,14.46,0.658,3.108,0.951,4.492,92.4
2024-07-27 18:00:00+00:00,16.51,2.319,2.623,3.352,3.791,66.7
2024-07-27 19:00:00+00:00,19.07,4.13,1.137,5.97,1.643,41.0
2024-07-27 20:00:00+00:00,16.08,6.13,-1.855,8.861,-2.682,17.1
2024-07-27 21:00:00+00:00,18.52,3.561,-4.321,5.147,-6.245,0.0
2024-07-27 22:00:00+00:00,20.15,0.768,-5.668,1.111,-8.193,0.0
2024-07-27 23:00:00+00:00,20.78,-1.798,-3.695,-2.599,-5.341,0.0
2024-07-28 00:00:00+00:00,21.72,-3.542,-2.413,-5.12,-3.488,0.0
2024-07-28 01:00:00+00:00,22.21,-3.331,-0.589,-4.814,-0.851,0.0
2024-07-28 02:00:00+00:00,20.47,-3.257,0.716,-4.708,1.034,0.0
2024-07-28 03:00:00+00:00,21.35,-2.387,1.746,-3.45,2.524,0.0
2024-07-28 04:00:00+00:00,19.24,-1.041,1.793,-1.505,2.592,16.2
2024-07-28 05:00:00+00:00,17.65,-0.082,1.707,-0.118,2.467,40.2
2024-07-28 06:00:00+00:00,16.68,0.869,1.914,1.256,2.767,65.9
2024-07-28 07:00:00+00:00,15.04,1.469,1.26,2.124,1.821,267.4
2024-07-28 08:00:00+00:00,14.57,2.001,0.532,2.892,0.769,152.7
2024-07-28 09:00:00+00:00,14.28,2.736,-0.816,3.954,-1.179,136.1
2024-07-28 10:00:00+00:00,13.43,2.317,-2.237,3.349,-3.234,158.8
2024-07-28 11:00:00+00:00,11.83,1.167,-3.048,1.687,-4.406,295.7
2024-07-28 12:00:00+00:00,12.57,-0.212,-3.126,-0.306,-4.519,347.5
2024-07-28 13:00:00+00:00,12.83,-1.651,-2.287,-2.386,-3.306,161.9
2024-07-28 14:00:00+00:00,13.93,-2.892,-1.345,-4.18,-1.944,151.9
2024-07-28 15:00:00+00:00,15.11,-3.49,0.465,-5.045,0.672,136.1
2024-07-28 16:00:00+00:00,14.57,-2.683,2.316,-3.879,3.347,115.6
2024-07-28 17:00:00+00:00,16.19,-0.922,3.032,-1.332,4.382,91.6
2024-07-28 18:00:00+00:00,19.19,0.893,3.322,1.291,4.802,65.9
2024-07-28 19:00:00+00:00,17.9,2.271,2.266,3.283,3.276,40.2
2024-07-28 20:00:00+00:00,19.06,3.804,0.906,5.498,1.31,16.2
2024-07-28 21:00:00+00:00,22.49,3.873,-1.426,5.598,-2.061,0.0
2024-07-28 22:00:00+00:00,24.13,2.087,-2.714,3.017,-3.923,0.0
2024-07-28 23:00:00+00:00,23.81,0.278,-3.903,0.402,-5.642,0.0
2024-07-29 00:00:00+00:00,21.85,-2.022,-3.917,-2.923,-5.662,0.0
2024-07-29 01:00:00+00:00,21.56,-4.146,-3.067,-5.992,-4.434,0.0
2024-07-29 02:00:00+00:00,22.16,-4.807,-1.208,-6.948,-1.746,0.0
2024-07-29 03:00:00+00:00,21.67,-4.697,0.554,-6.789,0.801,0.0
2024-07-29 04:00:00+00:00,20.66,-4.697,2.499,-6.789,3.612,37.7
2024-07-29 05:00:00+00:00,18.52,-2.871,3.298,-4.149,4.767,121.0
2024-07-29 06:00:00+00:00,20.3,-1.612,3.984,-2.33,5.759,229.7
2024-07-29 07:00:00+00:00,20.8,-0.268,4.538,-0.387,6.56,412.7
2024-07-29 08:00:00+00:00,18.49,1.732,4.771,2.503,6.896,521.8
2024-07-29 09:00:00+00:00,17.11,2.923,3.071,4.225,4.438,615.5
2024-07-29 10:00:00+00:00,15.81,3.964,1.876,5.73,2.711,687.3
2024-07-29 11:00:00+00:00,15.31,3.941,0.638,5.697,0.922,732.5
2024-07-29 12:00:00+00:00,12.8,4.439,-0.332,6.416,-0.479,747.9
2024-07-29 13:00:00+00:00,14.26,3.583,-1.085,5.179,-1.568,732.5
2024-07-29 14:00:00+00:00,17.73,3.12,-1.648,4.51,-2.382,347.6
2024-07-29 15:00:00+00:00,17.83,2.239,-2.019,3.236,-2.918,153.2
2024-07-29 16:00:00+00:00,15.7,1.194,-1.978,1.726,-2.859,114.8
2024-07-29 17:00:00+00:00,12.67,0.735,-2.414,1.062,-3.49,201.3
2024-07-29 18:00:00+00:00,16.26,0.416,-2.546,0.601,-3.68,238.4
2024-07-29 19:00:00+00:00,15.72,0.34,-2.415,0.491,-3.491,140.3
2024-07-29 20:00:00+00:00,17.77,0.294,-2.154,0.425,-3.114,60.2
2024-07-29 21:00:00+00:00,17.3,0.5,-2.229,0.722,-3.222,0.0
2024-07-29 22:00:00+00:00,18.76,1.049,-2.271,1.517,-3.283,0.0
2024-07-29 23:00:00+00:00,19.14,1.59,-2.016,2.298,-2.915,0.0
2024-07-30 00:00:00+00:00,18.29,2.678,-2.055,3.871,-2.97,0.0
2024-07-30 01:00:00+00:00,17.78,2.978,-1.187,4.305,-1.716,0.0
2024-07-30 02:00:00+00:00,19.68,2.679,-0.151,3.873,-0.219,0.0
2024-07-30 03:00:00+00:00,18.74,2.185,0.524,3.158,0.758,0.0
2024-07-30 04:00:00+00:00,17.53,2.115,1.16,3.057,1.677,65.3
2024-07-30 05:00:00+00:00,17.36,1.616,1.792,2.336,2.59,174.5
2024-07-30 06:00:00+00:00,16.65,0.73,2.238,1.055,3.235,291.8
2024-07-30 07:00:00+00:00,16.1,-0.311,2.154,-0.45,3.114,409.0
2024-07-30 08:00:00+00:00,16.13,-1.043,1.855,-1.508,2.682,518.2
2024-07-30 09:00:00+00:00,14.35,-1.656,1.184,-2.394,1.712,612.0
2024-07-30 10:00:00+00:00,14.06,-2.254,0.4,-3.257,0.578,627.0
2024-07-30 11:00:00+00:00,14.33,-2.477,-0.503,-3.58,-0.727,330.5
2024-07-30 12:00:00+00:00,16.52,-2.444,-1.768,-3.533,-2.555,274.8
2024-07-30 13:00:00+00:00,18.7,-1.324,-2.154,-1.914,-3.113,313.5
2024-07-30 14:00:00+00:00,19.43,-0.466,-2.288,-0.673,-3.308,507.7
2024-07-30 15:00:00+00:00,19.34,0.169,-2.021,0.244,-2.921,508.7
2024-07-30 16:00:00+00:00,20.81,0.793,-2.142,1.146,-3.097,327.3
2024-07-30 17:00:00+00:00,20.15,1.724,-1.991,2.492,-2.878,143.6
2024-07-30 18:00:00+00:00,20.74,2.07,-1.217,2.992,-1.759,226.5
2024-07-30 19:00:00+00:00,22.82,2.255,-0.399,3.26,-0.577,47.6
2024-07-30 20:00:00+00:00,22.92,2.663,0.484,3.85,0.7,19.0
2024-07-30 21:00:00+00:00,25.69,2.485,1.447,3.592,2.091,0.0
2024-07-30 22:00:00+00:00,27.13,2.026,2.439,2.929,3.526,0.0
2024-07-30 23:00:00+00:00,25.82,1.126,2.817,1.627,4.072,0.0
2024-07-31 00:00:00+00:00,24.25,0.079,3.095,0.115,4.474,0.0
2024-07-31 01:00:00+00:00,25.85,-1.058,3.085,-1.529,4.459,0.0
2024-07-31 02:00:00+00:00,25.69,-2.011,2.219,-2.907,3.207,0.0
2024-07-31 03:00:00+00:00,27.02,-2.564,1.133,-3.706,1.637,0.0
2024-07-31 04:00:00+00:00,24.96,-3.011,-0.137,-4.352,-0.198,48.6
2024-07-31 05:00:00+00:00,23.87,-2.768,-1.91,-4.002,-2.761,170.4
2024-07-31 06:00:00+00:00,23.25,-1.667,-3.326,-2.409,-4.808,152.8
2024-07-31 07:00:00+00:00,20.5,0.213,-3.249,0.308,-4.697,299.1
2024-07-31 08:00:00+00:00,18.25,1.806,-2.592,2.611,-3.746,119.3
2024-07-31 09:00:00+00:00,18.11,3.548,-1.37,5.129,-1.98,133.9
2024-07-31 10:00:00+00:00,17.57,3.125,0.825,4.516,1.192,149.7
2024-07-31 11:00:00+00:00,11.5,2.166,2.36,3.131,3.412,159.7
2024-07-31 12:00:00+00:00,10.64,0.876,3.789,1.266,5.477,163.1
2024-07-31 13:00:00+00:00,10.45,-1.415,5.098,-2.045,7.368,159.7
2024-07-31 14:00:00+00:00,12.45,-4.284,4.08,-6.193,5.898,149.7
2024-07-31 15:00:00+00:00,11.31,-5.074,1.333,-7.334,1.927,133.9
2024-07-31 16:00:00+00:00,12.79,-6.605,-0.932,-9.547,-1.347,113.2
2024-07-31 17:00:00+00:00,14.44,-5.732,-3.794,-8.285,-5.484,89.1
2024-07-31 18:00:00+00:00,12.36,-2.347,-5.742,-3.393,-8.3,63.3
2024-07-31 19:00:00+00:00,10.86,1.152,-5.701,1.665,-8.24,37.5
2024-07-31 20:00:00+00:00,13.59,4.388,-3.83,6.342,-5.535,13.4
2024-07-31 21:00:00+00:00,18.3,6.196,-0.38,8.956,-0.549,0.0
2024-07-31 22:00:00+00:00,20.49,4.338,2.367,6.27,3.422,0.0
2024-07-31 23:00:00+00:00,22.87,2.264,4.443,3.273,6.423,0.0
2024-08-01 00:00:00+00:00,24.57,-0.953,6.114,-1.377,8.837,0.0
2024-08-01 01:00:00+00:00,24.88,-3.039,3.419,-4.393,4.942,0.0
2024-08-01 02:00:00+00:00,24.33,-3.776,0.905,-5.458,1.308,0.0
2024-08-01 03:00:00+00:00,23.53,-3.245,-1.683,-4.691,-2.433,0.0
2024-08-01 04:00:00+00:00,23.04,-1.496,-3.005,-2.162,-4.344,26.6
2024-08-01 05:00:00+00:00,21.67,0.609,-3.754,0.88,-5.427,166.1
2024-08-01 06:00:00+00:00,22.43,2.01,-2.527,2.906,-3.652,283.7
2024-08-01 07:00:00+00:00,23.78,2.389,-0.888,3.454,-1.284,345.0
2024-08-01 08:00:00+00:00,22.89,2.634,0.291,3.807,0.421,510.8
2024-08-01 09:00:00+00:00,21.1,2.291,1.296,3.312,1.873,604.9
2024-08-01 10:00:00+00:00,18.82,1.292,1.509,1.868,2.181,677.1
2024-08-01 11:00:00+00:00,17.07,0.854,1.858,1.235,2.685,722.4
2024-08-01 12:00:00+00:00,15.83,0.456,1.97,0.659,2.847,737.9
2024-08-01 13:00:00+00:00,16.16,0.098,1.892,0.142,2.735,628.7
2024-08-01 14:00:00+00:00,15.46,-0.125,2.188,-0.18,3.163,272.9
2024-08-01 15:00:00+00:00,15.29,-0.342,2.875,-0.494,4.156,205.4
2024-08-01 16:00:00+00:00,16.7,-0.307,3.506,-0.444,5.068,112.4
2024-08-01 17:00:00+00:00,18.25,-0.031,2.987,-0.045,4.318,88.3
2024-08-01 18:00:00+00:00,19.11,0.423,3.206,0.611,4.635,62.4
2024-08-01 19:00:00+00:00,21.15,0.625,2.549,0.904,3.685,36.5
2024-08-01 20:00:00+00:00,20.06,0.735,2.443,1.063,3.532,12.4
2024-08-01 21:00:00+00:00,21.27,1.069,2.959,1.545,4.277,0.0
2024-08-01 22:00:00+00:00,24.54,1.23,2.932,1.777,4.238,0.0
2024-08-01 23:00:00+00:00,24.65,1.385,3.256,2.002,4.706,0.0
2024-08-02 00:00:00+00:00,24.24,0.781,2.647,1.129,3.827,0.0
2024-08-02 01:00:00+00:00,25.62,0.33,2.271,0.476,3.283,0.0
2024-08-02 02:00:00+00:00,25.97,-0.097,1.906,-0.141,2.755,0.0
2024-08-02 03:00:00+00:00,22.46,-0.408,1.527,-0.59,2.208,0.0
2024-08-02 04:00:00+00:00,20.28,-0.863,1.446,-1.247,2.09,30.2
2024-08-02 05:00:00+00:00,17.88,-1.128,0.959,-1.631,1.387,92.2
2024-08-02 06:00:00+00:00,16.73,-1.776,0.66,-2.566,0.954,268.9
2024-08-02 07:00:00+00:00,16.1,-1.91,0.157,-2.762,0.227,397.2
2024-08-02 08:00:00+00:00,14.9,-2.053,-0.324,-2.967,-0.468,506.9
2024-08-02 09:00:00+00:00,14.41,-2.26,-0.825,-3.266,-1.192,586.0
2024-08-02 10:00:00+00:00,15.29,-2.055,-0.968,-2.971,-1.4,673.5
2024-08-02 11:00:00+00:00,15.19,-2.15,-1.117,-3.108,-1.614,718.9
2024-08-02 12:00:00+00:00,13.46,-1.898,-1.072,-2.743,-1.549,734.4
2024-08-02 13:00:00+00:00,13.97,-1.736,-1.123,-2.509,-1.624,718.9
2024-08-02 14:00:00+00:00,12.43,-1.879,-1.349,-2.716,-1.949,673.5
2024-08-02 15:00:00+00:00,10.37,-1.886,-1.195,-2.727,-1.728,601.2
2024-08-02 16:00:00+00:00,11.44,-2.392,-1.31,-3.458,-1.893,471.1
2024-08-02 17:00:00+00:00,13.23,-2.802,-1.21,-4.051,-1.75,397.2
2024-08-02 18:00:00+00:00,14.58,-2.812,-1.007,-4.065,-1.455,279.5
2024-08-02 19:00:00+00:00,17.46,-3.002,-0.883,-4.339,-1.277,128.7
2024-08-02 20:00:00+00:00,17.63,-4.13,-0.756,-5.97,-1.093,34.0
2024-08-02 21:00:00+00:00,17.19,-3.76,-0.611,-5.435,-0.884,0.0
2024-08-02 22:00:00+00:00,20.0,-3.934,-0.642,-5.686,-0.928,0.0
2024-08-02 23:00:00+00:00,19.38,-4.438,-0.754,-6.415,-1.089,0.0
2024-08-03 00:00:00+00:00,17.63,-4.106,-0.882,-5.935,-1.275,0.0
2024-08-03 01:00:00+00:00,18.67,-4.982,-0.789,-7.202,-1.14,0.0
2024-08-03 02:00:00+00:00,19.14,-4.571,-0.349,-6.607,-0.504,0.0
2024-08-03 03:00:00+00:00,22.23,-4.936,0.431,-7.135,0.622,0.0
2024-08-03 04:00:00+00:00,22.26,-4.16,1.099,-6.013,1.588,21.8
2024-08-03 05:00:00+00:00,20.94,-4.289,1.763,-6.199,2.549,78.5
2024-08-03 06:00:00+00:00,21.8,-3.299,1.999,-4.769,2.889,150.6
2024-08-03 07:00:00+00:00,19.38,-2.705,2.012,-3.909,2.909,205.2
2024-08-03 08:00:00+00:00,19.16,-2.804,2.566,-4.053,3.709,230.4
2024-08-03 09:00:00+00:00,15.15,-2.466,2.737,-3.564,3.956,216.5
2024-08-03 10:00:00+00:00,12.77,-2.42,2.66,-3.498,3.844,349.5
2024-08-03 11:00:00+00:00,10.27,-2.784,2.697,-4.025,3.898,440.0
2024-08-03 12:00:00+00:00,11.38,-2.523,2.238,-3.647,3.235,574.3
2024-08-03 13:00:00+00:00,10.6,-2.062,1.584,-2.98,2.289,715.3
2024-08-03 14:00:00+00:00,10.3,-2.193,1.283,-3.17,1.855,669.8
2024-08-03 15:00:00+00:00,10.57,-1.924,0.907,-2.781,1.311,597.4
2024-08-03 16:00:00+00:00,9.4,-1.889,0.594,-2.731,0.859,503.0
2024-08-03 17:00:00+00:00,12.15,-1.814,0.416,-2.622,0.601,393.1
2024-08-03 18:00:00+00:00,14.47,-1.787,0.322,-2.582,0.465,275.2
2024-08-03 19:00:00+00:00,18.4,-1.67,0.322,-2.414,0.466,112.5
2024-08-03 20:00:00+00:00,19.86,-1.882,0.27,-2.721,0.391,29.6
2024-08-03 21:00:00+00:00,19.51,-1.669,0.223,-2.413,0.322,0.0
2024-08-03 22:00:00+00:00,19.37,-2.317,0.243,-3.349,0.351,0.0
2024-08-03 23:00:00+00:00,19.77,-2.469,0.211,-3.569,0.304,0.0
2024-08-04 00:00:00+00:00,20.57,-2.506,0.334,-3.623,0.482,0.0
2024-08-04 01:00:00+00:00,21.9,-2.796,0.242,-4.041,0.349,0.0
2024-08-04 02:00:00+00:00,21.28,-2.765,0.201,-3.997,0.291,0.0
2024-08-04 03:00:00+00:00,18.3,-2.808,0.187,-4.059,0.271,0.0
2024-08-04 04:00:00+00:00,17.12,-2.905,0.26,-4.199,0.376,38.8
2024-08-04 05:00:00+00:00,21.08,-3.418,0.1,-4.94,0.145,152.8
2024-08-04 06:00:00+00:00,23.18,-2.851,-0.127,-4.121,-0.183,192.5
2024-08-04 07:00:00+00:00,20.04,-2.589,-0.265,-3.742,-0.384,366.9
2024-08-04 08:00:00+00:00,17.76,-2.433,-0.273,-3.516,-0.395,391.5
2024-08-04 09:00:00+00:00,16.84,-2.341,-0.269,-3.384,-0.39,464.1
2024-08-04 10:00:00+00:00,14.77,-1.864,-0.264,-2.694,-0.382,519.0
2024-08-04 11:00:00+00:00,14.73,-2.311,-0.313,-3.34,-0.453,711.6
2024-08-04 12:00:00+00:00,15.95,-2.054,-0.172,-2.969,-0.249,588.0
2024-08-04 13:00:00+00:00,16.05,-1.943,0.066,-2.809,0.096,306.1
2024-08-04 14:00:00+00:00,14.34,-2.281,0.38,-3.297,0.55,416.7
2024-08-04 15:00:00+00:00,10.51,-2.227,0.685,-3.219,0.991,305.4
2024-08-04 16:00:00+00:00,9.8,-2.38,1.32,-3.44,1.908,294.7
2024-08-04 17:00:00+00:00,13.02,-2.18,1.951,-3.152,2.82,295.0
2024-08-04 18:00:00+00:00,13.5,-1.771,2.106,-2.56,3.044,171.4
2024-08-04 19:00:00+00:00,15.22,-1.416,2.268,-2.047,3.278,98.0
2024-08-04 20:00:00+00:00,12.66,-0.872,2.779,-1.261,4.017,20.6
2024-08-04 21:00:00+00:00,17.73,-0.091,3.477,-0.132,5.026,0.0
2024-08-04 22:00:00+00:00,20.95,1.164,4.141,1.683,5.986,0.0
2024-08-04 23:00:00+00:00,20.97,2.439,3.222,3.526,4.657,0.0
2024-08-05 00:00:00+00:00,23.08,3.365,1.824,4.864,2.636,0.0
2024-08-05 01:00:00+00:00,20.78,4.215,0.037,6.093,0.054,0.0
2024-08-05 02:00:00+00:00,19.11,3.986,-1.852,5.761,-2.677,0.0
2024-08-05 03:00:00+00:00,18.32,3.218,-3.873,4.651,-5.599,0.0
2024-08-05 04:00:00+00:00,17.53,1.435,-6.131,2.074,-8.862,38.0
2024-08-05 05:00:00+00:00,15.56,-2.188,-6.803,-3.162,-9.833,148.2
2024-08-05 06:00:00+00:00,15.86,-4.845,-4.53,-7.003,-6.547,266.4
2024-08-05 07:00:00+00:00,15.4,-5.788,-1.75,-8.366,-2.529,384.7
2024-08-05 08:00:00+00:00,14.54,-5.426,1.192,-7.843,1.723,494.9
2024-08-05 09:00:00+00:00,13.56,-2.899,2.416,-4.19,3.492,589.5
2024-08-05 10:00:00+00:00,12.33,-1.872,3.779,-2.705,5.462,590.2
2024-08-05 11:00:00+00:00,12.84,-0.122,4.874,-0.177,7.045,502.3
2024-08-05 12:00:00+00:00,13.24,1.825,3.415,2.638,4.936,482.2
2024-08-05 13:00:00+00:00,15.27,3.712,2.102,5.365,3.038,706.5
2024-08-05 14:00:00+00:00,14.48,3.92,-0.181,5.667,-0.261,486.8
2024-08-05 15:00:00+00:00,15.48,3.233,-2.466,4.673,-3.565,548.6
2024-08-05 16:00:00+00:00,15.75,1.015,-3.862,1.468,-5.582,470.7
2024-08-05 17:00:00+00:00,16.81,-1.429,-3.412,-2.065,-4.931,235.5
2024-08-05 18:00:00+00:00,15.53,-3.256,-1.678,-4.707,-2.425,229.3
2024-08-05 19:00:00+00:00,16.09,-3.337,0.541,-4.823,0.781,131.1
2024-08-05 20:00:00+00:00,15.54,-3.598,3.344,-5.201,4.833,21.1
2024-08-05 21:00:00+00:00,18.54,-0.987,3.86,-1.426,5.58,0.0
2024-08-05 22:00:00+00:00,21.16,1.006,3.539,1.454,5.116,0.0
2024-08-05 23:00:00+00:00,21.13,1.987,1.633,2.872,2.361,0.0
2024-08-06 00:00:00+00:00,22.54,3.113,0.314,4.499,0.453,0.0
2024-08-06 01:00:00+00:00,23.84,3.015,-1.691,4.358,-2.444,0.0
2024-08-06 02:00:00+00:00,25.27,1.35,-2.821,1.951,-4.077,0.0
2024-08-06 03:00:00+00:00,26.52,-0.489,-3.115,-0.707,-4.503,0.0
2024-08-06 04:00:00+00:00,28.06,-2.264,-2.567,-3.273,-3.711,14.4
2024-08-06 05:00:00+00:00,28.33,-3.161,-1.026,-4.569,-1.484,31.6
2024-08-06 06:00:00+00:00,26.87,-3.883,0.857,-5.613,1.238,57.6
2024-08-06 07:00:00+00:00,23.09,-3.451,3.391,-4.988,4.901,111.3
2024-08-06 08:00:00+00:00,21.48,-1.029,5.274,-1.488,7.623,249.8
2024-08-06 09:00:00+00:00,22.71,1.651,5.073,2.386,7.333,296.0
2024-08-06 10:00:00+00:00,20.63,4.352,4.953,6.29,7.159,201.4
2024-08-06 11:00:00+00:00,19.77,5.678,2.231,8.207,3.225,462.8
2024-08-06 12:00:00+00:00,16.57,6.529,-0.488,9.437,-0.705,429.4
2024-08-06 13:00:00+00:00,14.48,5.069,-3.232,7.328,-4.672,359.2
2024-08-06 14:00:00+00:00,12.82,2.954,-5.401,4.27,-7.807,353.5
2024-08-06 15:00:00+00:00,12.53,0.126,-6.375,0.183,-9.215,516.2
2024-08-06 16:00:00+00:00,14.71,-2.324,-4.81,-3.36,-6.953,490.7
2024-08-06 17:00:00+00:00,16.93,-6.239,-4.959,-9.018,-7.168,380.4
2024-08-06 18:00:00+00:00,20.06,-6.6,-1.804,-9.54,-2.608,261.9
2024-08-06 19:00:00+00:00,23.36,-6.167,1.473,-8.913,2.129,138.8
2024-08-06 20:00:00+00:00,25.35,-4.627,3.994,-6.689,5.774,26.4
2024-08-06 21:00:00+00:00,22.55,-1.685,5.167,-2.436,7.468,0.0
2024-08-06 22:00:00+00:00,22.15,1.231,4.99,1.779,7.212,0.0
2024-08-06 23:00:00+00:00,24.45,3.009,3.931,4.35,5.682,0.0
2024-08-07 00:00:00+00:00,23.83,4.266,2.08,6.166,3.007,0.0
2024-08-07 01:00:00+00:00,23.91,5.826,-0.104,8.421,-0.15,0.0
2024-08-07 02:00:00+00:00,23.06,5.236,-2.507,7.569,-3.624,0.0
2024-08-07 03:00:00+00:00,22.46,4.875,-5.616,7.046,-8.117,0.0
2024-08-07 04:00:00+00:00,21.56,1.849,-8.616,2.673,-12.453,28.2
2024-08-07 05:00:00+00:00,22.26,-3.64,-9.742,-5.261,-14.082,138.7
2024-08-07 06:00:00+00:00,21.65,-7.21,-6.505,-10.422,-9.403,257.3
2024-08-07 07:00:00+00:00,23.62,-11.341,-2.639,-16.392,-3.814,375.9
2024-08-07 08:00:00+00:00,21.42,-9.177,2.721,-13.265,3.933,486.5
2024-08-07 09:00:00+00:00,20.52,-7.515,7.219,-10.862,10.435,516.9
2024-08-07 10:00:00+00:00,21.19,-3.323,9.619,-4.803,13.903,605.0
2024-08-07 11:00:00+00:00,19.94,1.351,8.382,1.953,12.116,700.0
2024-08-07 12:00:00+00:00,21.72,5.033,6.9,7.275,9.973,715.6
2024-08-07 13:00:00+00:00,21.22,6.928,3.627,10.014,5.242,700.0
2024-08-07 14:00:00+00:00,21.32,9.741,-0.612,14.08,-0.884,654.2
2024-08-07 15:00:00+00:00,20.56,6.337,-4.982,9.16,-7.201,581.4
2024-08-07 16:00:00+00:00,22.25,1.817,-8.745,2.627,-12.64,486.5
2024-08-07 17:00:00+00:00,21.9,-3.255,-5.88,-4.704,-8.499,375.9
2024-08-07 18:00:00+00:00,23.34,-5.502,-2.551,-7.953,-3.688,257.3
2024-08-07 19:00:00+00:00,22.85,-5.588,1.196,-8.077,1.728,138.7
2024-08-07 20:00:00+00:00,25.5,-3.56,4.336,-5.146,6.268,28.2
2024-08-07 21:00:00+00:00,24.32,-0.014,6.086,-0.021,8.797,0.0
2024-08-07 22:00:00+00:00,23.64,3.889,5.199,5.622,7.514,0.0
2024-08-07 23:00:00+00:00,25.04,5.661,1.35,8.182,1.952,0.0
2024-08-08 00:00:00+00:00,23.59,5.215,-2.215,7.538,-3.202,0.0
2024-08-08 01:00:00+00:00,21.17,2.384,-4.569,3.446,-6.604,0.0
2024-08-08 02:00:00+00:00,20.86,-1.249,-4.772,-1.805,-6.898,0.0
2024-08-08 03:00:00+00:00,22.1,-3.569,-1.923,-5.158,-2.78,0.0
2024-08-08 04:00:00+00:00,20.46,-3.717,1.447,-5.373,2.091,13.9
2024-08-08 05:00:00+00:00,21.2,-1.349,3.907,-1.949,5.647,72.6
2024-08-08 06:00:00+00:00,22.49,1.81,3.495,2.616,5.052,95.5
2024-08-08 07:00:00+00:00,20.08,3.257,1.201,4.708,1.737,181.6
2024-08-08 08:00:00+00:00,18.08,2.971,-1.154,4.295,-1.668,393.1
2024-08-08 09:00:00+00:00,16.54,1.483,-3.18,2.144,-4.597,425.1
2024-08-08 10:00:00+00:00,18.67,-1.001,-3.147,-1.446,-4.55,650.1
2024-08-08 11:00:00+00:00,16.28,-2.488,-1.906,-3.596,-2.756,696.0
2024-08-08 12:00:00+00:00,16.47,-3.432,-0.313,-4.961,-0.452,711.6
2024-08-08 13:00:00+00:00,15.07,-3.937,2.132,-5.69,3.081,696.0
2024-08-08 14:00:00+00:00,13.28,-1.805,3.191,-2.609,4.613,650.1
2024-08-08 15:00:00+00:00,12.7,0.24,3.946,0.347,5.704,496.8
2024-08-08 16:00:00+00:00,15.05,2.442,3.44,3.53,4.973,401.6
2024-08-08 17:00:00+00:00,17.49,4.612,1.698,6.666,2.455,184.2
2024-08-08 18:00:00+00:00,18.29,4.846,-1.227,7.004,-1.774,64.1
2024-08-08 19:00:00+00:00,17.88,2.779,-3.332,4.017,-4.816,50.4
2024-08-08 20:00:00+00:00,19.47,0.04,-4.174,0.058,-6.033,5.1
2024-08-08 21:00:00+00:00,19.52,-2.07,-2.769,-2.992,-4.003,0.0
2024-08-08 22:00:00+00:00,20.96,-3.984,-1.27,-5.758,-1.836,0.0
2024-08-08 23:00:00+00:00,21.25,-3.579,1.038,-5.173,1.5,0.0
2024-08-09 00:00:00+00:00,24.45,-2.468,3.321,-3.567,4.8,0.0
2024-08-09 01:00:00+00:00,25.52,0.021,5.127,0.031,7.411,0.0
2024-08-09 02:00:00+00:00,24.88,2.513,3.374,3.633,4.878,0.0
2024-08-09 03:00:00+00:00,24.94,3.689,1.462,5.332,2.113,0.0
2024-08-09 04:00:00+00:00,22.43,3.196,-0.619,4.619,-0.895,8.3
2024-08-09 05:00:00+00:00,19.89,3.143,-2.676,4.543,-3.868,44.3
2024-08-09 06:00:00+00:00,21.09,1.181,-3.956,1.707,-5.719,127.8
2024-08-09 07:00:00+00:00,19.22,-1.086,-3.858,-1.57,-5.576,151.9
2024-08-09 08:00:00+00:00,18.92,-3.375,-3.255,-4.878,-4.705,105.1
2024-08-09 09:00:00+00:00,19.35,-5.653,-0.807,-8.17,-1.166,126.0
2024-08-09 10:00:00+00:00,16.79,-4.368,2.518,-6.313,3.64,142.1
2024-08-09 11:00:00+00:00,16.57,-2.45,5.663,-3.541,8.185,152.2
2024-08-09 12:00:00+00:00,14.98,0.778,4.964,1.124,7.175,155.7
2024-08-09 13:00:00+00:00,14.48,3.157,4.225,4.563,6.107,152.2
2024-08-09 14:00:00+00:00,13.29,4.921,2.513,7.113,3.632,142.1
2024-08-09 15:00:00+00:00,10.68,5.119,0.37,7.399,0.535,126.0
2024-08-09 16:00:00+00:00,11.2,4.664,-1.852,6.742,-2.677,105.1
2024-08-09 17:00:00+00:00,11.39,3.992,-3.535,5.77,-5.11,80.7
2024-08-09 18:00:00+00:00,16.55,2.242,-4.559,3.241,-6.589,54.5
2024-08-09 19:00:00+00:00,15.41,0.346,-4.778,0.501,-6.906,28.4
2024-08-09 20:00:00+00:00,14.35,-1.046,-3.638,-1.512,-5.258,4.0
2024-08-09 21:00:00+00:00,13.34,-2.208,-3.168,-3.191,-4.58,0.0
2024-08-09 22:00:00+00:00,15.31,-3.06,-2.584,-4.423,-3.735,0.0
2024-08-09 23:00:00+00:00,19.98,-3.343,-1.72,-4.833,-2.487,0.0
2024-08-10 00:00:00+00:00,18.12,-3.597,-0.85,-5.199,-1.228,0.0
2024-08-10 01:00:00+00:00,19.21,-4.569,-0.059,-6.605,-0.085,0.0
2024-08-10 02:00:00+00:00,20.41,-4.766,1.066,-6.889,1.541,0.0
2024-08-10 03:00:00+00:00,20.78,-5.577,2.852,-8.061,4.122,0.0
2024-08-10 04:00:00+00:00,18.26,-4.746,3.873,-6.861,5.598,2.8
2024-08-10 05:00:00+00:00,18.79,-4.214,4.6,-6.091,6.65,27.3
2024-08-10 06:00:00+00:00,21.77,-3.058,5.375,-4.419,7.769,53.5
2024-08-10 07:00:00+00:00,17.43,-3.264,8.31,-4.718,12.012,79.7
2024-08-10 08:00:00+00:00,18.27,-2.296,10.189,-3.319,14.728,104.1
2024-08-10 09:00:00+00:00,16.66,-1.118,9.405,-1.617,13.595,125.1
2024-08-10 10:00:00+00:00,18.8,-0.382,9.089,-0.552,13.138,141.2
2024-08-10 11:00:00+00:00,17.9,0.791,10.678,1.143,15.435,151.3
2024-08-10 12:00:00+00:00,17.69,1.574,11.027,2.275,15.939,154.7
2024-08-10 13:00:00+00:00,15.51,2.57,9.418,3.715,13.613,151.3
2024-08-10 14:00:00+00:00,13.54,3.353,9.703,4.847,14.025,142.3
2024-08-10 15:00:00+00:00,15.28,4.605,10.787,6.657,15.591,363.0
2024-08-10 16:00:00+00:00,16.76,4.134,8.05,5.976,11.636,324.7
2024-08-10 17:00:00+00:00,15.73,3.517,4.887,5.084,7.064,259.4
2024-08-10 18:00:00+00:00,17.34,3.436,4.188,4.967,6.053,182.0
2024-08-10 19:00:00+00:00,17.96,3.033,3.057,4.384,4.418,85.4
2024-08-10 20:00:00+00:00,18.52,3.262,2.664,4.714,3.85,11.6
2024-08-10 21:00:00+00:00,18.6,3.097,1.841,4.477,2.661,0.0
2024-08-10 22:00:00+00:00,20.5,2.989,1.362,4.321,1.968,0.0
2024-08-10 23:00:00+00:00,24.11,3.164,0.942,4.573,1.361,0.0
2024-08-11 00:00:00+00:00,26.09,3.716,0.699,5.372,1.011,0.0
2024-08-11 01:00:00+00:00,27.14,4.164,0.323,6.019,0.467,0.0
2024-08-11 02:00:00+00:00,27.05,5.27,-0.234,7.618,-0.339,0.0
2024-08-11 03:00:00+00:00,27.21,4.201,-0.5,6.072,-0.722,0.0
2024-08-11 04:00:00+00:00,26.76,4.861,-0.827,7.027,-1.195,7.6
2024-08-11 05:00:00+00:00,26.05,6.194,-1.536,8.952,-2.22,118.8
2024-08-11 06:00:00+00:00,29.47,5.742,-1.365,8.3,-1.972,238.1
2024-08-11 07:00:00+00:00,27.97,5.992,-1.698,8.661,-2.455,357.4
2024-08-11 08:00:00+00:00,27.75,5.961,-2.261,8.617,-3.269,468.6
2024-08-11 09:00:00+00:00,25.53,5.422,-2.687,7.837,-3.884,564.1
2024-08-11 10:00:00+00:00,25.6,5.068,-2.971,7.326,-4.294,637.3
2024-08-11 11:00:00+00:00,24.99,5.146,-3.837,7.439,-5.546,326.6
2024-08-11 12:00:00+00:00,23.12,4.734,-3.841,6.843,-5.552,506.3
2024-08-11 13:00:00+00:00,21.72,5.326,-3.99,7.699,-5.767,628.0
2024-08-11 14:00:00+00:00,20.59,7.009,-5.098,10.131,-7.369,620.8
2024-08-11 15:00:00+00:00,19.43,6.841,-4.894,9.889,-7.073,446.3
2024-08-11 16:00:00+00:00,19.57,6.359,-4.022,9.191,-5.813,468.6
2024-08-11 17:00:00+00:00,19.91,6.672,-3.975,9.644,-5.745,357.4
2024-08-11 18:00:00+00:00,18.39,7.51,-3.661,10.856,-5.291,238.1
2024-08-11 19:00:00+00:00,17.61,8.208,-3.099,11.864,-4.48,118.8
2024-08-11 20:00:00+00:00,20.39,7.555,-2.117,10.92,-3.06,6.5
2024-08-11 21:00:00+00:00,19.6,7.464,-1.74,10.789,-2.515,0.0
2024-08-11 22:00:00+00:00,21.5,7.223,-0.891,10.441,-1.288,0.0
2024-08-11 23:00:00+00:00,21.69,5.709,-0.485,8.252,-0.701,0.0
2024-08-12 00:00:00+00:00,25.4,5.22,-0.242,7.545,-0.35,0.0
2024-08-12 01:00:00+00:00,26.65,6.438,0.155,9.306,0.224,0.0
2024-08-12 02:00:00+00:00,27.56,5.809,0.585,8.397,0.846,0.0
2024-08-12 03:00:00+00:00,26.35,5.39,0.891,7.791,1.288,0.0
2024-08-12 04:00:00+00:00,26.08,4.84,0.69,6.995,0.998,2.3
2024-08-12 05:00:00+00:00,22.69,4.508,1.082,6.517,1.564,68.8
2024-08-12 06:00:00+00:00,23.05,3.524,1.038,5.094,1.5,114.5
2024-08-12 07:00:00+00:00,22.83,2.68,1.124,3.874,1.624,144.1
2024-08-12 08:00:00+00:00,22.93,2.64,1.539,3.815,2.225,270.7
2024-08-12 09:00:00+00:00,19.41,2.684,1.764,3.88,2.55,472.5
2024-08-12 10:00:00+00:00,14.93,1.851,1.212,2.675,1.751,370.2
2024-08-12 11:00:00+00:00,15.63,1.562,1.195,2.257,1.728,230.2
2024-08-12 12:00:00+00:00,14.98,1.569,1.513,2.268,2.187,152.8
2024-08-12 13:00:00+00:00,14.5,1.85,2.009,2.673,2.904,149.4
2024-08-12 14:00:00+00:00,14.64,1.543,1.676,2.231,2.422,139.2
2024-08-12 15:00:00+00:00,16.02,1.483,1.511,2.143,2.184,123.1
2024-08-12 16:00:00+00:00,14.38,1.184,1.058,1.711,1.529,102.1
2024-08-12 17:00:00+00:00,13.96,1.126,0.915,1.628,1.323,77.6
2024-08-12 18:00:00+00:00,16.26,1.54,1.156,2.226,1.671,51.3
2024-08-12 19:00:00+00:00,19.99,1.5,1.013,2.169,1.464,25.0
2024-08-12 20:00:00+00:00,20.93,1.659,1.091,2.398,1.577,0.5
2024-08-12 21:00:00+00:00,22.79,1.692,1.114,2.445,1.61,0.0
2024-08-12 22:00:00+00:00,25.74,1.882,1.21,2.72,1.75,0.0
2024-08-12 23:00:00+00:00,22.94,2.277,1.688,3.291,2.44,0.0
2024-08-13 00:00:00+00:00,21.83,2.712,2.373,3.919,3.43,0.0
2024-08-13 01:00:00+00:00,24.53,2.625,2.912,3.795,4.209,0.0
2024-08-13 02:00:00+00:00,22.15,2.452,3.433,3.544,4.963,0.0
2024-08-13 03:00:00+00:00,23.65,1.79,3.414,2.587,4.935,0.0
2024-08-13 04:00:00+00:00,21.63,1.249,3.675,1.806,5.312,0.0
2024-08-13 05:00:00+00:00,20.94,0.194,4.664,0.28,6.742,76.4
2024-08-13 06:00:00+00:00,22.46,-0.856,3.493,-1.237,5.049,73.0
2024-08-13 07:00:00+00:00,21.52,-1.608,2.996,-2.324,4.33,76.5
2024-08-13 08:00:00+00:00,19.16,-2.595,2.652,-3.751,3.833,288.9
2024-08-13 09:00:00+00:00,17.9,-3.686,1.935,-5.328,2.797,340.8
2024-08-13 10:00:00+00:00,17.84,-3.42,0.265,-4.943,0.383,591.3
2024-08-13 11:00:00+00:00,16.29,-5.237,-1.618,-7.57,-2.339,674.6
2024-08-13 12:00:00+00:00,15.27,-5.185,-4.233,-7.495,-6.119,657.1
2024-08-13 13:00:00+00:00,14.76,-3.493,-7.289,-5.048,-10.536,384.9
2024-08-13 14:00:00+00:00,15.32,0.471,-5.983,0.681,-8.649,616.4
2024-08-13 15:00:00+00:00,16.25,3.498,-5.202,5.055,-7.519,554.9
2024-08-13 16:00:00+00:00,17.16,7.473,-3.689,10.802,-5.333,459.2
2024-08-13 17:00:00+00:00,19.7,8.305,0.428,12.005,0.619,347.7
2024-08-13 18:00:00+00:00,18.89,5.185,3.146,7.495,4.547,228.0
2024-08-13 19:00:00+00:00,18.93,2.919,6.612,4.22,9.558,108.4
2024-08-13 20:00:00+00:00,19.18,-1.108,7.074,-1.602,10.225,0.0
2024-08-13 21:00:00+00:00,20.4,-4.367,5.917,-6.312,8.552,0.0
2024-08-13 22:00:00+00:00,19.65,-5.562,3.143,-8.039,4.543,0.0
2024-08-13 23:00:00+00:00,19.49,-6.064,0.451,-8.765,0.651,0.0
2024-08-14 00:00:00+00:00,19.74,-5.444,-2.215,-7.869,-3.201,0.0
2024-08-14 01:00:00+00:00,20.88,-4.086,-5.131,-5.906,-7.417,0.0
2024-08-14 02:00:00+00:00,22.01,-0.862,-7.817,-1.245,-11.299,0.0
2024-08-14 03:00:00+00:00,21.56,3.56,-8.078,5.146,-11.676,0.0
2024-08-14 04:00:00+00:00,20.67,7.079,-5.984,10.233,-8.65,0.0
2024-08-14 05:00:00+00:00,18.96,9.093,-2.257,13.143,-3.263,60.8
2024-08-14 06:00:00+00:00,18.05,9.307,2.482,13.453,3.588,195.6
2024-08-14 07:00:00+00:00,17.92,7.474,5.962,10.804,8.618,342.7
2024-08-14 08:00:00+00:00,17.12,4.195,8.047,6.063,11.631,415.1
2024-08-14 09:00:00+00:00,15.23,0.738,7.855,1.066,11.354,393.8
2024-08-14 10:00:00+00:00,12.7,-1.498,6.172,-2.166,8.921,563.5
2024-08-14 11:00:00+00:00,10.59,-3.15,5.356,-4.554,7.741,592.3
2024-08-14 12:00:00+00:00,12.09,-3.636,3.824,-5.256,5.528,531.7
2024-08-14 13:00:00+00:00,10.67,-3.914,2.874,-5.657,4.155,303.6
2024-08-14 14:00:00+00:00,10.25,-4.842,2.005,-6.999,2.898,137.2
2024-08-14 15:00:00+00:00,10.1,-4.928,0.756,-7.123,1.093,121.1
2024-08-14 16:00:00+00:00,8.35,-4.567,-0.135,-6.601,-0.196,144.0
2024-08-14 17:00:00+00:00,10.5,-3.537,-0.642,-5.113,-0.929,75.4
2024-08-14 18:00:00+00:00,10.0,-3.039,-0.95,-4.393,-1.373,49.0
2024-08-14 19:00:00+00:00,11.52,-2.624,-1.182,-3.792,-1.709,22.7
2024-08-14 20:00:00+00:00,10.48,-2.341,-1.451,-3.384,-2.097,0.0
2024-08-14 21:00:00+00:00,13.18,-2.483,-1.728,-3.589,-2.497,0.0
2024-08-14 22:00:00+00:00,15.51,-2.477,-1.604,-3.58,-2.318,0.0
2024-08-14 23:00:00+00:00,16.1,-2.683,-1.46,-3.878,-2.111,0.0
2024-08-15 00:00:00+00:00,18.96,-2.418,-0.974,-3.495,-1.408,0.0
2024-08-15 01:00:00+00:00,18.21,-2.734,-0.77,-3.951,-1.113,0.0
2024-08-15 02:00:00+00:00,20.44,-2.588,-0.36,-3.741,-0.52,0.0
2024-08-15 03:00:00+00:00,20.47,-2.363,-0.225,-3.416,-0.326,0.0
2024-08-15 04:00:00+00:00,19.07,-2.645,-0.195,-3.823,-0.281,0.0
2024-08-15 05:00:00+00:00,21.85,-3.926,-0.327,-5.675,-0.473,51.7
2024-08-15 06:00:00+00:00,19.92,-4.303,-0.822,-6.22,-1.188,189.3
2024-08-15 07:00:00+00:00,19.96,-3.892,-1.128,-5.626,-1.631,236.3
2024-08-15 08:00:00+00:00,18.41,-3.319,-1.189,-4.798,-1.719,263.0
2024-08-15 09:00:00+00:00,15.5,-3.792,-1.454,-5.481,-2.101,545.5
2024-08-15 10:00:00+00:00,14.04,-4.025,-1.868,-5.818,-2.7,619.2
2024-08-15 11:00:00+00:00,13.45,-3.197,-1.891,-4.62,-2.734,574.2
2024-08-15 12:00:00+00:00,11.95,-3.123,-2.782,-4.514,-4.021,504.7
2024-08-15 13:00:00+00:00,10.5,-2.677,-3.974,-3.87,-5.743,343.1
2024-08-15 14:00:00+00:00,8.48,-1.379,-4.106,-1.993,-5.935,155.8
2024-08-15 15:00:00+00:00,14.19,-0.028,-4.09,-0.04,-5.912,303.0
2024-08-15 16:00:00+00:00,15.04,1.377,-3.702,1.99,-5.351,449.5
2024-08-15 17:00:00+00:00,18.34,2.348,-2.62,3.394,-3.786,337.7
2024-08-15 18:00:00+00:00,20.63,3.149,-1.718,4.552,-2.484,217.7
2024-08-15 19:00:00+00:00,18.07,3.209,-0.887,4.638,-1.283,97.7
2024-08-15 20:00:00+00:00,20.58,3.14,-0.071,4.538,-0.102,0.0
2024-08-15 21:00:00+00:00,24.12,3.193,0.563,4.615,0.814,0.0
2024-08-15 22:00:00+00:00,24.48,3.038,0.93,4.392,1.344,0.0
2024-08-15 23:00:00+00:00,22.98,2.842,1.377,4.109,1.991,0.0
2024-08-16 00:00:00+00:00,22.22,3.039,1.956,4.392,2.828,0.0
2024-08-16 01:00:00+00:00,24.85,2.575,2.288,3.722,3.307,0.0
2024-08-16 02:00:00+00:00,25.36,1.655,2.038,2.392,2.946,0.0
2024-08-16 03:00:00+00:00,24.95,1.421,2.47,2.055,3.571,0.0
2024-08-16 04:00:00+00:00,23.21,1.059,3.064,1.531,4.429,0.0
2024-08-16 05:00:00+00:00,18.73,0.594,3.047,0.858,4.404,92.2
2024-08-16 06:00:00+00:00,20.49,-0.081,3.489,-0.117,5.044,212.4
2024-08-16 07:00:00+00:00,20.34,-0.9,2.977,-1.302,4.303,332.6
2024-08-16 08:00:00+00:00,18.27,-1.82,2.971,-2.631,4.295,444.5
2024-08-16 09:00:00+00:00,19.1,-2.629,2.227,-3.799,3.218,540.7
2024-08-16 10:00:00+00:00,21.33,-2.259,0.996,-3.266,1.439,468.1
2024-08-16 11:00:00+00:00,23.68,-2.577,0.224,-3.725,0.324,456.7
2024-08-16 12:00:00+00:00,23.84,-2.478,-0.657,-3.582,-0.949,451.3
2024-08-16 13:00:00+00:00,23.05,-3.016,-2.315,-4.359,-3.346,242.6
2024-08-16 14:00:00+00:00,23.49,-1.458,-2.499,-2.108,-3.612,135.2
2024-08-16 15:00:00+00:00,22.44,-0.405,-2.383,-0.585,-3.445,118.9
2024-08-16 16:00:00+00:00,21.84,0.551,-2.384,0.796,-3.446,114.9
2024-08-16 17:00:00+00:00,19.76,1.155,-1.885,1.669,-2.725,148.6
2024-08-16 18:00:00+00:00,21.26,2.025,-1.52,2.928,-2.197,57.4
2024-08-16 19:00:00+00:00,22.48,2.176,-0.7,3.145,-1.011,20.3
2024-08-16 20:00:00+00:00,23.11,2.159,0.189,3.121,0.274,0.0
2024-08-16 21:00:00+00:00,23.86,1.92,0.938,2.776,1.356,0.0
2024-08-16 22:00:00+00:00,26.37,1.366,1.564,1.975,2.26,0.0
2024-08-16 23:00:00+00:00,26.28,0.962,3.087,1.39,4.462,0.0
2024-08-17 00:00:00+00:00,28.51,-0.393,3.199,-0.567,4.625,0.0
2024-08-17 01:00:00+00:00,28.08,-1.405,2.28,-2.031,3.295,0.0
2024-08-17 02:00:00+00:00,26.57,-2.468,1.779,-3.568,2.571,0.0
2024-08-17 03:00:00+00:00,28.7,-2.942,0.496,-4.253,0.717,0.0
2024-08-17 04:00:00+00:00,27.94,-2.527,-0.535,-3.652,-0.773,0.0
2024-08-17 05:00:00+00:00,26.43,-2.779,-1.651,-4.017,-2.387,62.4
2024-08-17 06:00:00+00:00,23.84,-2.392,-2.457,-3.457,-3.552,141.1
2024-08-17 07:00:00+00:00,26.86,-2.192,-3.388,-3.169,-4.898,327.4
2024-08-17 08:00:00+00:00,23.95,-1.244,-3.151,-1.798,-4.554,421.8
2024-08-17 09:00:00+00:00,19.16,-0.419,-2.754,-0.605,-3.981,427.7
2024-08-17 10:00:00+00:00,18.48,0.333,-2.89,0.482,-4.177,342.4
2024-08-17 11:00:00+00:00,18.57,0.96,-3.08,1.387,-4.452,222.5
2024-08-17 12:00:00+00:00,16.54,1.296,-2.72,1.873,-3.931,147.8
2024-08-17 13:00:00+00:00,14.29,1.502,-2.67,2.17,-3.86,144.3
2024-08-17 14:00:00+00:00,15.93,1.637,-2.549,2.366,-3.684,169.6
2024-08-17 15:00:00+00:00,15.79,2.24,-2.747,3.238,-3.97,117.9
2024-08-17 16:00:00+00:00,14.16,2.486,-2.655,3.593,-3.837,174.0
2024-08-17 17:00:00+00:00,14.28,2.355,-2.073,3.404,-2.996,230.7
2024-08-17 18:00:00+00:00,13.38,2.173,-1.735,3.14,-2.507,63.3
2024-08-17 19:00:00+00:00,13.39,2.924,-1.445,4.227,-2.089,27.6
2024-08-17 20:00:00+00:00,15.35,3.179,-0.759,4.595,-1.098,0.0
2024-08-17 21:00:00+00:00,18.19,2.904,-0.133,4.197,-0.192,0.0
2024-08-17 22:00:00+00:00,21.61,3.063,0.351,4.427,0.507,0.0
2024-08-17 23:00:00+00:00,24.56,3.271,0.808,4.729,1.168,0.0
2024-08-18 00:00:00+00:00,24.78,2.72,1.01,3.932,1.46,0.0
2024-08-18 01:00:00+00:00,25.6,2.474,1.607,3.576,2.323,0.0
2024-08-18 02:00:00+00:00,25.45,1.675,1.721,2.421,2.487,0.0
2024-08-18 03:00:00+00:00,25.98,1.158,2.027,1.674,2.93,0.0
2024-08-18 04:00:00+00:00,25.49,0.48,2.196,0.695,3.174,0.0
2024-08-18 05:00:00+00:00,23.39,-0.188,1.797,-0.272,2.598,81.1
2024-08-18 06:00:00+00:00,23.26,-0.851,1.849,-1.229,2.672,191.0
2024-08-18 07:00:00+00:00,22.9,-1.545,1.437,-2.233,2.076,178.0
2024-08-18 08:00:00+00:00,22.74,-1.876,0.606,-2.712,0.876,257.6
2024-08-18 09:00:00+00:00,22.24,-2.021,-0.108,-2.922,-0.156,487.3
2024-08-18 10:00:00+00:00,22.74,-1.965,-0.941,-2.841,-1.361,424.0
2024-08-18 11:00:00+00:00,20.56,-1.868,-2.102,-2.7,-3.039,651.3
2024-08-18 12:00:00+00:00,20.9,-0.943,-2.973,-1.363,-4.297,667.1
2024-08-18 13:00:00+00:00,21.0,0.277,-3.635,0.401,-5.254,651.3
2024-08-18 14:00:00+00:00,21.79,2.343,-4.549,3.387,-6.575,604.7
2024-08-18 15:00:00+00:00,23.06,2.573,-2.351,3.72,-3.399,530.8
2024-08-18 16:00:00+00:00,26.95,3.063,-1.07,4.427,-1.546,434.4
2024-08-18 17:00:00+00:00,26.58,3.255,0.451,4.704,0.652,322.1
2024-08-18 18:00:00+00:00,24.81,3.106,1.884,4.49,2.723,201.6
2024-08-18 19:00:00+00:00,22.98,2.249,2.893,3.251,4.182,81.1
2024-08-18 20:00:00+00:00,24.62,1.032,3.049,1.492,4.407,0.0
2024-08-18 21:00:00+00:00,23.66,-0.025,3.226,-0.036,4.663,0.0
2024-08-18 22:00:00+00:00,24.62,-0.868,3.243,-1.255,4.688,0.0
2024-08-18 23:00:00+00:00,25.87,-1.178,2.688,-1.702,3.885,0.0
2024-08-19 00:00:00+00:00,26.51,-1.684,2.639,-2.435,3.814,0.0
2024-08-19 01:00:00+00:00,28.63,-2.607,2.685,-3.769,3.881,0.0
2024-08-19 02:00:00+00:00,25.15,-3.353,2.24,-4.847,3.238,0.0
2024-08-19 03:00:00+00:00,22.14,-4.043,1.475,-5.844,2.132,0.0
2024-08-19 04:00:00+00:00,21.19,-4.989,0.252,-7.211,0.365,0.0
2024-08-19 05:00:00+00:00,21.95,-5.308,-1.098,-7.673,-1.587,75.5
2024-08-19 06:00:00+00:00,25.43,-4.498,-2.266,-6.502,-3.275,196.1
2024-08-19 07:00:00+00:00,23.96,-4.02,-3.344,-5.81,-4.833,187.8
2024-08-19 08:00:00+00:00,21.58,-3.241,-3.696,-4.684,-5.342,379.7
2024-08-19 09:00:00+00:00,21.02,-3.318,-4.25,-4.796,-6.143,304.5
2024-08-19 10:00:00+00:00,18.09,-2.788,-4.832,-4.029,-6.984,381.5
2024-08-19 11:00:00+00:00,18.43,-2.637,-6.197,-3.812,-8.957,536.9
2024-08-19 12:00:00+00:00,20.91,-1.754,-5.493,-2.535,-7.94,547.0
2024-08-19 13:00:00+00:00,20.49,-1.398,-5.19,-2.02,-7.501,370.1
2024-08-19 14:00:00+00:00,21.9,-1.06,-4.807,-1.532,-6.948,432.0
2024-08-19 15:00:00+00:00,21.02,-0.606,-4.205,-0.876,-6.077,152.1
2024-08-19 16:00:00+00:00,20.06,-0.653,-3.597,-0.944,-5.2,94.4
2024-08-19 17:00:00+00:00,20.23,-0.88,-4.218,-1.272,-6.098,158.6
2024-08-19 18:00:00+00:00,21.45,-1.474,-4.195,-2.131,-6.063,66.0
2024-08-19 19:00:00+00:00,25.76,-1.979,-4.454,-2.86,-6.438,20.4
2024-08-19 20:00:00+00:00,20.67,-2.455,-4.943,-3.548,-7.146,0.0
2024-08-19 21:00:00+00:00,21.79,-2.838,-4.633,-4.102,-6.697,0.0
2024-08-19 22:00:00+00:00,23.21,-2.838,-3.606,-4.102,-5.213,0.0
2024-08-19 23:00:00+00:00,22.93,-2.612,-2.86,-3.776,-4.134,0.0
2024-08-20 00:00:00+00:00,22.23,-3.705,-3.259,-5.356,-4.711,0.0
2024-08-20 01:00:00+00:00,21.68,-4.962,-3.389,-7.173,-4.898,0.0
2024-08-20 02:00:00+00:00,19.57,-5.019,-2.422,-7.254,-3.501,0.0
2024-08-20 03:00:00+00:00,21.0,-5.66,-1.871,-8.181,-2.705,0.0
2024-08-20 04:00:00+00:00,18.7,-6.062,-1.799,-8.762,-2.601,0.0
2024-08-20 05:00:00+00:00,18.44,-6.456,-1.825,-9.332,-2.639,50.1
2024-08-20 06:00:00+00:00,17.57,-6.105,-0.822,-8.824,-1.188,56.1
2024-08-20 07:00:00+00:00,19.41,-5.782,-0.321,-8.358,-0.463,167.0
2024-08-20 08:00:00+00:00,17.41,-6.521,0.345,-9.425,0.498,313.7
2024-08-20 09:00:00+00:00,16.21,-5.824,1.432,-8.418,2.069,259.8
2024-08-20 10:00:00+00:00,16.08,-5.26,2.72,-7.602,3.932,130.8
2024-08-20 11:00:00+00:00,14.47,-3.834,3.701,-5.542,5.349,141.1
2024-08-20 12:00:00+00:00,12.89,-2.39,4.534,-3.454,6.553,144.6
2024-08-20 13:00:00+00:00,12.61,-0.712,4.295,-1.029,6.208,141.1
2024-08-20 14:00:00+00:00,11.26,0.694,4.717,1.003,6.818,130.8
2024-08-20 15:00:00+00:00,10.37,1.947,4.369,2.814,6.315,114.5
2024-08-20 16:00:00+00:00,10.83,3.074,3.559,4.443,5.144,93.3
2024-08-20 17:00:00+00:00,12.18,6.265,3.455,9.056,4.994,109.7
2024-08-20 18:00:00+00:00,12.14,7.997,1.343,11.56,1.941,52.2
2024-08-20 19:00:00+00:00,14.47,7.897,-1.175,11.415,-1.699,20.4
2024-08-20 20:00:00+00:00,12.15,7.051,-3.053,10.192,-4.413,0.0
2024-08-20 21:00:00+00:00,11.42,5.869,-4.141,8.483,-5.986,0.0
2024-08-20 22:00:00+00:00,11.2,4.677,-4.327,6.761,-6.255,0.0
2024-08-20 23:00:00+00:00,13.06,3.556,-3.88,5.141,-5.608,0.0
2024-08-21 00:00:00+00:00,16.17,3.568,-4.426,5.158,-6.397,0.0
2024-08-21 01:00:00+00:00,15.1,2.83,-4.117,4.091,-5.951,0.0
2024-08-21 02:00:00+00:00,13.61,2.475,-4.068,3.577,-5.88,0.0
2024-08-21 03:00:00+00:00,15.05,2.365,-4.299,3.419,-6.213,0.0
2024-08-21 04:00:00+00:00,13.81,2.211,-3.344,3.195,-4.833,0.0
2024-08-21 05:00:00+00:00,13.22,2.224,-3.243,3.215,-4.687,14.1
2024-08-21 06:00:00+00:00,12.75,2.678,-3.917,3.87,-5.661,40.7
2024-08-21 07:00:00+00:00,12.15,2.45,-3.946,3.541,-5.704,162.9
2024-08-21 08:00:00+00:00,6.83,3.255,-5.431,4.705,-7.85,277.3
2024-08-21 09:00:00+00:00,6.68,3.234,-4.796,4.675,-6.932,153.4
2024-08-21 10:00:00+00:00,6.79,3.217,-4.201,4.65,-6.072,281.1
2024-08-21 11:00:00+00:00,6.54,2.688,-2.805,3.885,-4.054,291.7
2024-08-21 12:00:00+00:00,7.82,3.369,-2.706,4.87,-3.912,405.1
2024-08-21 13:00:00+00:00,10.05,2.835,-2.013,4.098,-2.909,514.1
2024-08-21 14:00:00+00:00,7.37,2.738,-1.957,3.957,-2.829,420.7
2024-08-21 15:00:00+00:00,8.22,2.665,-1.961,3.851,-2.835,484.0
2024-08-21 16:00:00+00:00,8.62,2.595,-2.042,3.752,-2.951,228.5
2024-08-21 17:00:00+00:00,9.58,2.826,-2.091,4.084,-3.022,208.8
2024-08-21 18:00:00+00:00,13.34,3.066,-2.1,4.432,-3.035,75.7
2024-08-21 19:00:00+00:00,14.15,2.453,-1.649,3.546,-2.383,39.9
2024-08-21 20:00:00+00:00,13.2,2.366,-1.324,3.419,-1.914,0.0
2024-08-21 21:00:00+00:00,14.72,2.244,-0.825,3.243,-1.193,0.0
2024-08-21 22:00:00+00:00,17.95,2.418,-0.507,3.495,-0.732,0.0
2024-08-21 23:00:00+00:00,19.22,2.556,-0.124,3.694,-0.179,0.0
2024-08-22 00:00:00+00:00,19.99,1.993,0.201,2.88,0.291,0.0
2024-08-22 01:00:00+00:00,22.0,1.974,0.334,2.854,0.482,0.0
2024-08-22 02:00:00+00:00,27.17,2.008,0.489,2.903,0.707,0.0
2024-08-22 03:00:00+00:00,25.75,2.143,0.799,3.098,1.155,0.0
2024-08-22 04:00:00+00:00,26.07,1.747,0.919,2.526,1.329,0.0
2024-08-22 05:00:00+00:00,26.54,1.538,1.16,2.223,1.676,50.1
2024-08-22 06:00:00+00:00,26.49,1.21,1.225,1.749,1.771,179.3
2024-08-22 07:00:00+00:00,24.23,0.962,1.167,1.39,1.688,300.4
2024-08-22 08:00:00+00:00,22.9,1.01,1.426,1.46,2.061,413.2
2024-08-22 09:00:00+00:00,20.12,0.708,1.357,1.023,1.961,510.1
2024-08-22 10:00:00+00:00,19.52,0.593,1.491,0.858,2.156,584.5
2024-08-22 11:00:00+00:00,20.05,0.648,2.066,0.937,2.986,631.2
2024-08-22 12:00:00+00:00,19.47,0.54,2.224,0.78,3.214,476.8
2024-08-22 13:00:00+00:00,16.22,0.44,3.03,0.635,4.38,453.5
2024-08-22 14:00:00+00:00,16.59,0.225,2.805,0.325,4.054,464.6
2024-08-22 15:00:00+00:00,13.19,0.054,2.493,0.078,3.603,510.1
2024-08-22 16:00:00+00:00,13.53,-0.144,2.068,-0.208,2.99,367.3
2024-08-22 17:00:00+00:00,13.21,-0.388,2.091,-0.56,3.023,273.4
2024-08-22 18:00:00+00:00,14.03,-0.46,1.424,-0.665,2.058,168.7
2024-08-22 19:00:00+00:00,12.78,-0.613,1.476,-0.886,2.134,58.2
2024-08-22 20:00:00+00:00,13.76,-0.853,1.72,-1.233,2.486,0.0
2024-08-22 21:00:00+00:00,14.94,-1.119,1.717,-1.617,2.482,0.0
2024-08-22 22:00:00+00:00,17.52,-1.368,1.584,-1.977,2.29,0.0
2024-08-22 23:00:00+00:00,18.99,-1.497,1.379,-2.164,1.993,0.0
2024-08-23 00:00:00+00:00,21.68,-1.595,1.189,-2.305,1.719,0.0
2024-08-23 01:00:00+00:00,20.3,-1.544,0.873,-2.232,1.261,0.0
2024-08-23 02:00:00+00:00,17.7,-1.929,0.581,-2.788,0.84,0.0
2024-08-23 03:00:00+00:00,16.53,-2.041,0.163,-2.95,0.236,0.0
2024-08-23 04:00:00+00:00,14.72,-2.252,-0.092,-3.255,-0.132,0.0
2024-08-23 05:00:00+00:00,15.04,-1.819,-0.281,-2.629,-0.406,38.2
2024-08-23 06:00:00+00:00,14.93,-1.961,-0.552,-2.835,-0.797,98.8
2024-08-23 07:00:00+00:00,16.88,-1.747,-0.625,-2.525,-0.904,148.1
2024-08-23 08:00:00+00:00,18.28,-1.785,-0.677,-2.58,-0.978,355.6
2024-08-23 09:00:00+00:00,18.23,-1.959,-0.784,-2.832,-1.133,153.4
2024-08-23 10:00:00+00:00,15.1,-2.284,-1.129,-3.302,-1.632,308.4
2024-08-23 11:00:00+00:00,14.35,-2.113,-1.026,-3.054,-1.483,505.5
2024-08-23 12:00:00+00:00,11.44,-1.731,-0.957,-2.502,-1.384,502.8
2024-08-23 13:00:00+00:00,10.37,-1.436,-1.057,-2.076,-1.528,626.0
2024-08-23 14:00:00+00:00,9.3,-1.155,-1.182,-1.669,-1.709,579.2
2024-08-23 15:00:00+00:00,10.37,-1.141,-1.505,-1.65,-2.175,504.8
2024-08-23 16:00:00+00:00,13.54,-0.954,-1.638,-1.379,-2.368,234.7
2024-08-23 17:00:00+00:00,13.61,-0.791,-1.969,-1.144,-2.846,89.5
2024-08-23 18:00:00+00:00,13.34,-0.46,-2.066,-0.665,-2.986,38.2
2024-08-23 19:00:00+00:00,13.43,-0.199,-2.336,-0.287,-3.376,11.5
2024-08-23 20:00:00+00:00,17.47,0.288,-2.195,0.417,-3.173,0.0
2024-08-23 21:00:00+00:00,20.76,0.816,-2.13,1.18,-3.079,0.0
2024-08-23 22:00:00+00:00,19.16,1.479,-2.248,2.137,-3.249,0.0
2024-08-23 23:00:00+00:00,19.26,2.049,-2.13,2.962,-3.078,0.0
2024-08-24 00:00:00+00:00,24.71,2.442,-1.505,3.53,-2.175,0.0
2024-08-24 01:00:00+00:00,22.95,3.633,-0.999,5.251,-1.444,0.0
2024-08-24 02:00:00+00:00,22.34,3.943,-0.273,5.699,-0.394,0.0
2024-08-24 03:00:00+00:00,22.09,3.912,0.275,5.654,0.398,0.0
2024-08-24 04:00:00+00:00,19.84,4.116,0.474,5.949,0.685,0.0
2024-08-24 05:00:00+00:00,20.94,5.749,1.114,8.309,1.61,10.2
2024-08-24 06:00:00+00:00,18.93,4.989,1.459,7.211,2.109,36.9
2024-08-24 07:00:00+00:00,19.2,5.523,2.198,7.983,3.176,63.6
2024-08-24 08:00:00+00:00,17.99,4.825,2.587,6.974,3.739,88.5
2024-08-24 09:00:00+00:00,15.84,4.982,2.953,7.201,4.268,109.9
2024-08-24 10:00:00+00:00,14.76,4.239,2.472,6.127,3.573,126.3
2024-08-24 11:00:00+00:00,13.58,3.335,1.704,4.82,2.463,136.6
2024-08-24 12:00:00+00:00,14.75,2.822,1.074,4.078,1.553,140.1
2024-08-24 13:00:00+00:00,12.86,2.966,0.816,4.288,1.18,136.6
2024-08-24 14:00:00+00:00,10.35,4.103,0.803,5.931,1.16,126.3
2024-08-24 15:00:00+00:00,13.17,4.073,0.319,5.887,0.461,109.9
2024-08-24 16:00:00+00:00,13.67,4.637,0.125,6.703,0.18,88.5
2024-08-24 17:00:00+00:00,13.3,5.216,-0.357,7.539,-0.515,63.6
2024-08-24 18:00:00+00:00,16.2,3.767,-0.503,5.445,-0.728,36.9
2024-08-24 19:00:00+00:00,16.29,3.618,-0.957,5.229,-1.383,10.2
2024-08-24 20:00:00+00:00,18.14,3.87,-1.113,5.594,-1.608,0.0
2024-08-24 21:00:00+00:00,17.82,3.84,-1.391,5.55,-2.01,0.0
2024-08-24 22:00:00+00:00,19.21,4.295,-1.562,6.208,-2.258,0.0
2024-08-24 23:00:00+00:00,21.37,4.3,-1.305,6.215,-1.887,0.0
2024-08-25 00:00:00+00:00,21.33,4.064,-1.329,5.875,-1.921,0.0
2024-08-25 01:00:00+00:00,22.41,3.62,-1.038,5.233,-1.5,0.0
2024-08-25 02:00:00+00:00,24.65,3.779,-0.807,5.462,-1.166,0.0
2024-08-25 03:00:00+00:00,23.35,3.664,-0.448,5.295,-0.647,0.0
2024-08-25 04:00:00+00:00,23.57,3.759,0.144,5.434,0.208,0.0
2024-08-25 05:00:00+00:00,22.1,3.558,1.124,5.143,1.625,8.9
2024-08-25 06:00:00+00:00,20.86,3.414,2.311,4.934,3.341,35.6
2024-08-25 07:00:00+00:00,21.34,2.146,3.343,3.101,4.832,139.9
2024-08-25 08:00:00+00:00,21.19,0.864,4.255,1.25,6.151,127.7
2024-08-25 09:00:00+00:00,18.89,-0.609,2.481,-0.881,3.586,155.2
2024-08-25 10:00:00+00:00,18.71,-1.961,2.396,-2.834,3.463,125.1
2024-08-25 11:00:00+00:00,20.34,-2.932,1.315,-4.238,1.9,265.5
2024-08-25 12:00:00+00:00,17.72,-3.168,-0.181,-4.579,-0.261,301.2
2024-08-25 13:00:00+00:00,17.34,-2.769,-1.517,-4.002,-2.193,405.5
2024-08-25 14:00:00+00:00,17.3,-2.144,-3.503,-3.099,-5.064,463.6
2024-08-25 15:00:00+00:00,16.74,0.019,-4.329,0.027,-6.257,493.9
2024-08-25 16:00:00+00:00,20.08,2.453,-3.919,3.546,-5.665,396.7
2024-08-25 17:00:00+00:00,19.47,4.139,-1.758,5.983,-2.541,283.4
2024-08-25 18:00:00+00:00,20.06,5.258,1.276,7.601,1.844,161.9
2024-08-25 19:00:00+00:00,20.15,3.44,3.848,4.972,5.562,40.4
2024-08-25 20:00:00+00:00,19.38,0.14,4.854,0.203,7.016,0.0
2024-08-25 21:00:00+00:00,22.84,-3.099,3.977,-4.479,5.748,0.0
2024-08-25 22:00:00+00:00,23.03,-5.303,0.887,-7.665,1.282,0.0
2024-08-25 23:00:00+00:00,22.59,-5.413,-4.007,-7.825,-5.792,0.0
2024-08-26 00:00:00+00:00,20.48,-0.794,-5.841,-1.148,-8.442,0.0
2024-08-26 01:00:00+00:00,19.06,3.85,-5.001,5.565,-7.229,0.0
2024-08-26 02:00:00+00:00,19.02,7.421,-1.783,10.726,-2.578,0.0
2024-08-26 03:00:00+00:00,18.51,6.131,2.65,8.862,3.831,0.0
2024-08-26 04:00:00+00:00,18.25,2.278,4.015,3.293,5.804,0.0
2024-08-26 05:00:00+00:00,19.36,-0.585,4.575,-0.846,6.612,7.6
2024-08-26 06:00:00+00:00,21.08,-3.452,3.532,-4.989,5.106,34.3
2024-08-26 07:00:00+00:00,21.22,-4.504,0.275,-6.511,0.397,80.9
2024-08-26 08:00:00+00:00,17.92,-2.382,-1.992,-3.443,-2.879,244.3
2024-08-26 09:00:00+00:00,19.29,-0.118,-3.167,-0.17,-4.578,450.3
2024-08-26 10:00:00+00:00,18.92,2.91,-2.674,4.206,-3.864,461.6
2024-08-26 11:00:00+00:00,16.85,3.823,0.626,5.526,0.905,610.0
2024-08-26 12:00:00+00:00,14.09,1.875,4.364,2.71,6.308,382.0
2024-08-26 13:00:00+00:00,13.76,-2.318,3.829,-3.351,5.534,486.3
2024-08-26 14:00:00+00:00,15.92,-3.98,0.449,-5.753,0.649,504.7
2024-08-26 15:00:00+00:00,14.84,-2.472,-2.751,-3.573,-3.976,284.9
2024-08-26 16:00:00+00:00,14.6,0.707,-2.701,1.022,-3.904,217.8
2024-08-26 17:00:00+00:00,13.92,2.075,-0.956,2.999,-1.382,68.2
2024-08-26 18:00:00+00:00,17.14,2.779,1.272,4.016,1.839,34.3
2024-08-26 19:00:00+00:00,18.33,0.857,2.812,1.238,4.065,7.6
2024-08-26 20:00:00+00:00,17.56,-1.256,2.386,-1.815,3.449,0.0
2024-08-26 21:00:00+00:00,19.0,-2.666,0.821,-3.854,1.187,0.0
2024-08-26 22:00:00+00:00,21.68,-2.464,-1.158,-3.562,-1.674,0.0
2024-08-26 23:00:00+00:00,21.09,-1.226,-2.478,-1.772,-3.582,0.0
2024-08-27 00:00:00+00:00,21.72,0.641,-3.111,0.926,-4.497,0.0
2024-08-27 01:00:00+00:00,21.7,2.08,-1.877,3.007,-2.713,0.0
2024-08-27 02:00:00+00:00,22.45,3.254,-0.491,4.703,-0.71,0.0
2024-08-27 03:00:00+00:00,22.27,2.734,1.274,3.952,1.841,0.0
2024-08-27 04:00:00+00:00,18.05,1.636,2.562,2.365,3.704,0.0
2024-08-27 05:00:00+00:00,17.95,-0.055,3.417,-0.08,4.939,6.2
2024-08-27 06:00:00+00:00,15.91,-2.042,3.066,-2.952,4.432,33.0
2024-08-27 07:00:00+00:00,14.63,-3.509,1.474,-5.071,2.131,59.8
2024-08-27 08:00:00+00:00,14.42,-5.409,-1.225,-7.819,-1.771,84.8
2024-08-27 09:00:00+00:00,10.11,-3.532,-4.078,-5.106,-5.894,106.2
2024-08-27 10:00:00+00:00,12.27,-0.171,-3.745,-0.248,-5.413,122.7
2024-08-27 11:00:00+00:00,9.53,1.622,-2.459,2.344,-3.554,133.0
2024-08-27 12:00:00+00:00,8.86,2.631,-1.085,3.803,-1.569,136.5
2024-08-27 13:00:00+00:00,7.49,3.125,0.543,4.517,0.786,133.0
2024-08-27 14:00:00+00:00,6.88,2.303,1.745,3.33,2.523,122.7
2024-08-27 15:00:00+00:00,4.72,1.382,2.62,1.997,3.787,106.2
2024-08-27 16:00:00+00:00,6.05,0.266,2.89,0.384,4.178,84.8
2024-08-27 17:00:00+00:00,6.49,-0.995,2.975,-1.438,4.3,59.8
2024-08-27 18:00:00+00:00,9.14,-2.079,2.058,-3.004,2.975,33.0
2024-08-27 19:00:00+00:00,12.65,-2.773,0.867,-4.008,1.253,6.2
2024-08-27 20:00:00+00:00,13.27,-3.258,-0.256,-4.71,-0.369,0.0
2024-08-27 21:00:00+00:00,17.6,-2.724,-1.614,-3.937,-2.333,0.0
2024-08-27 22:00:00+00:00,19.15,-1.313,-2.115,-1.898,-3.057,0.0
2024-08-27 23:00:00+00:00,20.93,-0.001,-1.822,-0.002,-2.634,0.0
2024-08-28 00:00:00+00:00,16.82,1.074,-1.669,1.553,-2.413,0.0
2024-08-28 01:00:00+00:00,15.36,2.046,-0.912,2.957,-1.318,0.0
2024-08-28 02:00:00+00:00,15.23,2.57,0.408,3.715,0.59,0.0
2024-08-28 03:00:00+00:00,14.21,1.932,1.971,2.793,2.849,0.0
2024-08-28 04:00:00+00:00,17.16,0.477,2.517,0.69,3.639,0.0
2024-08-28 05:00:00+00:00,15.98,-0.909,2.175,-1.314,3.144,12.8
2024-08-28 06:00:00+00:00,16.05,-2.474,1.858,-3.576,2.686,85.6
2024-08-28 07:00:00+00:00,17.08,-2.271,0.114,-3.282,0.165,131.0
2024-08-28 08:00:00+00:00,15.73,-2.108,-1.398,-3.046,-2.021,83.5
2024-08-28 09:00:00+00:00,13.88,-1.326,-2.61,-1.916,-3.773,123.8
2024-08-28 10:00:00+00:00,15.43,-0.065,-2.228,-0.093,-3.221,190.1
2024-08-28 11:00:00+00:00,17.38,0.975,-1.916,1.409,-2.77,505.7
2024-08-28 12:00:00+00:00,17.69,1.903,-1.159,2.751,-1.676,538.4
2024-08-28 13:00:00+00:00,14.84,2.74,0.041,3.961,0.059,461.0
2024-08-28 14:00:00+00:00,15.27,2.281,1.316,3.297,1.902,390.6
2024-08-28 15:00:00+00:00,15.23,1.329,2.25,1.922,3.252,279.8
2024-08-28 16:00:00+00:00,14.83,-0.07,2.941,-0.102,4.251,148.1
2024-08-28 17:00:00+00:00,16.59,-1.529,2.262,-2.21,3.27,104.0
2024-08-28 18:00:00+00:00,15.31,-2.224,1.205,-3.215,1.742,46.0
2024-08-28 19:00:00+00:00,18.34,-2.533,0.038,-3.661,0.056,15.4
2024-08-28 20:00:00+00:00,21.82,-2.679,-1.467,-3.872,-2.12,0.0
2024-08-28 21:00:00+00:00,22.3,-1.641,-2.86,-2.372,-4.134,0.0
2024-08-28 22:00:00+00:00,26.25,0.151,-3.27,0.218,-4.727,0.0
2024-08-28 23:00:00+00:00,25.32,2.018,-2.914,2.916,-4.213,0.0
2024-08-29 00:00:00+00:00,25.41,3.217,-1.336,4.651,-1.931,0.0
2024-08-29 01:00:00+00:00,26.54,3.935,0.98,5.688,1.417,0.0
2024-08-29 02:00:00+00:00,29.61,2.097,3.156,3.031,4.561,0.0
2024-08-29 03:00:00+00:00,30.13,-0.555,4.357,-0.802,6.298,0.0
2024-08-29 04:00:00+00:00,28.23,-3.778,3.48,-5.461,5.03,0.0
2024-08-29 05:00:00+00:00,24.81,-4.392,0.612,-6.349,0.885,3.5
2024-08-29 06:00:00+00:00,23.53,-4.159,-2.218,-6.011,-3.207,30.4
2024-08-29 07:00:00+00:00,22.6,-1.888,-3.75,-2.729,-5.421,85.9
2024-08-29 08:00:00+00:00,17.62,1.227,-4.812,1.773,-6.956,91.1
2024-08-29 09:00:00+00:00,14.2,3.415,-2.324,4.936,-3.36,103.7
2024-08-29 10:00:00+00:00,10.17,5.029,0.996,7.269,1.439,120.2
2024-08-29 11:00:00+00:00,12.3,2.308,3.198,3.336,4.622,130.5
2024-08-29 12:00:00+00:00,12.0,-0.542,3.653,-0.784,5.28,134.1
2024-08-29 13:00:00+00:00,9.41,-2.777,1.928,-4.014,2.787,130.5
2024-08-29 14:00:00+00:00,10.21,-3.188,-0.58,-4.607,-0.838,120.2
2024-08-29 15:00:00+00:00,8.79,-1.281,-2.097,-1.851,-3.031,103.7
2024-08-29 16:00:00+00:00,10.42,0.731,-2.056,1.057,-2.972,82.2
2024-08-29 17:00:00+00:00,13.1,1.84,-0.658,2.66,-0.952,57.2
2024-08-29 18:00:00+00:00,11.97,1.615,0.941,2.334,1.36,30.4
2024-08-29 19:00:00+00:00,15.62,0.332,1.788,0.48,2.584,4.8
2024-08-29 20:00:00+00:00,14.38,-1.418,1.848,-2.049,2.671,0.0
2024-08-29 21:00:00+00:00,15.9,-2.339,0.291,-3.381,0.42,0.0
2024-08-29 22:00:00+00:00,18.36,-2.252,-1.643,-3.255,-2.375,0.0
2024-08-29 23:00:00+00:00,19.5,-0.399,-2.542,-0.577,-3.674,0.0
2024-08-30 00:00:00+00:00,20.68,1.708,-2.368,2.468,-3.423,0.0
2024-08-30 01:00:00+00:00,20.12,2.889,-0.536,4.176,-0.775,0.0
2024-08-30 02:00:00+00:00,23.73,3.401,2.049,4.916,2.962,0.0
2024-08-30 03:00:00+00:00,25.09,1.245,4.529,1.799,6.546,0.0
2024-08-30 04:00:00+00:00,20.79,-2.128,3.725,-3.076,5.385,0.0
2024-08-30 05:00:00+00:00,21.45,-3.676,1.199,-5.314,1.733,9.8
2024-08-30 06:00:00+00:00,23.31,-3.572,-2.333,-5.163,-3.373,131.9
2024-08-30 07:00:00+00:00,21.52,-0.496,-4.439,-0.716,-6.416,254.0
2024-08-30 08:00:00+00:00,20.38,3.69,-4.13,5.333,-5.969,367.9
2024-08-30 09:00:00+00:00,19.95,5.053,0.133,7.304,0.192,371.5
2024-08-30 10:00:00+00:00,19.21,2.999,3.462,4.335,5.005,526.0
2024-08-30 11:00:00+00:00,16.5,-0.338,4.203,-0.489,6.075,395.2
2024-08-30 12:00:00+00:00,15.89,-2.804,2.514,-4.053,3.633,387.1
2024-08-30 13:00:00+00:00,14.98,-3.993,-0.307,-5.772,-0.444,181.6
2024-08-30 14:00:00+00:00,15.77,-2.388,-2.751,-3.452,-3.977,228.2
2024-08-30 15:00:00+00:00,16.29,0.262,-5.535,0.378,-8.001,125.5
2024-08-30 16:00:00+00:00,15.31,3.765,-3.655,5.442,-5.283,167.0
2024-08-30 17:00:00+00:00,15.22,7.054,0.165,10.196,0.239,188.9
2024-08-30 18:00:00+00:00,15.16,5.657,5.244,8.177,7.579,50.5
2024-08-30 19:00:00+00:00,16.47,0.513,7.526,0.741,10.878,7.9
2024-08-30 20:00:00+00:00,15.85,-4.521,5.945,-6.535,8.593,0.0
2024-08-30 21:00:00+00:00,17.08,-7.111,0.758,-10.279,1.095,0.0
2024-08-30 22:00:00+00:00,18.91,-4.552,-4.437,-6.579,-6.414,0.0
2024-08-30 23:00:00+00:00,20.0,0.791,-6.83,1.143,-9.872,0.0
2024-08-31 00:00:00+00:00,22.84,5.71,-3.118,8.254,-4.506,0.0
2024-08-31 01:00:00+00:00,23.25,6.862,2.684,9.919,3.88,0.0
2024-08-31 02:00:00+00:00,24.72,2.037,7.402,2.945,10.699,0.0
2024-08-31 03:00:00+00:00,26.51,-5.158,6.106,-7.455,8.825,0.0
2024-08-31 04:00:00+00:00,21.57,-7.438,-0.7,-10.752,-1.012,0.0
2024-08-31 05:00:00+00:00,20.39,-3.824,-6.383,-5.527,-9.227,0.8
2024-08-31 06:00:00+00:00,20.03,3.133,-8.214,4.528,-11.873,27.7
2024-08-31 07:00:00+00:00,16.12,9.159,-2.442,13.238,-3.53,97.4
2024-08-31 08:00:00+00:00,14.26,7.528,5.462,10.881,7.895,260.9
2024-08-31 09:00:00+00:00,11.42,-0.116,7.609,-0.168,10.998,459.8
2024-08-31 10:00:00+00:00,12.89,-5.666,4.199,-8.19,6.07,525.0
2024-08-31 11:00:00+00:00,13.15,-6.581,-1.615,-9.512,-2.334,344.6
2024-08-31 12:00:00+00:00,12.47,-3.357,-5.797,-4.852,-8.379,228.6
2024-08-31 13:00:00+00:00,12.76,1.325,-6.398,1.915,-9.248,160.0
2024-08-31 14:00:00+00:00,13.53,4.56,-3.426,6.591,-4.953,262.1
2024-08-31 15:00:00+00:00,12.72,4.941,0.59,7.142,0.853,184.8
2024-08-31 16:00:00+00:00,13.82,4.003,3.993,5.787,5.772,79.6
2024-08-31 17:00:00+00:00,16.96,0.817,4.892,1.181,7.071,54.6
2024-08-31 18:00:00+00:00,19.6,-1.669,3.536,-2.412,5.111,27.7
2024-08-31 19:00:00+00:00,19.39,-3.179,2.01,-4.595,2.905,0.8
2024-08-31 20:00:00+00:00,20.12,-3.135,-0.074,-4.531,-0.107,0.0
2024-08-31 21:00:00+00:00,22.8,-2.343,-1.602,-3.387,-2.315,0.0
2024-08-31 22:00:00+00:00,24.42,-1.153,-2.685,-1.667,-3.881,0.0
2024-08-31 23:00:00+00:00,22.94,0.156,-2.535,0.225,-3.665,0.0
2024-09-01 00:00:00+00:00,21.41,1.431,-2.512,2.068,-3.631,0.0
2024-09-01 01:00:00+00:00,24.24,2.7,-1.75,3.903,-2.53,0.0
2024-09-01 02:00:00+00:00,24.9,3.864,-0.238,5.585,-0.344,0.0
2024-09-01 03:00:00+00:00,24.61,2.704,1.31,3.909,1.894,0.0
2024-09-01 04:00:00+00:00,23.32,2.063,2.875,2.982,4.156,0.0
2024-09-01 05:00:00+00:00,20.2,0.198,3.271,0.286,4.727,0.0
2024-09-01 06:00:00+00:00,17.63,-1.408,3.258,-2.035,4.71,90.5
2024-09-01 07:00:00+00:00,16.55,-2.625,2.329,-3.794,3.366,129.0
2024-09-01 08:00:00+00:00,16.63,-3.086,0.695,-4.461,1.005,196.6
2024-09-01 09:00:00+00:00,15.16,-3.529,-0.893,-5.101,-1.291,163.9
2024-09-01 10:00:00+00:00,15.98,-3.189,-2.864,-4.61,-4.139,116.4
2024-09-01 11:00:00+00:00,15.02,-1.227,-3.535,-1.773,-5.11,126.8
2024-09-01 12:00:00+00:00,15.29,0.652,-3.894,0.943,-5.629,130.3
2024-09-01 13:00:00+00:00,13.19,2.422,-2.856,3.501,-4.129,126.8
2024-09-01 14:00:00+00:00,12.63,3.043,-1.435,4.399,-2.074,116.4
2024-09-01 15:00:00+00:00,15.76,3.08,-0.034,4.452,-0.049,142.5
2024-09-01 16:00:00+00:00,16.29,2.809,1.023,4.06,1.479,175.3
2024-09-01 17:00:00+00:00,18.47,2.561,2.041,3.702,2.95,152.9
2024-09-01 18:00:00+00:00,17.81,2.036,3.275,2.943,4.734,71.8
2024-09-01 19:00:00+00:00,15.45,0.549,2.905,0.794,4.2,0.0
2024-09-01 20:00:00+00:00,15.24,-0.762,2.855,-1.101,4.127,0.0
2024-09-01 21:00:00+00:00,16.49,-2.047,2.45,-2.959,3.542,0.0
2024-09-01 22:00:00+00:00,18.82,-2.695,1.492,-3.895,2.157,0.0
2024-09-01 23:00:00+00:00,16.92,-3.076,0.552,-4.446,0.798,0.0
2024-09-02 00:00:00+00:00,16.85,-2.839,-0.59,-4.103,-0.853,0.0
2024-09-02 01:00:00+00:00,16.09,-2.814,-1.703,-4.067,-2.462,0.0
2024-09-02 02:00:00+00:00,18.13,-1.928,-2.039,-2.787,-2.947,0.0
2024-09-02 03:00:00+00:00,15.12,-1.583,-2.429,-2.288,-3.511,0.0
2024-09-02 04:00:00+00:00,14.57,-1.21,-2.776,-1.749,-4.013,0.0
2024-09-02 05:00:00+00:00,15.51,-0.87,-3.482,-1.257,-5.033,0.0
2024-09-02 06:00:00+00:00,15.75,-0.351,-3.265,-0.507,-4.72,67.9
2024-09-02 07:00:00+00:00,13.13,0.568,-3.971,0.821,-5.74,130.7
2024-09-02 08:00:00+00:00,12.67,1.103,-3.081,1.594,-4.454,117.6
2024-09-02 09:00:00+00:00,10.24,1.708,-2.536,2.469,-3.666,154.2
2024-09-02 10:00:00+00:00,8.96,2.62,-1.894,3.787,-2.737,247.0
2024-09-02 11:00:00+00:00,9.88,2.946,-0.577,4.259,-0.835,259.4
2024-09-02 12:00:00+00:00,9.13,2.681,0.702,3.875,1.014,476.1
2024-09-02 13:00:00+00:00,13.22,2.606,2.066,3.767,2.986,444.2
2024-09-02 14:00:00+00:00,15.34,1.287,2.602,1.86,3.761,412.9
2024-09-02 15:00:00+00:00,15.59,0.138,3.086,0.199,4.46,312.2
2024-09-02 16:00:00+00:00,17.34,-1.141,3.101,-1.649,4.482,248.3
2024-09-02 17:00:00+00:00,19.14,-2.272,3.042,-3.284,4.398,150.0
2024-09-02 18:00:00+00:00,20.12,-4.038,2.603,-5.836,3.762,92.7
2024-09-02 19:00:00+00:00,25.11,-3.912,0.501,-5.655,0.724,0.0
2024-09-02 20:00:00+00:00,23.41,-3.101,-1.178,-4.483,-1.702,0.0
2024-09-02 21:00:00+00:00,23.94,-1.988,-2.375,-2.873,-3.433,0.0
2024-09-02 22:00:00+00:00,23.67,-0.637,-4.625,-0.921,-6.685,0.0
2024-09-02 23:00:00+00:00,21.68,1.71,-3.909,2.471,-5.65,0.0
2024-09-03 00:00:00+00:00,19.21,3.853,-2.636,5.57,-3.811,0.0
2024-09-03 01:00:00+00:00,17.95,5.468,-0.006,7.903,-0.009,0.0
2024-09-03 02:00:00+00:00,16.12,3.388,2.44,4.896,3.527,0.0
2024-09-03 03:00:00+00:00,17.39,1.53,4.185,2.212,6.05,0.0
2024-09-03 04:00:00+00:00,18.46,-0.88,2.987,-1.272,4.318,0.0
2024-09-03 05:00:00+00:00,18.04,-2.434,1.76,-3.519,2.543,0.0
2024-09-03 06:00:00+00:00,13.88,-3.716,-0.177,-5.372,-0.256,69.9
2024-09-03 07:00:00+00:00,13.23,-2.929,-2.329,-4.234,-3.366,75.8
2024-09-03 08:00:00+00:00,11.62,-0.991,-3.222,-1.432,-4.658,212.3
2024-09-03 09:00:00+00:00,9.79,1.37,-3.841,1.98,-5.552,433.7
2024-09-03 10:00:00+00:00,8.89,2.356,-1.595,3.405,-2.306,517.2
2024-09-03 11:00:00+00:00,4.76,2.756,0.465,3.983,0.672,552.6
2024-09-03 12:00:00+00:00,4.79,1.375,2.216,1.988,3.202,580.6
2024-09-03 13:00:00+00:00,6.91,-0.786,2.522,-1.136,3.646,564.5
2024-09-03 14:00:00+00:00,7.6,-2.974,1.552,-4.299,2.243,329.6
2024-09-03 15:00:00+00:00,7.0,-3.442,-0.723,-4.975,-1.045,309.8
2024-09-03 16:00:00+00:00,6.31,-2.02,-2.574,-2.919,-3.72,235.1
2024-09-03 17:00:00+00:00,5.8,0.161,-3.426,0.233,-4.952,184.0
2024-09-03 18:00:00+00:00,8.49,2.485,-2.62,3.592,-3.787,90.7
2024-09-03 19:00:00+00:00,8.16,3.246,-0.14,4.692,-0.202,0.0
2024-09-03 20:00:00+00:00,9.8,2.581,2.071,3.73,2.994,0.0
2024-09-03 21:00:00+00:00,10.95,0.372,2.862,0.537,4.137,0.0
2024-09-03 22:00:00+00:00,12.51,-1.494,2.151,-2.159,3.11,0.0
2024-09-03 23:00:00+00:00,15.38,-2.456,0.583,-3.55,0.842,0.0
2024-09-04 00:00:00+00:00,13.03,-1.98,-1.06,-2.863,-1.533,0.0
2024-09-04 01:00:00+00:00,12.06,-0.838,-2.127,-1.211,-3.074,0.0
2024-09-04 02:00:00+00:00,10.98,0.654,-2.524,0.945,-3.649,0.0
2024-09-04 03:00:00+00:00,12.49,3.104,-1.996,4.486,-2.886,0.0
2024-09-04 04:00:00+00:00,9.61,3.447,0.637,4.982,0.921,0.0
2024-09-04 05:00:00+00:00,7.51,2.075,2.748,2.999,3.971,0.0
2024-09-04 06:00:00+00:00,5.25,-0.251,3.425,-0.362,4.951,100.8
2024-09-04 07:00:00+00:00,8.65,-2.303,1.909,-3.329,2.76,213.8
2024-09-04 08:00:00+00:00,3.66,-3.016,-0.427,-4.359,-0.617,282.1
2024-09-04 09:00:00+00:00,4.33,-2.24,-2.581,-3.238,-3.73,252.3
2024-09-04 10:00:00+00:00,5.4,0.349,-3.673,0.505,-5.309,204.3
2024-09-04 11:00:00+00:00,4.6,2.957,-2.683,4.275,-3.878,122.9
2024-09-04 12:00:00+00:00,4.15,3.646,0.191,5.269,0.275,249.2
2024-09-04 13:00:00+00:00,3.26,2.906,2.911,4.201,4.208,318.7
2024-09-04 14:00:00+00:00,4.3,0.033,4.202,0.048,6.074,262.3
2024-09-04 15:00:00+00:00,4.52,-2.615,2.881,-3.779,4.164,125.5
2024-09-04 16:00:00+00:00,3.82,-4.294,0.524,-6.207,0.757,74.3
2024-09-04 17:00:00+00:00,4.24,-3.589,-2.564,-5.187,-3.706,84.8
2024-09-04 18:00:00+00:00,6.62,-0.841,-3.553,-1.215,-5.136,74.6
2024-09-04 19:00:00+00:00,5.01,2.034,-3.536,2.94,-5.112,0.0
2024-09-04 20:00:00+00:00,7.28,3.188,-1.285,4.608,-1.857,0.0
2024-09-04 21:00:00+00:00,10.47,2.837,1.03,4.101,1.489,0.0
2024-09-04 22:00:00+00:00,13.54,1.258,2.561,1.818,3.702,0.0
2024-09-04 23:00:00+00:00,16.06,-1.061,2.869,-1.533,4.148,0.0
2024-09-05 00:00:00+00:00,18.6,-3.397,1.433,-4.911,2.072,0.0
2024-09-05 01:00:00+00:00,21.96,-2.397,-1.009,-3.464,-1.459,0.0
2024-09-05 02:00:00+00:00,24.43,-0.981,-2.599,-1.419,-3.757,0.0
2024-09-05 03:00:00+00:00,24.87,0.938,-2.553,1.355,-3.69,0.0
2024-09-05 04:00:00+00:00,21.3,1.962,-1.108,2.836,-1.602,0.0
2024-09-05 05:00:00+00:00,21.11,2.414,0.524,3.49,0.758,0.0
2024-09-05 06:00:00+00:00,19.48,1.439,2.308,2.08,3.335,28.7
2024-09-05 07:00:00+00:00,19.58,-0.535,2.603,-0.773,3.762,88.1
2024-09-05 08:00:00+00:00,16.64,-1.949,1.653,-2.817,2.389,72.9
2024-09-05 09:00:00+00:00,17.61,-2.362,0.127,-3.414,0.184,131.3
2024-09-05 10:00:00+00:00,15.12,-2.694,-1.664,-3.894,-2.405,199.6
2024-09-05 11:00:00+00:00,14.33,-1.445,-3.027,-2.089,-4.375,482.0
2024-09-05 12:00:00+00:00,12.59,0.487,-4.165,0.703,-6.02,568.7
2024-09-05 13:00:00+00:00,11.15,3.315,-3.777,4.791,-5.46,411.1
2024-09-05 14:00:00+00:00,7.92,5.448,-1.524,7.875,-2.203,381.1
2024-09-05 15:00:00+00:00,7.57,5.455,1.266,7.884,1.829,263.0
2024-09-05 16:00:00+00:00,8.01,3.651,3.637,5.277,5.257,161.8
2024-09-05 17:00:00+00:00,9.73,1.383,5.07,2.0,7.329,69.5
2024-09-05 18:00:00+00:00,11.88,-1.409,4.873,-2.037,7.044,25.5
2024-09-05 19:00:00+00:00,13.67,-3.459,3.111,-5.0,4.497,0.0
2024-09-05 20:00:00+00:00,16.61,-3.727,0.62,-5.388,0.896,0.0
2024-09-05 21:00:00+00:00,17.83,-3.165,-1.129,-4.575,-1.632,0.0
2024-09-05 22:00:00+00:00,18.67,-2.2,-2.345,-3.18,-3.389,0.0
2024-09-05 23:00:00+00:00,20.06,-0.638,-3.036,-0.922,-4.388,0.0
2024-09-06 00:00:00+00:00,19.65,0.916,-2.991,1.324,-4.323,0.0
2024-09-06 01:00:00+00:00,19.12,2.756,-2.357,3.984,-3.407,0.0
2024-09-06 02:00:00+00:00,16.34,3.497,-0.376,5.055,-0.544,0.0
2024-09-06 03:00:00+00:00,16.43,3.432,1.546,4.961,2.235,0.0
2024-09-06 04:00:00+00:00,17.19,2.417,3.209,3.493,4.638,0.0
2024-09-06 05:00:00+00:00,16.43,0.531,4.888,0.767,7.066,0.0
2024-09-06 06:00:00+00:00,16.74,-2.384,4.49,-3.446,6.49,31.2
2024-09-06 07:00:00+00:00,18.89,-5.953,3.062,-8.604,4.426,104.2
2024-09-06 08:00:00+00:00,18.88,-6.307,-1.283,-9.116,-1.855,130.7
2024-09-06 09:00:00+00:00,18.15,-4.194,-5.526,-6.062,-7.987,348.9
2024-09-06 10:00:00+00:00,14.74,0.204,-5.905,0.295,-8.536,419.3
2024-09-06 11:00:00+00:00,14.91,4.221,-4.745,6.101,-6.858,546.5
2024-09-06 12:00:00+00:00,9.81,5.579,-1.05,8.064,-1.517,562.6
2024-09-06 13:00:00+00:00,9.89,5.363,2.804,7.752,4.052,546.5
2024-09-06 14:00:00+00:00,10.24,2.529,4.826,3.656,6.976,499.0
2024-09-06 15:00:00+00:00,10.43,-0.868,4.687,-1.254,6.775,423.6
2024-09-06 16:00:00+00:00,10.46,-3.415,2.739,-4.937,3.959,325.3
2024-09-06 17:00:00+00:00,10.32,-4.951,-0.499,-7.157,-0.721,210.9
2024-09-06 18:00:00+00:00,9.85,-2.966,-4.005,-4.287,-5.788,88.1
2024-09-06 19:00:00+00:00,10.32,1.243,-5.729,1.797,-8.281,0.0
2024-09-06 20:00:00+00:00,10.12,4.05,-2.299,5.854,-3.323,0.0
2024-09-06 21:00:00+00:00,12.92,4.178,1.697,6.039,2.452,0.0
2024-09-06 22:00:00+00:00,13.96,1.362,4.02,1.968,5.81,0.0
2024-09-06 23:00:00+00:00,15.36,-1.491,3.421,-2.155,4.945,0.0
2024-09-07 00:00:00+00:00,15.01,-3.316,1.673,-4.793,2.418,0.0
2024-09-07 01:00:00+00:00,15.29,-4.671,-1.056,-6.751,-1.526,0.0
2024-09-07 02:00:00+00:00,15.67,-3.071,-4.614,-4.439,-6.669,0.0
2024-09-07 03:00:00+00:00,16.25,1.343,-6.029,1.941,-8.715,0.0
2024-09-07 04:00:00+00:00,18.0,4.75,-2.918,6.866,-4.218,0.0
2024-09-07 05:00:00+00:00,16.96,7.777,1.185,11.242,1.713,0.0
2024-09-07 06:00:00+00:00,14.47,4.772,5.115,6.898,7.394,28.0
2024-09-07 07:00:00+00:00,13.16,0.512,5.893,0.74,8.518,106.5
2024-09-07 08:00:00+00:00,11.27,-3.483,4.954,-5.035,7.16,83.5
2024-09-07 09:00:00+00:00,10.86,-5.806,1.379,-8.393,1.993,91.8
2024-09-07 10:00:00+00:00,7.28,-5.783,-2.886,-8.359,-4.171,108.4
2024-09-07 11:00:00+00:00,7.53,-2.804,-5.552,-4.053,-8.026,118.9
2024-09-07 12:00:00+00:00,5.95,1.009,-5.038,1.458,-7.282,122.4
2024-09-07 13:00:00+00:00,7.03,3.498,-3.011,5.056,-4.352,320.3
2024-09-07 14:00:00+00:00,7.61,4.756,-0.0,6.874,-0.0,391.3
2024-09-07 15:00:00+00:00,6.75,3.56,3.135,5.146,4.532,248.0
2024-09-07 16:00:00+00:00,9.33,1.054,4.705,1.523,6.801,150.5
2024-09-07 17:00:00+00:00,10.14,-2.176,4.701,-3.145,6.795,152.4
2024-09-07 18:00:00+00:00,10.72,-4.6,2.468,-6.648,3.568,81.7
2024-09-07 19:00:00+00:00,11.06,-4.452,-0.762,-6.435,-1.101,0.0
2024-09-07 20:00:00+00:00,12.65,-3.614,-3.706,-5.223,-5.357,0.0
2024-09-07 21:00:00+00:00,14.23,-0.349,-5.116,-0.504,-7.395,0.0
2024-09-07 22:00:00+00:00,16.12,2.72,-4.582,3.931,-6.623,0.0
2024-09-07 23:00:00+00:00,18.01,4.745,-1.812,6.858,-2.619,0.0
2024-09-08 00:00:00+00:00,15.88,5.565,1.208,8.045,1.747,0.0
2024-09-08 01:00:00+00:00,18.4,3.211,3.339,4.641,4.826,0.0
2024-09-08 02:00:00+00:00,18.66,0.782,4.124,1.131,5.962,0.0
2024-09-08 03:00:00+00:00,18.6,-1.679,3.999,-2.426,5.781,0.0
2024-09-08 04:00:00+00:00,16.75,-4.251,2.879,-6.144,4.162,0.0
2024-09-08 05:00:00+00:00,13.99,-4.396,0.048,-6.354,0.07,0.0
2024-09-08 06:00:00+00:00,13.86,-3.626,-2.153,-5.24,-3.112,36.9
2024-09-08 07:00:00+00:00,11.83,-2.185,-4.136,-3.158,-5.978,114.2
2024-09-08 08:00:00+00:00,12.02,0.304,-3.405,0.44,-4.922,148.3
2024-09-08 09:00:00+00:00,10.61,1.717,-2.176,2.481,-3.145,210.0
2024-09-08 10:00:00+00:00,9.56,2.884,-1.028,4.168,-1.485,360.6
2024-09-08 11:00:00+00:00,8.72,2.754,0.702,3.981,1.015,403.4
2024-09-08 12:00:00+00:00,6.24,1.659,1.824,2.398,2.637,550.4
2024-09-08 13:00:00+00:00,4.66,0.555,2.201,0.803,3.181,534.2
2024-09-08 14:00:00+00:00,5.95,-0.507,2.458,-0.732,3.553,486.7
2024-09-08 15:00:00+00:00,7.17,-1.497,1.814,-2.164,2.622,411.2
2024-09-08 16:00:00+00:00,9.06,-2.39,0.969,-3.454,1.401,312.8
2024-09-08 17:00:00+00:00,11.28,-2.732,-0.265,-3.949,-0.383,198.2
2024-09-08 18:00:00+00:00,12.89,-2.182,-1.469,-3.154,-2.123,75.2
2024-09-08 19:00:00+00:00,12.06,-1.024,-2.269,-1.48,-3.279,0.0
2024-09-08 20:00:00+00:00,10.52,0.251,-2.584,0.362,-3.735,0.0
2024-09-08 21:00:00+00:00,11.15,1.776,-2.407,2.566,-3.479,0.0
2024-09-08 22:00:00+00:00,12.44,2.102,-0.855,3.038,-1.236,0.0
2024-09-08 23:00:00+00:00,10.73,2.275,0.361,3.289,0.521,0.0
2024-09-09 00:00:00+00:00,13.52,2.018,1.304,2.917,1.885,0.0
2024-09-09 01:00:00+00:00,13.27,1.054,1.556,1.523,2.249,0.0
2024-09-09 02:00:00+00:00,13.9,0.478,2.084,0.691,3.013,0.0
2024-09-09 03:00:00+00:00,13.87,-0.304,1.886,-0.439,2.726,0.0
2024-09-09 04:00:00+00:00,12.47,-1.198,1.882,-1.732,2.72,0.0
2024-09-09 05:00:00+00:00,12.1,-2.592,1.711,-3.747,2.473,0.0
2024-09-09 06:00:00+00:00,10.88,-3.194,0.608,-4.617,0.879,51.8
2024-09-09 07:00:00+00:00,11.36,-2.793,-0.536,-4.038,-0.774,92.9
2024-09-09 08:00:00+00:00,11.14,-3.08,-1.975,-4.451,-2.855,200.9
2024-09-09 09:00:00+00:00,10.36,-2.311,-3.367,-3.34,-4.867,215.6
2024-09-09 10:00:00+00:00,8.57,-0.571,-3.494,-0.826,-5.05,376.3
2024-09-09 11:00:00+00:00,6.14,0.975,-3.618,1.409,-5.229,387.4
2024-09-09 12:00:00+00:00,7.89,2.243,-3.177,3.242,-4.592,478.0
2024-09-09 13:00:00+00:00,9.31,3.656,-2.04,5.285,-2.949,450.7
2024-09-09 14:00:00+00:00,8.96,4.371,-0.341,6.318,-0.493,480.5
2024-09-09 15:00:00+00:00,9.73,4.074,1.421,5.889,2.054,404.9
2024-09-09 16:00:00+00:00,9.67,2.622,2.517,3.791,3.638,306.5
2024-09-09 17:00:00+00:00,10.73,0.765,2.515,1.106,3.635,191.8
2024-09-09 18:00:00+00:00,11.07,-0.851,3.271,-1.23,4.728,68.8
2024-09-09 19:00:00+00:00,12.81,-2.181,2.103,-3.152,3.04,0.0
2024-09-09 20:00:00+00:00,17.94,-2.634,0.617,-3.807,0.892,0.0
2024-09-09 21:00:00+00:00,17.13,-2.681,-0.964,-3.875,-1.393,0.0
2024-09-09 22:00:00+00:00,18.2,-1.611,-1.832,-2.328,-2.648,0.0
2024-09-09 23:00:00+00:00,20.62,-0.551,-3.016,-0.796,-4.36,0.0
2024-09-10 00:00:00+00:00,19.61,0.701,-2.285,1.013,-3.302,0.0
2024-09-10 01:00:00+00:00,19.96,2.014,-2.188,2.912,-3.162,0.0
2024-09-10 02:00:00+00:00,20.09,3.0,-1.331,4.336,-1.924,0.0
2024-09-10 03:00:00+00:00,22.09,2.918,0.123,4.217,0.178,0.0
2024-09-10 04:00:00+00:00,19.63,2.306,1.308,3.333,1.891,0.0
2024-09-10 05:00:00+00:00,16.9,1.461,2.355,2.112,3.405,0.0
2024-09-10 06:00:00+00:00,15.45,-0.039,2.922,-0.057,4.223,49.4
2024-09-10 07:00:00+00:00,16.8,-1.735,2.103,-2.508,3.04,185.4
2024-09-10 08:00:00+00:00,12.94,-2.704,0.609,-3.909,0.88,300.1
2024-09-10 09:00:00+00:00,11.52,-2.441,-1.0,-3.528,-1.445,398.6
2024-09-10 10:00:00+00:00,13.94,-1.352,-2.184,-1.954,-3.156,474.2
2024-09-10 11:00:00+00:00,13.76,0.231,-2.625,0.333,-3.795,521.7
2024-09-10 12:00:00+00:00,13.45,1.813,-2.112,2.621,-3.052,537.9
2024-09-10 13:00:00+00:00,11.64,2.995,-0.748,4.328,-1.08,521.7
2024-09-10 14:00:00+00:00,10.77,3.868,1.576,5.591,2.278,474.2
2024-09-10 15:00:00+00:00,14.8,2.976,5.901,4.301,8.529,315.0
2024-09-10 16:00:00+00:00,15.63,-1.464,6.634,-2.116,9.589,245.2
2024-09-10 17:00:00+00:00,14.7,-4.947,3.744,-7.15,5.411,162.6
2024-09-10 18:00:00+00:00,13.87,-6.859,-0.617,-9.914,-0.892,44.1
2024-09-10 19:00:00+00:00,16.76,-4.607,-5.263,-6.658,-7.607,0.0
2024-09-10 20:00:00+00:00,18.11,0.877,-6.272,1.267,-9.066,0.0
2024-09-10 21:00:00+00:00,19.89,5.077,-2.991,7.339,-4.323,0.0
2024-09-10 22:00:00+00:00,17.75,5.159,1.888,7.458,2.729,0.0
2024-09-10 23:00:00+00:00,17.72,1.884,6.384,2.724,9.227,0.0
2024-09-11 00:00:00+00:00,16.07,-3.115,4.078,-4.502,5.895,0.0
2024-09-11 01:00:00+00:00,19.03,-4.969,0.179,-7.183,0.258,0.0
2024-09-11 02:00:00+00:00,19.06,-3.152,-4.131,-4.555,-5.972,0.0
2024-09-11 03:00:00+00:00,19.55,2.083,-5.118,3.01,-7.398,0.0
2024-09-11 04:00:00+00:00,17.06,4.416,-0.673,6.383,-0.973,0.0
2024-09-11 05:00:00+00:00,16.42,3.183,3.575,4.601,5.168,0.0
2024-09-11 06:00:00+00:00,16.26,-1.272,4.568,-1.838,6.602,12.3
2024-09-11 07:00:00+00:00,14.69,-4.305,1.079,-6.222,1.56,39.4
2024-09-11 08:00:00+00:00,16.35,-2.596,-2.653,-3.752,-3.835,64.6
2024-09-11 09:00:00+00:00,13.64,1.267,-5.002,1.831,-7.23,86.3
2024-09-11 10:00:00+00:00,14.12,5.095,-1.314,7.364,-1.9,156.1
2024-09-11 11:00:00+00:00,12.97,3.619,3.711,5.232,5.364,113.4
2024-09-11 12:00:00+00:00,12.84,-0.957,3.594,-1.384,5.194,201.4
2024-09-11 13:00:00+00:00,13.11,-3.322,1.481,-4.802,2.141,113.4
2024-09-11 14:00:00+00:00,8.33,-2.525,-1.506,-3.65,-2.177,252.6
2024-09-11 15:00:00+00:00,8.52,-0.123,-2.859,-0.177,-4.133,273.8
2024-09-11 16:00:00+00:00,6.14,2.292,-1.749,3.313,-2.527,64.6
2024-09-11 17:00:00+00:00,7.59,2.686,0.705,3.882,1.019,39.4
2024-09-11 18:00:00+00:00,9.78,1.0,2.401,1.445,3.471,45.9
2024-09-11 19:00:00+00:00,10.22,-1.005,2.06,-1.452,2.978,0.0
2024-09-11 20:00:00+00:00,12.69,-2.306,0.598,-3.333,0.864,0.0
2024-09-11 21:00:00+00:00,14.52,-2.101,-1.16,-3.037,-1.677,0.0
2024-09-11 22:00:00+00:00,14.59,-0.66,-3.099,-0.954,-4.479,0.0
2024-09-11 23:00:00+00:00,15.39,1.907,-2.38,2.757,-3.44,0.0
2024-09-12 00:00:00+00:00,18.1,2.846,0.014,4.113,0.02,0.0
2024-09-12 01:00:00+00:00,16.64,1.947,2.67,2.814,3.859,0.0
2024-09-12 02:00:00+00:00,19.21,-0.678,3.014,-0.98,4.357,0.0
2024-09-12 03:00:00+00:00,18.36,-2.308,1.303,-3.335,1.883,0.0
2024-09-12 04:00:00+00:00,19.03,-2.519,-1.026,-3.641,-1.482,0.0
2024-09-12 05:00:00+00:00,17.46,-0.838,-2.508,-1.212,-3.626,0.0
2024-09-12 06:00:00+00:00,14.37,1.308,-2.306,1.891,-3.332,40.8
2024-09-12 07:00:00+00:00,13.36,2.171,-0.543,3.138,-0.785,172.5
2024-09-12 08:00:00+00:00,11.45,1.918,1.195,2.772,1.728,287.3
2024-09-12 09:00:00+00:00,11.27,0.708,2.52,1.024,3.642,385.9
2024-09-12 10:00:00+00:00,11.63,-1.138,2.089,-1.645,3.019,461.5
2024-09-12 11:00:00+00:00,10.15,-2.074,0.727,-2.998,1.051,509.1
2024-09-12 12:00:00+00:00,9.36,-2.369,-0.988,-3.424,-1.428,507.8
2024-09-12 13:00:00+00:00,6.36,-1.2,-2.205,-1.734,-3.187,422.4
2024-09-12 14:00:00+00:00,5.71,0.497,-2.494,0.718,-3.605,280.9
2024-09-12 15:00:00+00:00,5.85,2.382,-1.949,3.443,-2.817,283.4
2024-09-12 16:00:00+00:00,3.28,3.61,0.175,5.218,0.254,188.0
2024-09-12 17:00:00+00:00,5.94,2.741,3.09,3.961,4.466,52.1
2024-09-12 18:00:00+00:00,5.49,-0.464,3.78,-0.671,5.464,14.2
2024-09-12 19:00:00+00:00,6.82,-3.692,2.028,-5.337,2.932,0.0
2024-09-12 20:00:00+00:00,7.51,-3.859,-1.799,-5.579,-2.601,0.0
2024-09-12 21:00:00+00:00,9.89,-0.835,-3.916,-1.207,-5.66,0.0
2024-09-12 22:00:00+00:00,9.64,2.298,-3.072,3.321,-4.441,0.0
2024-09-12 23:00:00+00:00,11.7,3.293,-0.143,4.76,-0.207,0.0
2024-09-13 00:00:00+00:00,11.64,1.989,2.365,2.875,3.419,0.0
2024-09-13 01:00:00+00:00,10.51,-0.612,2.829,-0.885,4.089,0.0
2024-09-13 02:00:00+00:00,11.47,-2.042,0.93,-2.952,1.345,0.0
2024-09-13 03:00:00+00:00,13.71,-2.481,-1.313,-3.586,-1.898,0.0
2024-09-13 04:00:00+00:00,11.79,-0.455,-2.348,-0.658,-3.393,0.0
2024-09-13 05:00:00+00:00,12.36,1.709,-1.998,2.47,-2.888,0.0
2024-09-13 06:00:00+00:00,13.95,2.857,0.13,4.13,0.188,13.8
2024-09-13 07:00:00+00:00,15.08,2.03,2.835,2.934,4.098,60.0
2024-09-13 08:00:00+00:00,14.75,-0.852,2.623,-1.232,3.791,61.8
2024-09-13 09:00:00+00:00,13.92,-3.082,0.862,-4.455,1.246,162.2
2024-09-13 10:00:00+00:00,12.16,-2.755,-2.167,-3.983,-3.132,100.1
2024-09-13 11:00:00+00:00,12.52,0.015,-3.822,0.022,-5.524,118.4
2024-09-13 12:00:00+00:00,12.77,2.377,-1.62,3.436,-2.341,206.6
2024-09-13 13:00:00+00:00,13.53,2.831,0.937,4.092,1.354,193.2
2024-09-13 14:00:00+00:00,14.29,1.384,3.292,2.0,4.759,228.8
2024-09-13 15:00:00+00:00,11.86,-1.441,3.313,-2.082,4.788,188.5
2024-09-13 16:00:00+00:00,11.67,-3.378,1.15,-4.883,1.662,192.9
2024-09-13 17:00:00+00:00,8.12,-2.138,-1.364,-3.091,-1.972,79.6
2024-09-13 18:00:00+00:00,8.0,-0.273,-3.356,-0.395,-4.851,9.7
2024-09-13 19:00:00+00:00,6.22,2.744,-2.768,3.966,-4.001,0.0
2024-09-13 20:00:00+00:00,5.89,4.007,0.435,5.792,0.629,0.0
2024-09-13 21:00:00+00:00,6.62,2.231,3.33,3.225,4.813,0.0
2024-09-13 22:00:00+00:00,9.23,-1.32,4.588,-1.908,6.631,0.0
2024-09-13 23:00:00+00:00,8.51,-3.311,1.464,-4.786,2.116,0.0
2024-09-14 00:00:00+00:00,8.32,-3.026,-1.511,-4.374,-2.184,0.0
2024-09-14 01:00:00+00:00,13.97,-0.641,-3.039,-0.927,-4.393,0.0
2024-09-14 02:00:00+00:00,11.98,1.975,-2.403,2.854,-3.474,0.0
2024-09-14 03:00:00+00:00,10.13,3.422,-0.382,4.947,-0.553,0.0
2024-09-14 04:00:00+00:00,13.52,2.573,1.657,3.719,2.395,0.0
2024-09-14 05:00:00+00:00,13.14,1.11,3.075,1.605,4.445,0.0
2024-09-14 06:00:00+00:00,9.98,-1.004,2.672,-1.451,3.862,32.3
2024-09-14 07:00:00+00:00,8.7,-3.539,2.031,-5.116,2.935,73.3
2024-09-14 08:00:00+00:00,11.26,-4.118,-1.097,-5.952,-1.586,184.0
2024-09-14 09:00:00+00:00,8.11,-1.983,-2.798,-2.867,-4.045,122.6
2024-09-14 10:00:00+00:00,7.56,0.172,-3.641,0.249,-5.263,146.8
2024-09-14 11:00:00+00:00,8.75,2.226,-2.64,3.217,-3.817,223.3
2024-09-14 12:00:00+00:00,9.76,3.734,-0.588,5.397,-0.85,112.8
2024-09-14 13:00:00+00:00,11.47,2.939,2.188,4.248,3.162,109.2
2024-09-14 14:00:00+00:00,13.01,0.279,3.493,0.403,5.049,135.5
2024-09-14 15:00:00+00:00,12.16,-2.576,2.466,-3.724,3.564,82.1
2024-09-14 16:00:00+00:00,11.9,-3.768,-0.25,-5.446,-0.361,134.3
2024-09-14 17:00:00+00:00,12.59,-2.705,-3.612,-3.91,-5.22,77.9
2024-09-14 18:00:00+00:00,12.34,0.774,-4.457,1.119,-6.443,8.0
2024-09-14 19:00:00+00:00,11.36,4.301,-2.861,6.216,-4.136,0.0
2024-09-14 20:00:00+00:00,12.38,5.394,1.035,7.796,1.495,0.0
2024-09-14 21:00:00+00:00,13.8,3.547,4.603,5.126,6.653,0.0
2024-09-14 22:00:00+00:00,17.89,-0.429,6.826,-0.62,9.866,0.0
2024-09-14 23:00:00+00:00,20.97,-4.745,4.468,-6.858,6.458,0.0
2024-09-15 00:00:00+00:00,23.19,-5.977,-0.48,-8.64,-0.694,0.0
2024-09-15 01:00:00+00:00,20.36,-3.593,-4.559,-5.194,-6.59,0.0
2024-09-15 02:00:00+00:00,15.88,0.947,-5.445,1.369,-7.87,0.0
2024-09-15 03:00:00+00:00,17.37,4.621,-2.748,6.679,-3.972,0.0
2024-09-15 04:00:00+00:00,20.74,4.474,1.658,6.467,2.396,0.0
2024-09-15 05:00:00+00:00,19.78,1.387,4.652,2.005,6.724,0.0
2024-09-15 06:00:00+00:00,20.45,-2.82,3.966,-4.077,5.732,6.5
2024-09-15 07:00:00+00:00,19.98,-5.176,0.479,-7.482,0.692,33.6
2024-09-15 08:00:00+00:00,19.42,-3.161,-3.257,-4.569,-4.708,58.9
2024-09-15 09:00:00+00:00,19.16,-0.093,-5.552,-0.135,-8.024,80.6
2024-09-15 10:00:00+00:00,17.56,3.3,-3.77,4.77,-5.449,97.3
2024-09-15 11:00:00+00:00,14.76,4.407,-0.742,6.369,-1.073,107.8
2024-09-15 12:00:00+00:00,13.1,3.974,2.16,5.744,3.122,111.3
2024-09-15 13:00:00+00:00,12.98,1.86,4.049,2.688,5.852,107.8
2024-09-15 14:00:00+00:00,12.1,-1.015,4.595,-1.467,6.641,97.3
2024-09-15 15:00:00+00:00,11.06,-3.474,3.185,-5.022,4.604,80.6
2024-09-15 16:00:00+00:00,9.45,-4.171,1.063,-6.029,1.537,61.1
2024-09-15 17:00:00+00:00,7.84,-3.967,-1.068,-5.734,-1.543,68.4
2024-09-15 18:00:00+00:00,9.05,-2.496,-2.076,-3.607,-3.001,6.5
2024-09-15 19:00:00+00:00,10.76,-1.375,-3.314,-1.988,-4.791,0.0
2024-09-15 20:00:00+00:00,12.31,0.301,-3.612,0.435,-5.221,0.0
2024-09-15 21:00:00+00:00,11.51,1.987,-2.906,2.872,-4.2,0.0
2024-09-15 22:00:00+00:00,13.61,3.525,-1.831,5.096,-2.647,0.0
2024-09-15 23:00:00+00:00,15.88,4.25,0.505,6.143,0.73,0.0
2024-09-16 00:00:00+00:00,12.86,3.091,2.351,4.468,3.398,0.0
2024-09-16 01:00:00+00:00,12.21,1.534,4.542,2.218,6.565,0.0
2024-09-16 02:00:00+00:00,11.08,-1.46,4.396,-2.111,6.354,0.0
2024-09-16 03:00:00+00:00,9.26,-4.11,2.823,-5.94,4.081,0.0
2024-09-16 04:00:00+00:00,9.59,-5.739,-0.49,-8.296,-0.708,0.0
2024-09-16 05:00:00+00:00,9.55,-4.106,-3.966,-5.935,-5.733,0.0
2024-09-16 06:00:00+00:00,9.13,-0.667,-6.085,-0.963,-8.795,9.0
2024-09-16 07:00:00+00:00,8.54,2.953,-4.294,4.269,-6.207,84.8
2024-09-16 08:00:00+00:00,11.3,5.66,-2.031,8.181,-2.936,97.5
2024-09-16 09:00:00+00:00,9.08,5.664,1.787,8.187,2.583,79.2
2024-09-16 10:00:00+00:00,10.92,3.505,3.85,5.067,5.564,95.9
2024-09-16 11:00:00+00:00,9.02,0.67,4.805,0.969,6.945,106.3
2024-09-16 12:00:00+00:00,8.62,-2.32,4.866,-3.354,7.033,338.6
2024-09-16 13:00:00+00:00,8.59,-3.833,2.401,-5.54,3.471,335.3
2024-09-16 14:00:00+00:00,9.26,-4.922,-0.349,-7.114,-0.505,435.8
2024-09-16 15:00:00+00:00,10.31,-3.667,-2.652,-5.301,-3.834,360.0
2024-09-16 16:00:00+00:00,9.28,-1.916,-4.149,-2.769,-5.998,261.3
2024-09-16 17:00:00+00:00,8.07,0.179,-3.488,0.259,-5.042,146.4
2024-09-16 18:00:00+00:00,8.83,2.005,-3.696,2.898,-5.342,23.1
2024-09-16 19:00:00+00:00,11.62,3.605,-2.524,5.211,-3.649,0.0
2024-09-16 20:00:00+00:00,11.4,4.231,-0.585,6.116,-0.846,0.0
2024-09-16 21:00:00+00:00,12.81,3.534,1.388,5.108,2.007,0.0
2024-09-16 22:00:00+00:00,11.92,1.899,2.926,2.745,4.23,0.0
2024-09-16 23:00:00+00:00,12.43,-0.316,2.915,-0.457,4.214,0.0
2024-09-17 00:00:00+00:00,13.49,-2.022,2.201,-2.922,3.181,0.0
2024-09-17 01:00:00+00:00,11.29,-3.727,1.143,-5.387,1.652,0.0
2024-09-17 02:00:00+00:00,10.71,-4.381,-0.968,-6.332,-1.399,0.0
2024-09-17 03:00:00+00:00,9.79,-4.672,-4.174,-6.753,-6.034,0.0
2024-09-17 04:00:00+00:00,10.56,-1.482,-4.427,-2.143,-6.399,0.0
2024-09-17 05:00:00+00:00,11.13,1.416,-4.58,2.047,-6.62,0.0
2024-09-17 06:00:00+00:00,13.04,3.794,-2.956,5.484,-4.273,3.6
2024-09-17 07:00:00+00:00,10.76,4.12,-0.275,5.955,-0.398,30.8
2024-09-17 08:00:00+00:00,8.48,3.653,2.215,5.28,3.202,56.1
2024-09-17 09:00:00+00:00,8.79,1.754,4.406,2.535,6.368,77.8
2024-09-17 10:00:00+00:00,5.52,-1.42,6.643,-2.053,9.601,94.4
2024-09-17 11:00:00+00:00,3.57,-4.17,4.522,-6.028,6.537,104.9
2024-09-17 12:00:00+00:00,4.6,-5.168,1.836,-7.47,2.654,108.5
2024-09-17 13:00:00+00:00,0.79,-3.943,-0.66,-5.7,-0.954,104.9
2024-09-17 14:00:00+00:00,1.11,-2.446,-2.118,-3.535,-3.062,94.4
2024-09-17 15:00:00+00:00,2.12,-0.794,-3.101,-1.148,-4.482,77.8
2024-09-17 16:00:00+00:00,4.16,1.347,-3.34,1.947,-4.828,56.1
2024-09-17 17:00:00+00:00,6.98,2.458,-1.77,3.553,-2.558,69.9
2024-09-17 18:00:00+00:00,6.76,2.944,-0.132,4.255,-0.19,8.9
2024-09-17 19:00:00+00:00,10.03,2.756,1.554,3.984,2.247,0.0
2024-09-17 20:00:00+00:00,14.03,1.471,2.399,2.126,3.467,0.0
2024-09-17 21:00:00+00:00,15.12,0.23,3.614,0.333,5.224,0.0
2024-09-17 22:00:00+00:00,15.38,-1.442,2.872,-2.085,4.151,0.0
2024-09-17 23:00:00+00:00,14.03,-3.151,2.078,-4.554,3.003,0.0
2024-09-18 00:00:00+00:00,14.94,-4.28,0.483,-6.187,0.698,0.0
2024-09-18 01:00:00+00:00,17.4,-4.749,-1.686,-6.864,-2.436,0.0
2024-09-18 02:00:00+00:00,17.19,-3.7,-3.595,-5.349,-5.196,0.0
2024-09-18 03:00:00+00:00,15.18,-2.256,-5.972,-3.261,-8.632,0.0
2024-09-18 04:00:00+00:00,14.51,0.684,-6.784,0.989,-9.806,0.0
2024-09-18 05:00:00+00:00,12.35,3.399,-5.363,4.912,-7.752,0.0
2024-09-18 06:00:00+00:00,11.55,4.425,-2.941,6.396,-4.251,2.2
2024-09-18 07:00:00+00:00,9.95,5.475,-0.963,7.914,-1.392,29.3
2024-09-18 08:00:00+00:00,12.51,4.75,1.382,6.865,1.998,54.6
2024-09-18 09:00:00+00:00,12.78,2.714,2.431,3.923,3.514,76.3
2024-09-18 10:00:00+00:00,12.58,1.824,4.198,2.636,6.068,295.2
2024-09-18 11:00:00+00:00,12.31,-0.597,6.74,-0.864,9.743,470.3
2024-09-18 12:00:00+00:00,13.97,-3.025,5.407,-4.372,7.816,381.0
2024-09-18 13:00:00+00:00,13.12,-5.615,4.257,-8.116,6.153,470.3
2024-09-18 14:00:00+00:00,11.59,-6.926,2.051,-10.011,2.965,422.7
2024-09-18 15:00:00+00:00,12.62,-6.506,-0.31,-9.404,-0.448,346.9
2024-09-18 16:00:00+00:00,13.08,-4.536,-1.45,-6.557,-2.096,229.4
2024-09-18 17:00:00+00:00,14.23,-3.546,-1.904,-5.126,-2.752,133.3
2024-09-18 18:00:00+00:00,13.6,-3.25,-2.41,-4.697,-3.484,9.9
2024-09-18 19:00:00+00:00,11.1,-2.752,-2.601,-3.977,-3.759,0.0
2024-09-18 20:00:00+00:00,11.7,-3.334,-3.795,-4.819,-5.485,0.0
2024-09-18 21:00:00+00:00,12.01,-2.693,-3.892,-3.892,-5.625,0.0
2024-09-18 22:00:00+00:00,13.27,-2.053,-3.888,-2.967,-5.619,0.0
2024-09-18 23:00:00+00:00,14.17,-1.66,-4.283,-2.399,-6.191,0.0
2024-09-19 00:00:00+00:00,11.89,-0.541,-3.424,-0.783,-4.949,0.0
2024-09-19 01:00:00+00:00,15.96,-0.008,-4.11,-0.011,-5.941,0.0
2024-09-19 02:00:00+00:00,13.44,0.31,-3.379,0.448,-4.885,0.0
2024-09-19 03:00:00+00:00,14.17,0.513,-3.567,0.741,-5.157,0.0
2024-09-19 04:00:00+00:00,11.86,0.695,-3.578,1.005,-5.172,0.0
2024-09-19 05:00:00+00:00,11.89,0.849,-4.153,1.227,-6.003,0.0
2024-09-19 06:00:00+00:00,9.35,1.034,-3.607,1.495,-5.213,3.3
2024-09-19 07:00:00+00:00,9.07,1.292,-2.957,1.867,-4.275,126.7
2024-09-19 08:00:00+00:00,9.8,1.459,-2.234,2.11,-3.229,241.6
2024-09-19 09:00:00+00:00,9.32,1.625,-1.948,2.349,-2.816,340.4
2024-09-19 10:00:00+00:00,11.44,1.839,-1.824,2.658,-2.637,207.1
2024-09-19 11:00:00+00:00,11.03,2.334,-1.953,3.374,-2.824,327.8
2024-09-19 12:00:00+00:00,10.06,2.749,-1.924,3.974,-2.782,299.2
2024-09-19 13:00:00+00:00,10.77,2.924,-1.872,4.227,-2.706,426.5
2024-09-19 14:00:00+00:00,10.38,2.397,-1.328,3.465,-1.919,339.2
2024-09-19 15:00:00+00:00,13.35,2.336,-0.84,3.377,-1.214,191.7
2024-09-19 16:00:00+00:00,10.68,1.993,-0.28,2.88,-0.405,60.2
2024-09-19 17:00:00+00:00,12.77,1.932,0.181,2.793,0.262,27.9
2024-09-19 18:00:00+00:00,13.74,1.836,0.678,2.653,0.98,0.7
2024-09-19 19:00:00+00:00,14.76,1.85,1.162,2.674,1.68,0.0
2024-09-19 20:00:00+00:00,13.09,2.1,2.021,3.035,2.921,0.0
2024-09-19 21:00:00+00:00,17.58,1.677,2.181,2.424,3.153,0.0
2024-09-19 22:00:00+00:00,18.56,1.717,2.22,2.482,3.209,0.0
2024-09-19 23:00:00+00:00,18.46,1.668,2.406,2.411,3.478,0.0
2024-09-20 00:00:00+00:00,18.22,1.665,2.86,2.406,4.134,0.0
2024-09-20 01:00:00+00:00,18.69,1.589,3.386,2.296,4.895,0.0
2024-09-20 02:00:00+00:00,18.97,1.36,3.646,1.966,5.269,0.0
2024-09-20 03:00:00+00:00,15.66,1.27,3.837,1.835,5.547,0.0
2024-09-20 04:00:00+00:00,17.28,1.724,4.366,2.492,6.311,0.0
2024-09-20 05:00:00+00:00,16.51,1.461,3.547,2.112,5.126,0.0
2024-09-20 06:00:00+00:00,14.96,1.466,3.017,2.119,4.36,0.0
2024-09-20 07:00:00+00:00,12.81,2.17,3.036,3.136,4.389,79.4
2024-09-20 08:00:00+00:00,13.28,2.4,2.326,3.469,3.362,175.6
2024-09-20 09:00:00+00:00,11.78,2.899,2.059,4.191,2.977,283.2
2024-09-20 10:00:00+00:00,9.87,3.68,1.921,5.319,2.776,356.4
2024-09-20 11:00:00+00:00,11.18,3.605,1.227,5.211,1.773,357.7
2024-09-20 12:00:00+00:00,10.61,3.91,0.891,5.652,1.287,226.2
2024-09-20 13:00:00+00:00,8.43,5.167,1.153,7.468,1.667,318.8
2024-09-20 14:00:00+00:00,7.46,5.489,1.108,7.934,1.601,192.2
2024-09-20 15:00:00+00:00,4.82,5.501,1.038,7.951,1.501,113.9
2024-09-20 16:00:00+00:00,4.66,7.338,0.845,10.607,1.222,51.7
2024-09-20 17:00:00+00:00,3.78,7.042,0.842,10.178,1.217,26.4
2024-09-20 18:00:00+00:00,4.51,7.155,1.043,10.343,1.507,0.0
2024-09-20 19:00:00+00:00,3.86,6.716,0.971,9.708,1.403,0.0
2024-09-20 20:00:00+00:00,4.63,5.073,0.095,7.332,0.137,0.0
2024-09-20 21:00:00+00:00,10.11,4.753,-0.109,6.87,-0.158,0.0
2024-09-20 22:00:00+00:00,10.64,4.281,0.057,6.188,0.082,0.0
2024-09-20 23:00:00+00:00,11.48,4.254,0.127,6.149,0.184,0.0
2024-09-21 00:00:00+00:00,12.73,4.932,-0.117,7.129,-0.169,0.0
2024-09-21 01:00:00+00:00,14.91,4.945,-0.268,7.147,-0.388,0.0
2024-09-21 02:00:00+00:00,14.23,5.215,-0.642,7.538,-0.928,0.0
2024-09-21 03:00:00+00:00,14.72,4.995,-1.042,7.22,-1.506,0.0
2024-09-21 04:00:00+00:00,14.35,5.835,-2.162,8.434,-3.125,0.0
2024-09-21 05:00:00+00:00,10.36,6.239,-3.171,9.018,-4.583,0.0
2024-09-21 06:00:00+00:00,7.68,6.313,-3.736,9.126,-5.4,0.0
2024-09-21 07:00:00+00:00,5.07,7.437,-4.137,10.75,-5.98,58.0
2024-09-21 08:00:00+00:00,2.56,8.085,-3.597,11.687,-5.2,163.0
2024-09-21 09:00:00+00:00,1.31,7.692,-1.475,11.119,-2.132,282.6
2024-09-21 10:00:00+00:00,-0.08,6.056,0.535,8.754,0.773,261.3
2024-09-21 11:00:00+00:00,3.22,5.902,2.736,8.531,3.954,343.7
2024-09-21 12:00:00+00:00,4.81,5.681,5.278,8.212,7.628,300.2
2024-09-21 13:00:00+00:00,7.18,4.347,6.562,6.283,9.484,450.5
2024-09-21 14:00:00+00:00,10.5,2.386,6.302,3.449,9.109,400.4
2024-09-21 15:00:00+00:00,10.01,0.846,6.099,1.223,8.816,327.2
2024-09-21 16:00:00+00:00,9.38,-0.285,6.723,-0.412,9.718,216.6
2024-09-21 17:00:00+00:00,8.5,-1.035,4.993,-1.496,7.217,113.5
2024-09-21 18:00:00+00:00,9.59,-1.892,5.233,-2.735,7.565,0.0
2024-09-21 19:00:00+00:00,11.12,-3.14,5.858,-4.538,8.467,0.0
2024-09-21 20:00:00+00:00,10.5,-2.984,4.491,-4.314,6.492,0.0
2024-09-21 21:00:00+00:00,11.38,-3.077,3.462,-4.447,5.005,0.0
2024-09-21 22:00:00+00:00,12.41,-2.954,2.886,-4.27,4.171,0.0
2024-09-21 23:00:00+00:00,11.95,-3.003,2.391,-4.341,3.456,0.0
2024-09-22 00:00:00+00:00,11.44,-2.824,2.243,-4.082,3.242,0.0
2024-09-22 01:00:00+00:00,12.83,-2.695,2.07,-3.895,2.993,0.0
2024-09-22 02:00:00+00:00,12.95,-2.457,2.14,-3.551,3.093,0.0
2024-09-22 03:00:00+00:00,14.78,-2.425,2.7,-3.505,3.902,0.0
2024-09-22 04:00:00+00:00,13.88,-1.791,2.706,-2.589,3.912,0.0
2024-09-22 05:00:00+00:00,14.6,-1.681,2.694,-2.43,3.894,0.0
2024-09-22 06:00:00+00:00,15.38,-2.05,3.035,-2.964,4.386,0.0
2024-09-22 07:00:00+00:00,10.79,-2.174,2.862,-3.143,4.137,41.0
2024-09-22 08:00:00+00:00,9.35,-2.542,3.02,-3.675,4.365,114.4
2024-09-22 09:00:00+00:00,9.76,-2.595,2.6,-3.751,3.758,201.7
2024-09-22 10:00:00+00:00,8.98,-3.36,2.271,-4.857,3.282,314.4
2024-09-22 11:00:00+00:00,8.88,-3.625,1.543,-5.24,2.231,443.9
2024-09-22 12:00:00+00:00,9.17,-4.009,0.643,-5.795,0.93,436.3
2024-09-22 13:00:00+00:00,10.67,-4.126,-0.031,-5.963,-0.044,443.9
2024-09-22 14:00:00+00:00,6.41,-5.598,-0.971,-8.091,-1.403,396.3
2024-09-22 15:00:00+00:00,7.65,-4.845,-1.589,-7.003,-2.297,320.5
2024-09-22 16:00:00+00:00,8.14,-4.986,-1.886,-7.207,-2.726,201.5
2024-09-22 17:00:00+00:00,4.65,-3.941,-1.56,-5.696,-2.254,67.7
2024-09-22 18:00:00+00:00,6.65,-4.395,-1.585,-6.353,-2.291,0.0
2024-09-22 19:00:00+00:00,9.19,-4.092,-1.504,-5.915,-2.174,0.0
2024-09-22 20:00:00+00:00,6.99,-4.386,-1.526,-6.34,-2.206,0.0
2024-09-22 21:00:00+00:00,8.66,-3.862,-1.529,-5.582,-2.21,0.0
2024-09-22 22:00:00+00:00,12.56,-3.364,-1.72,-4.863,-2.486,0.0
2024-09-22 23:00:00+00:00,15.54,-3.11,-2.179,-4.495,-3.15,0.0
2024-09-23 00:00:00+00:00,15.98,-2.298,-2.097,-3.322,-3.031,0.0
2024-09-23 01:00:00+00:00,16.16,-2.113,-2.495,-3.055,-3.606,0.0
2024-09-23 02:00:00+00:00,17.59,-1.439,-2.177,-2.079,-3.147,0.0
2024-09-23 03:00:00+00:00,16.23,-1.245,-2.294,-1.799,-3.316,0.0
2024-09-23 04:00:00+00:00,14.98,-1.087,-2.646,-1.572,-3.825,0.0
2024-09-23 05:00:00+00:00,14.79,-1.156,-3.398,-1.671,-4.912,0.0
2024-09-23 06:00:00+00:00,15.41,-0.779,-3.153,-1.126,-4.557,0.0
2024-09-23 07:00:00+00:00,16.82,-0.127,-3.39,-0.184,-4.9,50.6
2024-09-23 08:00:00+00:00,14.27,0.8,-4.042,1.157,-5.843,47.3
2024-09-23 09:00:00+00:00,12.71,1.793,-3.885,2.591,-5.615,94.5
2024-09-23 10:00:00+00:00,10.35,3.174,-3.238,4.588,-4.681,85.7
2024-09-23 11:00:00+00:00,8.65,3.753,-1.681,5.425,-2.429,96.2
2024-09-23 12:00:00+00:00,5.75,4.063,-0.271,5.873,-0.392,99.8
2024-09-23 13:00:00+00:00,7.08,3.666,1.418,5.299,2.05,96.2
2024-09-23 14:00:00+00:00,8.07,2.2,2.164,3.18,3.127,244.0
2024-09-23 15:00:00+00:00,6.58,1.099,2.83,1.588,4.091,313.9
2024-09-23 16:00:00+00:00,6.81,-0.551,4.937,-0.797,7.136,215.2
2024-09-23 17:00:00+00:00,8.15,-2.553,4.45,-3.69,6.432,100.3
2024-09-23 18:00:00+00:00,7.43,-3.94,2.938,-5.696,4.246,0.0
2024-09-23 19:00:00+00:00,9.61,-4.53,0.988,-6.548,1.428,0.0
2024-09-23 20:00:00+00:00,13.69,-4.762,-1.233,-6.883,-1.782,0.0
2024-09-23 21:00:00+00:00,13.28,-2.894,-3.067,-4.183,-4.433,0.0
2024-09-23 22:00:00+00:00,11.71,-1.261,-4.794,-1.823,-6.929,0.0
2024-09-23 23:00:00+00:00,10.42,1.084,-4.406,1.567,-6.368,0.0
2024-09-24 00:00:00+00:00,12.44,3.05,-3.996,4.408,-5.776,0.0
2024-09-24 01:00:00+00:00,11.06,6.93,-3.755,10.017,-5.428,0.0
2024-09-24 02:00:00+00:00,11.76,5.828,-0.406,8.424,-0.586,0.0
2024-09-24 03:00:00+00:00,10.29,4.784,1.54,6.915,2.226,0.0
2024-09-24 04:00:00+00:00,9.16,3.978,3.046,5.75,4.402,0.0
2024-09-24 05:00:00+00:00,9.87,2.601,3.94,3.759,5.695,0.0
2024-09-24 06:00:00+00:00,8.23,1.547,4.124,2.236,5.96,0.0
2024-09-24 07:00:00+00:00,9.27,0.611,4.066,0.883,5.878,93.7
2024-09-24 08:00:00+00:00,9.09,-0.211,3.409,-0.305,4.927,173.3
2024-09-24 09:00:00+00:00,10.52,-1.068,3.323,-1.544,4.803,273.5
2024-09-24 10:00:00+00:00,10.69,-1.51,2.742,-2.182,3.963,383.0
2024-09-24 11:00:00+00:00,9.37,-1.997,2.144,-2.887,3.099,430.6
2024-09-24 12:00:00+00:00,7.79,-2.403,1.536,-3.473,2.221,446.8
2024-09-24 13:00:00+00:00,8.24,-2.496,1.024,-3.608,1.48,417.1
2024-09-24 14:00:00+00:00,5.68,-2.377,0.495,-3.436,0.716,322.6
2024-09-24 15:00:00+00:00,4.58,-2.387,-0.098,-3.451,-0.141,258.4
2024-09-24 16:00:00+00:00,3.03,-2.095,-0.474,-3.028,-0.685,208.6
2024-09-24 17:00:00+00:00,3.84,-2.114,-0.779,-3.056,-1.126,93.7
2024-09-24 18:00:00+00:00,5.77,-2.177,-1.047,-3.147,-1.513,0.0
2024-09-24 19:00:00+00:00,7.8,-1.839,-1.322,-2.658,-1.911,0.0
2024-09-24 20:00:00+00:00,9.63,-1.511,-1.806,-2.184,-2.61,0.0
2024-09-24 21:00:00+00:00,13.01,-0.776,-2.008,-1.122,-2.903,0.0
2024-09-24 22:00:00+00:00,12.94,-0.243,-1.607,-0.351,-2.323,0.0
2024-09-24 23:00:00+00:00,12.61,0.047,-1.706,0.068,-2.466,0.0
2024-09-25 00:00:00+00:00,14.05,0.316,-1.574,0.457,-2.275,0.0
2024-09-25 01:00:00+00:00,13.79,0.805,-1.672,1.164,-2.417,0.0
2024-09-25 02:00:00+00:00,17.92,1.229,-1.45,1.777,-2.096,0.0
2024-09-25 03:00:00+00:00,17.05,1.503,-1.122,2.173,-1.621,0.0
2024-09-25 04:00:00+00:00,15.24,1.641,-0.55,2.373,-0.794,0.0
2024-09-25 05:00:00+00:00,15.25,1.781,-0.075,2.574,-0.108,0.0
2024-09-25 06:00:00+00:00,14.44,1.536,0.303,2.22,0.438,0.0
2024-09-25 07:00:00+00:00,13.19,1.033,0.605,1.494,0.874,83.9
2024-09-25 08:00:00+00:00,11.53,0.569,0.824,0.822,1.191,202.0
2024-09-25 09:00:00+00:00,7.96,0.191,1.317,0.276,1.903,300.6
2024-09-25 10:00:00+00:00,6.29,-0.396,1.357,-0.572,1.961,376.3
2024-09-25 11:00:00+00:00,6.38,-1.139,1.271,-1.646,1.837,357.9
2024-09-25 12:00:00+00:00,3.67,-1.12,0.504,-1.619,0.728,241.6
2024-09-25 13:00:00+00:00,3.68,-1.104,0.086,-1.596,0.124,320.0
2024-09-25 14:00:00+00:00,5.79,-1.043,-0.251,-1.507,-0.363,164.9
2024-09-25 15:00:00+00:00,4.81,-0.786,-0.543,-1.136,-0.785,171.4
2024-09-25 16:00:00+00:00,2.77,-0.485,-0.724,-0.7,-1.047,120.4
2024-09-25 17:00:00+00:00,2.18,-0.171,-0.936,-0.248,-1.353,39.2
2024-09-25 18:00:00+00:00,4.2,0.207,-0.933,0.299,-1.348,0.0
2024-09-25 19:00:00+00:00,6.69,0.607,-0.845,0.877,-1.222,0.0
2024-09-25 20:00:00+00:00,6.77,0.962,-0.616,1.39,-0.89,0.0
2024-09-25 21:00:00+00:00,6.88,1.194,-0.287,1.726,-0.415,0.0
2024-09-25 22:00:00+00:00,7.68,1.267,-0.022,1.831,-0.032,0.0
2024-09-25 23:00:00+00:00,6.81,1.316,0.264,1.902,0.381,0.0
2024-09-26 00:00:00+00:00,8.15,1.182,0.531,1.709,0.768,0.0
2024-09-26 01:00:00+00:00,8.59,1.602,1.071,2.315,1.548,0.0
2024-09-26 02:00:00+00:00,10.05,1.65,1.538,2.384,2.223,0.0
2024-09-26 03:00:00+00:00,7.16,1.31,1.496,1.894,2.162,0.0
2024-09-26 04:00:00+00:00,4.45,1.379,2.111,1.994,3.051,0.0
2024-09-26 05:00:00+00:00,6.6,1.177,2.184,1.701,3.157,0.0
2024-09-26 06:00:00+00:00,8.19,0.668,1.921,0.966,2.777,0.0
2024-09-26 07:00:00+00:00,9.0,0.491,1.922,0.71,2.778,52.8
2024-09-26 08:00:00+00:00,10.37,0.314,2.091,0.453,3.023,195.4
2024-09-26 09:00:00+00:00,9.1,0.039,2.072,0.056,2.995,240.9
2024-09-26 10:00:00+00:00,8.67,-0.267,2.016,-0.386,2.914,114.1
2024-09-26 11:00:00+00:00,3.87,-0.591,2.384,-0.854,3.445,91.8
2024-09-26 12:00:00+00:00,4.01,-0.876,2.248,-1.266,3.249,95.4
2024-09-26 13:00:00+00:00,4.18,-1.714,2.576,-2.478,3.724,91.8
2024-09-26 14:00:00+00:00,7.16,-3.012,2.643,-4.353,3.821,81.3
2024-09-26 15:00:00+00:00,7.26,-3.713,1.837,-5.367,2.656,64.7
2024-09-26 16:00:00+00:00,7.19,-4.99,0.754,-7.213,1.09,43.0
2024-09-26 17:00:00+00:00,8.9,-5.097,-0.762,-7.367,-1.102,17.7
2024-09-26 18:00:00+00:00,8.33,-4.055,-1.692,-5.862,-2.445,0.0
2024-09-26 19:00:00+00:00,7.61,-3.773,-2.92,-5.454,-4.22,0.0
2024-09-26 20:00:00+00:00,7.48,-2.792,-4.406,-4.036,-6.368,0.0
2024-09-26 21:00:00+00:00,7.3,-0.834,-4.259,-1.205,-6.156,0.0
2024-09-26 22:00:00+00:00,8.57,0.853,-4.424,1.234,-6.395,0.0
2024-09-26 23:00:00+00:00,7.18,3.167,-4.335,4.578,-6.266,0.0
2024-09-27 00:00:00+00:00,8.96,4.579,-3.307,6.618,-4.779,0.0
2024-09-27 01:00:00+00:00,8.08,4.586,-1.002,6.629,-1.448,0.0
2024-09-27 02:00:00+00:00,11.45,4.062,0.627,5.872,0.906,0.0
2024-09-27 03:00:00+00:00,8.41,4.253,1.976,6.147,2.856,0.0
2024-09-27 04:00:00+00:00,7.77,4.015,3.082,5.803,4.455,0.0
2024-09-27 05:00:00+00:00,5.42,3.104,3.155,4.487,4.56,0.0
2024-09-27 06:00:00+00:00,8.02,2.871,3.661,4.149,5.291,0.0
2024-09-27 07:00:00+00:00,7.61,2.064,3.148,2.984,4.55,59.9
2024-09-27 08:00:00+00:00,4.89,1.912,3.24,2.764,4.683,151.9
2024-09-27 09:00:00+00:00,3.02,1.796,2.827,2.596,4.087,127.8
2024-09-27 10:00:00+00:00,2.97,2.266,3.107,3.276,4.492,121.5
2024-09-27 11:00:00+00:00,3.25,2.694,3.091,3.894,4.468,165.3
2024-09-27 12:00:00+00:00,2.61,3.999,4.3,5.78,6.216,283.9
2024-09-27 13:00:00+00:00,3.05,4.298,4.449,6.212,6.43,272.9
2024-09-27 14:00:00+00:00,3.92,4.227,4.371,6.11,6.319,79.9
2024-09-27 15:00:00+00:00,1.62,3.516,3.15,5.083,4.553,63.2
2024-09-27 16:00:00+00:00,2.61,3.182,2.238,4.6,3.235,41.5
2024-09-27 17:00:00+00:00,2.58,2.971,1.694,4.295,2.449,16.3
2024-09-27 18:00:00+00:00,5.22,2.795,1.114,4.04,1.61,0.0
2024-09-27 19:00:00+00:00,4.07,2.471,0.638,3.571,0.923,0.0
2024-09-27 20:00:00+00:00,3.55,3.015,0.478,4.358,0.691,0.0
2024-09-27 21:00:00+00:00,2.31,3.116,0.329,4.505,0.476,0.0
2024-09-27 22:00:00+00:00,5.21,3.053,-0.001,4.413,-0.002,0.0
2024-09-27 23:00:00+00:00,6.08,4.329,-0.472,6.258,-0.682,0.0
2024-09-28 00:00:00+00:00,7.39,5.145,-1.332,7.437,-1.926,0.0
2024-09-28 01:00:00+00:00,6.19,3.944,-1.843,5.7,-2.664,0.0
2024-09-28 02:00:00+00:00,4.63,3.53,-2.036,5.102,-2.943,0.0
2024-09-28 03:00:00+00:00,8.31,3.53,-2.528,5.103,-3.655,0.0
2024-09-28 04:00:00+00:00,7.97,3.122,-2.924,4.513,-4.226,0.0
2024-09-28 05:00:00+00:00,5.96,2.46,-2.709,3.556,-3.915,0.0
2024-09-28 06:00:00+00:00,7.03,2.123,-2.805,3.068,-4.054,0.0
2024-09-28 07:00:00+00:00,7.39,2.213,-3.556,3.198,-5.14,63.2
2024-09-28 08:00:00+00:00,3.77,1.897,-4.604,2.742,-6.655,182.1
2024-09-28 09:00:00+00:00,3.05,1.132,-5.911,1.636,-8.544,280.7
2024-09-28 10:00:00+00:00,1.45,0.103,-5.174,0.149,-7.478,356.3
2024-09-28 11:00:00+00:00,2.49,-0.869,-6.533,-1.255,-9.443,403.8
2024-09-28 12:00:00+00:00,0.72,-1.549,-6.304,-2.239,-9.111,420.0
2024-09-28 13:00:00+00:00,-2.31,-1.731,-4.77,-2.502,-6.894,361.8
2024-09-28 14:00:00+00:00,-2.04,-2.504,-5.458,-3.619,-7.889,257.7
2024-09-28 15:00:00+00:00,0.23,-2.768,-4.849,-4.001,-7.009,193.4
2024-09-28 16:00:00+00:00,-2.58,-3.551,-4.595,-5.132,-6.642,182.1
2024-09-28 17:00:00+00:00,-2.18,-3.424,-3.667,-4.949,-5.3,63.2
2024-09-28 18:00:00+00:00,-0.61,-4.417,-3.378,-6.385,-4.882,0.0
2024-09-28 19:00:00+00:00,3.16,-6.356,-3.289,-9.188,-4.754,0.0
2024-09-28 20:00:00+00:00,5.73,-5.851,-2.071,-8.458,-2.994,0.0
2024-09-28 21:00:00+00:00,6.82,-6.125,-1.665,-8.854,-2.406,0.0
2024-09-28 22:00:00+00:00,9.4,-5.648,-1.37,-8.164,-1.98,0.0
2024-09-28 23:00:00+00:00,10.88,-6.643,-1.292,-9.602,-1.867,0.0
2024-09-29 00:00:00+00:00,12.25,-9.166,-1.314,-13.249,-1.9,0.0
2024-09-29 01:00:00+00:00,12.71,-9.377,-0.676,-13.554,-0.977,0.0
2024-09-29 02:00:00+00:00,12.35,-7.087,0.683,-10.243,0.987,0.0
2024-09-29 03:00:00+00:00,10.61,-5.677,1.217,-8.206,1.759,0.0
2024-09-29 04:00:00+00:00,8.0,-3.993,1.242,-5.772,1.795,0.0
2024-09-29 05:00:00+00:00,11.19,-3.979,1.446,-5.751,2.09,0.0
2024-09-29 06:00:00+00:00,8.24,-3.945,1.847,-5.703,2.67,0.0
2024-09-29 07:00:00+00:00,7.79,-3.306,1.949,-4.779,2.817,60.8
2024-09-29 08:00:00+00:00,9.23,-3.312,2.41,-4.787,3.483,175.5
2024-09-29 09:00:00+00:00,9.98,-4.083,3.816,-5.901,5.516,229.1
2024-09-29 10:00:00+00:00,6.41,-4.411,4.83,-6.376,6.982,274.7
2024-09-29 11:00:00+00:00,4.99,-5.308,5.676,-7.672,8.205,221.9
2024-09-29 12:00:00+00:00,2.02,-5.981,5.492,-8.644,7.938,90.9
2024-09-29 13:00:00+00:00,1.63,-5.719,3.876,-8.267,5.602,87.4
2024-09-29 14:00:00+00:00,1.74,-5.393,2.484,-7.795,3.591,76.9
2024-09-29 15:00:00+00:00,3.76,-5.834,1.449,-8.432,2.094,60.3
2024-09-29 16:00:00+00:00,2.85,-6.017,0.111,-8.697,0.161,38.6
2024-09-29 17:00:00+00:00,4.55,-5.875,-0.763,-8.492,-1.102,13.4
2024-09-29 18:00:00+00:00,6.79,-5.63,-1.93,-8.138,-2.79,0.0
2024-09-29 19:00:00+00:00,6.67,-4.602,-2.645,-6.652,-3.824,0.0
2024-09-29 20:00:00+00:00,8.35,-3.178,-2.878,-4.594,-4.16,0.0
2024-09-29 21:00:00+00:00,8.15,-2.648,-3.029,-3.828,-4.379,0.0
2024-09-29 22:00:00+00:00,8.6,-1.968,-3.187,-2.844,-4.607,0.0
2024-09-29 23:00:00+00:00,7.61,-1.11,-4.605,-1.604,-6.657,0.0
2024-09-30 00:00:00+00:00,8.31,0.495,-4.505,0.716,-6.512,0.0
2024-09-30 01:00:00+00:00,7.75,2.217,-4.151,3.205,-6.0,0.0
2024-09-30 02:00:00+00:00,8.99,3.131,-3.064,4.526,-4.429,0.0
2024-09-30 03:00:00+00:00,11.79,3.643,-2.086,5.265,-3.015,0.0
2024-09-30 04:00:00+00:00,13.32,4.129,-0.753,5.969,-1.089,0.0
2024-09-30 05:00:00+00:00,12.02,5.033,0.485,7.275,0.701,0.0
2024-09-30 06:00:00+00:00,10.39,4.908,2.241,7.094,3.239,0.0
2024-09-30 07:00:00+00:00,10.82,3.652,3.275,5.279,4.733,11.9
2024-09-30 08:00:00+00:00,9.3,2.316,3.987,3.347,5.763,37.2
2024-09-30 09:00:00+00:00,9.59,1.082,4.798,1.564,6.936,58.8
2024-09-30 10:00:00+00:00,9.87,-0.361,5.396,-0.521,7.8,149.4
2024-09-30 11:00:00+00:00,8.97,-1.426,4.878,-2.062,7.051,85.9
2024-09-30 12:00:00+00:00,9.92,-1.892,4.604,-2.735,6.655,95.0
2024-09-30 13:00:00+00:00,6.72,-2.106,4.0,-3.044,5.782,315.6
2024-09-30 14:00:00+00:00,5.08,-1.647,2.706,-2.381,3.911,286.3
2024-09-30 15:00:00+00:00,6.13,-2.139,2.83,-3.091,4.09,164.3
2024-09-30 16:00:00+00:00,4.96,-2.597,2.838,-3.754,4.102,37.9
2024-09-30 17:00:00+00:00,2.65,-2.761,2.539,-3.991,3.67,19.2
2024-09-30 18:00:00+00:00,7.05,-2.874,2.127,-4.155,3.074,0.0
2024-09-30 19:00:00+00:00,7.91,-3.008,1.88,-4.348,2.718,0.0
2024-09-30 20:00:00+00:00,11.58,-3.205,1.371,-4.633,1.982,0.0
2024-09-30 21:00:00+00:00,9.51,-3.72,1.185,-5.377,1.713,0.0
2024-09-30 22:00:00+00:00,11.55,-3.035,0.722,-4.387,1.044,0.0
2024-09-30 23:00:00+00:00,12.23,-2.948,0.641,-4.261,0.927,0.0
2024-10-01 00:00:00+00:00,13.22,-3.346,0.541,-4.837,0.783,0.0
2024-10-01 01:00:00+00:00,12.77,-3.327,0.78,-4.81,1.128,0.0
2024-10-01 02:00:00+00:00,8.34,-3.456,0.979,-4.995,1.415,0.0
2024-10-01 03:00:00+00:00,6.4,-3.319,0.496,-4.797,0.718,0.0
2024-10-01 04:00:00+00:00,4.62,-2.437,-0.035,-3.522,-0.05,0.0
2024-10-01 05:00:00+00:00,5.7,-2.845,-0.5,-4.112,-0.722,0.0
2024-10-01 06:00:00+00:00,7.16,-3.053,-1.081,-4.413,-1.562,0.0
2024-10-01 07:00:00+00:00,6.46,-3.226,-1.985,-4.662,-2.869,17.9
2024-10-01 08:00:00+00:00,6.38,-2.448,-2.304,-3.538,-3.33,138.9
2024-10-01 09:00:00+00:00,7.16,-1.754,-2.425,-2.536,-3.505,236.0
2024-10-01 10:00:00+00:00,5.08,-1.058,-2.286,-1.53,-3.304,289.7
2024-10-01 11:00:00+00:00,8.32,-1.033,-3.079,-1.493,-4.451,194.6
2024-10-01 12:00:00+00:00,6.58,-0.536,-2.815,-0.774,-4.069,278.7
2024-10-01 13:00:00+00:00,8.17,-0.188,-2.373,-0.272,-3.43,353.9
2024-10-01 14:00:00+00:00,9.8,0.148,-2.678,0.213,-3.871,336.3
2024-10-01 15:00:00+00:00,11.26,0.486,-2.395,0.703,-3.462,260.8
2024-10-01 16:00:00+00:00,7.58,0.465,-2.04,0.673,-2.949,162.3
2024-10-01 17:00:00+00:00,8.5,0.656,-1.839,0.948,-2.658,47.8
2024-10-01 18:00:00+00:00,8.91,1.165,-2.189,1.684,-3.164,0.0
2024-10-01 19:00:00+00:00,11.74,1.365,-1.719,1.973,-2.485,0.0
2024-10-01 20:00:00+00:00,15.05,1.649,-1.595,2.384,-2.305,0.0
2024-10-01 21:00:00+00:00,12.47,1.586,-1.166,2.293,-1.685,0.0
2024-10-01 22:00:00+00:00,12.81,1.218,-0.644,1.76,-0.93,0.0
2024-10-01 23:00:00+00:00,11.0,1.308,-0.314,1.891,-0.454,0.0
2024-10-02 00:00:00+00:00,11.72,1.98,-0.159,2.861,-0.229,0.0
2024-10-02 01:00:00+00:00,10.87,2.391,0.117,3.456,0.169,0.0
2024-10-02 02:00:00+00:00,10.28,2.763,0.371,3.994,0.536,0.0
2024-10-02 03:00:00+00:00,11.12,3.35,0.761,4.842,1.1,0.0
2024-10-02 04:00:00+00:00,12.56,3.261,1.155,4.713,1.669,0.0
2024-10-02 05:00:00+00:00,8.31,2.805,1.536,4.054,2.221,0.0
2024-10-02 06:00:00+00:00,8.95,2.307,1.494,3.335,2.159,0.0
2024-10-02 07:00:00+00:00,6.36,2.035,1.536,2.942,2.22,16.3
2024-10-02 08:00:00+00:00,3.54,1.671,1.556,2.415,2.249,34.3
2024-10-02 09:00:00+00:00,2.21,1.548,1.907,2.237,2.757,55.9
2024-10-02 10:00:00+00:00,1.96,0.988,1.499,1.429,2.167,72.5
2024-10-02 11:00:00+00:00,2.04,0.83,1.478,1.199,2.137,82.9
2024-10-02 12:00:00+00:00,1.61,0.892,1.978,1.289,2.859,86.5
2024-10-02 13:00:00+00:00,1.03,0.808,2.12,1.168,3.064,82.9
2024-10-02 14:00:00+00:00,1.91,0.65,2.031,0.939,2.936,72.5
2024-10-02 15:00:00+00:00,1.8,0.44,1.939,0.636,2.802,198.6
2024-10-02 16:00:00+00:00,2.66,0.298,1.742,0.431,2.518,77.1
2024-10-02 17:00:00+00:00,4.02,0.115,1.588,0.167,2.295,39.6
2024-10-02 18:00:00+00:00,5.45,-0.305,2.195,-0.441,3.173,0.0
2024-10-02 19:00:00+00:00,8.5,-0.528,1.553,-0.763,2.244,0.0
2024-10-02 20:00:00+00:00,10.22,-0.966,1.771,-1.397,2.56,0.0
2024-10-02 21:00:00+00:00,12.35,-1.335,1.652,-1.929,2.388,0.0
2024-10-02 22:00:00+00:00,11.87,-1.38,1.223,-1.995,1.767,0.0
2024-10-02 23:00:00+00:00,12.52,-1.257,0.801,-1.817,1.158,0.0
2024-10-03 00:00:00+00:00,13.25,-1.366,0.684,-1.975,0.988,0.0
2024-10-03 01:00:00+00:00,11.49,-1.206,0.398,-1.743,0.576,0.0
2024-10-03 02:00:00+00:00,12.29,-1.108,0.218,-1.601,0.315,0.0
2024-10-03 03:00:00+00:00,14.87,-1.302,0.173,-1.882,0.25,0.0
2024-10-03 04:00:00+00:00,12.35,-1.203,0.159,-1.738,0.23,0.0
2024-10-03 05:00:00+00:00,10.88,-1.312,0.165,-1.897,0.239,0.0
2024-10-03 06:00:00+00:00,13.07,-1.595,0.099,-2.305,0.143,0.0
2024-10-03 07:00:00+00:00,14.6,-1.655,0.08,-2.392,0.116,34.8
2024-10-03 08:00:00+00:00,14.92,-2.35,0.084,-3.397,0.121,149.2
2024-10-03 09:00:00+00:00,13.55,-3.36,0.309,-4.856,0.447,247.5
2024-10-03 10:00:00+00:00,11.61,-2.998,0.518,-4.334,0.749,322.9
2024-10-03 11:00:00+00:00,9.32,-2.888,0.612,-4.175,0.885,265.2
2024-10-03 12:00:00+00:00,7.71,-2.8,0.781,-4.047,1.129,185.1
2024-10-03 13:00:00+00:00,6.39,-3.329,1.155,-4.811,1.669,81.5
2024-10-03 14:00:00+00:00,8.41,-3.15,1.558,-4.553,2.252,80.0
2024-10-03 15:00:00+00:00,7.66,-3.322,2.134,-4.801,3.084,54.5
2024-10-03 16:00:00+00:00,10.38,-3.822,3.013,-5.524,4.354,32.8
2024-10-03 17:00:00+00:00,12.4,-2.775,2.982,-4.012,4.31,20.8
2024-10-03 18:00:00+00:00,10.69,-1.933,3.083,-2.794,4.457,0.0
2024-10-03 19:00:00+00:00,11.07,-1.664,3.936,-2.405,5.689,0.0
2024-10-03 20:00:00+00:00,10.13,-0.961,3.52,-1.39,5.088,0.0
2024-10-03 21:00:00+00:00,10.69,-0.214,3.53,-0.309,5.103,0.0
2024-10-03 22:00:00+00:00,14.32,0.491,4.083,0.709,5.902,0.0
2024-10-03 23:00:00+00:00,12.25,1.383,4.301,2.0,6.217,0.0
2024-10-04 00:00:00+00:00,13.0,2.064,3.321,2.983,4.8,0.0
2024-10-04 01:00:00+00:00,11.35,2.89,2.309,4.177,3.338,0.0
2024-10-04 02:00:00+00:00,9.61,3.238,1.01,4.68,1.46,0.0
2024-10-04 03:00:00+00:00,9.35,3.347,-0.34,4.837,-0.492,0.0
2024-10-04 04:00:00+00:00,6.53,3.444,-1.699,4.978,-2.455,0.0
2024-10-04 05:00:00+00:00,7.45,2.994,-3.216,4.328,-4.648,0.0
2024-10-04 06:00:00+00:00,8.93,1.558,-3.749,2.252,-5.419,0.0
2024-10-04 07:00:00+00:00,11.36,0.35,-4.97,0.506,-7.183,16.2
2024-10-04 08:00:00+00:00,11.8,-1.452,-4.924,-2.098,-7.118,75.4
2024-10-04 09:00:00+00:00,9.47,-2.788,-3.738,-4.031,-5.403,120.5
2024-10-04 10:00:00+00:00,6.93,-4.471,-3.052,-6.462,-4.411,131.7
2024-10-04 11:00:00+00:00,5.36,-5.542,-1.078,-8.01,-1.558,80.0
2024-10-04 12:00:00+00:00,6.42,-5.894,0.711,-8.52,1.028,83.6
2024-10-04 13:00:00+00:00,5.06,-4.771,2.106,-6.896,3.045,80.0
2024-10-04 14:00:00+00:00,6.13,-4.453,3.587,-6.437,5.184,69.6
2024-10-04 15:00:00+00:00,6.51,-3.587,4.76,-5.185,6.88,53.0
2024-10-04 16:00:00+00:00,7.28,-2.243,5.447,-3.241,7.873,31.4
2024-10-04 17:00:00+00:00,7.08,-1.11,5.843,-1.605,8.445,6.2
2024-10-04 18:00:00+00:00,9.71,0.484,6.081,0.7,8.79,0.0
2024-10-04 19:00:00+00:00,10.5,2.173,5.261,3.141,7.605,0.0
2024-10-04 20:00:00+00:00,12.81,3.784,4.492,5.469,6.493,0.0
2024-10-04 21:00:00+00:00,11.59,4.639,2.767,6.705,3.999,0.0
2024-10-04 22:00:00+00:00,7.69,7.567,1.088,10.938,1.573,0.0
2024-10-04 23:00:00+00:00,11.18,6.882,-2.115,9.947,-3.058,0.0
2024-10-05 00:00:00+00:00,12.09,5.231,-3.669,7.561,-5.304,0.0
2024-10-05 01:00:00+00:00,13.29,3.331,-4.253,4.815,-6.148,0.0
2024-10-05 02:00:00+00:00,11.4,1.903,-4.611,2.751,-6.665,0.0
2024-10-05 03:00:00+00:00,8.62,0.492,-4.346,0.712,-6.281,0.0
2024-10-05 04:00:00+00:00,7.74,-0.669,-4.176,-0.968,-6.036,0.0
2024-10-05 05:00:00+00:00,8.13,-1.994,-3.861,-2.882,-5.581,0.0
2024-10-05 06:00:00+00:00,4.78,-3.136,-3.01,-4.533,-4.35,0.0
2024-10-05 07:00:00+00:00,5.2,-3.918,-1.936,-5.663,-2.798,4.8
2024-10-05 08:00:00+00:00,6.17,-5.119,-1.059,-7.399,-1.531,30.0
2024-10-05 09:00:00+00:00,8.23,-4.658,0.264,-6.733,0.381,51.6
2024-10-05 10:00:00+00:00,8.31,-4.844,1.486,-7.002,2.148,68.1
2024-10-05 11:00:00+00:00,8.1,-3.857,2.821,-5.575,4.077,78.5
2024-10-05 12:00:00+00:00,8.15,-3.291,4.29,-4.757,6.201,114.8
2024-10-05 13:00:00+00:00,6.71,-2.238,7.16,-3.235,10.35,196.5
2024-10-05 14:00:00+00:00,6.4,-0.016,6.409,-0.023,9.263,309.7
2024-10-05 15:00:00+00:00,5.06,2.135,6.363,3.085,9.197,234.3
2024-10-05 16:00:00+00:00,4.73,3.65,5.311,5.276,7.677,119.6
2024-10-05 17:00:00+00:00,4.76,4.388,4.317,6.343,6.239,16.7
2024-10-05 18:00:00+00:00,8.6,4.21,2.807,6.085,4.057,0.0
2024-10-05 19:00:00+00:00,8.01,5.401,2.497,7.806,3.609,0.0
2024-10-05 20:00:00+00:00,8.9,6.28,1.53,9.077,2.212,0.0
2024-10-05 21:00:00+00:00,10.37,7.285,-0.066,10.53,-0.096,0.0
2024-10-05 22:00:00+00:00,7.14,7.828,-1.597,11.315,-2.309,0.0
2024-10-05 23:00:00+00:00,10.34,8.056,-4.03,11.645,-5.825,0.0
2024-10-06 00:00:00+00:00,10.16,6.974,-6.745,10.08,-9.749,0.0
2024-10-06 01:00:00+00:00,9.19,4.055,-7.531,5.861,-10.885,0.0
2024-10-06 02:00:00+00:00,7.6,1.142,-7.524,1.65,-10.876,0.0
2024-10-06 03:00:00+00:00,9.8,-1.658,-7.608,-2.397,-10.997,0.0
2024-10-06 04:00:00+00:00,9.74,-3.36,-5.496,-4.856,-7.945,0.0
2024-10-06 05:00:00+00:00,9.82,-5.713,-5.096,-8.258,-7.366,0.0
2024-10-06 06:00:00+00:00,7.83,-4.555,-2.076,-6.583,-3.001,0.0
2024-10-06 07:00:00+00:00,8.86,-4.727,-0.765,-6.832,-1.106,15.5
2024-10-06 08:00:00+00:00,7.99,-4.601,0.403,-6.65,0.583,129.7
2024-10-06 09:00:00+00:00,5.5,-4.023,1.625,-5.815,2.349,135.6
2024-10-06 10:00:00+00:00,5.32,-4.219,3.404,-6.098,4.92,135.3
2024-10-06 11:00:00+00:00,5.71,-3.112,4.734,-4.498,6.842,77.1
2024-10-06 12:00:00+00:00,7.7,-1.208,4.554,-1.746,6.583,80.6
2024-10-06 13:00:00+00:00,5.44,0.197,4.152,0.284,6.002,77.1
2024-10-06 14:00:00+00:00,5.36,1.222,3.351,1.766,4.843,74.0
2024-10-06 15:00:00+00:00,2.29,1.488,2.099,2.151,3.034,50.1
2024-10-06 16:00:00+00:00,1.57,1.706,1.281,2.466,1.851,32.2
2024-10-06 17:00:00+00:00,4.78,1.369,0.576,1.979,0.832,3.9
2024-10-06 18:00:00+00:00,4.85,1.62,0.151,2.342,0.218,0.0
2024-10-06 19:00:00+00:00,5.53,1.775,-0.214,2.566,-0.31,0.0
2024-10-06 20:00:00+00:00,8.21,2.027,-0.648,2.929,-0.936,0.0
2024-10-06 21:00:00+00:00,6.94,2.246,-1.332,3.246,-1.925,0.0
2024-10-06 22:00:00+00:00,9.69,1.828,-1.798,2.642,-2.599,0.0
2024-10-06 23:00:00+00:00,9.24,1.361,-2.118,1.967,-3.061,0.0
2024-10-07 00:00:00+00:00,9.46,0.773,-2.129,1.117,-3.078,0.0
2024-10-07 01:00:00+00:00,9.47,0.54,-2.695,0.78,-3.895,0.0
2024-10-07 02:00:00+00:00,7.7,0.254,-2.7,0.367,-3.902,0.0
2024-10-07 03:00:00+00:00,7.76,0.167,-3.02,0.241,-4.365,0.0
2024-10-07 04:00:00+00:00,6.61,0.477,-2.865,0.689,-4.141,0.0
2024-10-07 05:00:00+00:00,6.69,0.623,-2.952,0.901,-4.267,0.0
2024-10-07 06:00:00+00:00,7.42,1.027,-2.931,1.484,-4.237,0.0
2024-10-07 07:00:00+00:00,4.7,1.592,-3.374,2.301,-4.878,2.3
2024-10-07 08:00:00+00:00,2.07,1.983,-2.949,2.866,-4.263,27.1
2024-10-07 09:00:00+00:00,-2.43,2.614,-3.152,3.778,-4.556,48.7
2024-10-07 10:00:00+00:00,-4.3,3.187,-3.468,4.607,-5.012,65.2
2024-10-07 11:00:00+00:00,-5.71,3.064,-3.357,4.429,-4.852,75.6
2024-10-07 12:00:00+00:00,-3.12,2.242,-2.064,3.24,-2.983,79.2
2024-10-07 13:00:00+00:00,-4.75,3.494,-3.017,5.05,-4.361,75.6
2024-10-07 14:00:00+00:00,-2.47,3.788,-2.761,5.475,-3.99,65.2
2024-10-07 15:00:00+00:00,-3.65,3.224,-2.452,4.66,-3.544,48.7
2024-10-07 16:00:00+00:00,-1.08,2.877,-2.482,4.158,-3.588,27.1
2024-10-07 17:00:00+00:00,0.61,2.715,-2.535,3.924,-3.664,2.0
2024-10-07 18:00:00+00:00,3.33,1.877,-1.973,2.713,-2.851,0.0
2024-10-07 19:00:00+00:00,2.56,1.625,-2.628,2.349,-3.798,0.0
2024-10-07 20:00:00+00:00,3.56,1.153,-3.746,1.666,-5.415,0.0
2024-10-07 21:00:00+00:00,8.08,0.088,-3.609,0.127,-5.217,0.0
2024-10-07 22:00:00+00:00,8.06,-1.197,-3.09,-1.73,-4.466,0.0
2024-10-07 23:00:00+00:00,9.7,-2.192,-2.651,-3.169,-3.832,0.0
2024-10-08 00:00:00+00:00,5.22,-2.905,-1.9,-4.199,-2.746,0.0
2024-10-08 01:00:00+00:00,8.42,-3.259,-0.918,-4.711,-1.327,0.0
2024-10-08 02:00:00+00:00,7.63,-3.113,0.207,-4.499,0.299,0.0
2024-10-08 03:00:00+00:00,6.49,-2.651,1.133,-3.832,1.638,0.0
2024-10-08 04:00:00+00:00,5.14,-2.827,2.897,-4.086,4.188,0.0
2024-10-08 05:00:00+00:00,4.38,-1.411,3.172,-2.039,4.585,0.0
2024-10-08 06:00:00+00:00,3.27,-0.473,3.492,-0.683,5.047,0.0
2024-10-08 07:00:00+00:00,1.65,0.302,3.306,0.437,4.778,0.6
2024-10-08 08:00:00+00:00,0.38,0.685,3.2,0.99,4.625,25.7
2024-10-08 09:00:00+00:00,-0.49,1.392,3.773,2.011,5.454,47.2
2024-10-08 10:00:00+00:00,-2.29,1.713,3.546,2.476,5.126,63.8
2024-10-08 11:00:00+00:00,0.59,1.507,2.646,2.179,3.824,74.2
2024-10-08 12:00:00+00:00,-2.76,2.376,3.254,3.434,4.704,77.7
2024-10-08 13:00:00+00:00,-3.6,3.093,2.984,4.471,4.313,74.2
2024-10-08 14:00:00+00:00,-3.55,3.962,2.637,5.727,3.812,63.8
2024-10-08 15:00:00+00:00,-4.45,4.323,1.949,6.249,2.817,47.2
2024-10-08 16:00:00+00:00,-3.82,4.72,1.739,6.822,2.514,25.7
2024-10-08 17:00:00+00:00,-2.31,5.227,1.227,7.555,1.774,0.6
2024-10-08 18:00:00+00:00,-1.54,5.351,0.625,7.734,0.904,0.0
2024-10-08 19:00:00+00:00,-1.93,4.576,-0.227,6.615,-0.328,0.0
2024-10-08 20:00:00+00:00,-2.94,3.979,-0.724,5.752,-1.046,0.0
2024-10-08 21:00:00+00:00,-1.26,3.963,-1.524,5.728,-2.203,0.0
2024-10-08 22:00:00+00:00,0.03,3.073,-2.008,4.442,-2.903,0.0
2024-10-08 23:00:00+00:00,0.85,1.983,-2.319,2.866,-3.352,0.0
2024-10-09 00:00:00+00:00,3.54,1.437,-3.746,2.077,-5.414,0.0
2024-10-09 01:00:00+00:00,0.35,0.174,-4.295,0.252,-6.208,0.0
2024-10-09 02:00:00+00:00,-1.91,-1.232,-3.2,-1.781,-4.626,0.0
2024-10-09 03:00:00+00:00,0.04,-2.571,-2.668,-3.716,-3.856,0.0
2024-10-09 04:00:00+00:00,0.96,-3.286,-1.329,-4.75,-1.92,0.0
2024-10-09 05:00:00+00:00,2.5,-3.173,0.187,-4.586,0.271,0.0
2024-10-09 06:00:00+00:00,0.77,-3.156,2.123,-4.561,3.069,0.0
2024-10-09 07:00:00+00:00,1.5,-1.364,2.932,-1.971,4.238,0.0
2024-10-09 08:00:00+00:00,2.46,0.523,3.26,0.757,4.713,46.9
2024-10-09 09:00:00+00:00,1.85,2.611,2.603,3.774,3.762,45.8
2024-10-09 10:00:00+00:00,-0.59,3.349,0.693,4.841,1.002,163.5
2024-10-09 11:00:00+00:00,0.62,3.551,-1.687,5.133,-2.438,188.6
2024-10-09 12:00:00+00:00,-0.86,1.997,-3.774,2.886,-5.455,257.9
2024-10-09 13:00:00+00:00,-0.26,-0.646,-4.388,-0.934,-6.343,135.5
2024-10-09 14:00:00+00:00,-1.96,-3.166,-3.317,-4.576,-4.794,218.4
2024-10-09 15:00:00+00:00,-1.14,-5.285,-1.204,-7.639,-1.74,145.0
2024-10-09 16:00:00+00:00,-3.51,-5.891,1.97,-8.514,2.848,78.7
2024-10-09 17:00:00+00:00,-3.73,-3.528,3.776,-5.1,5.458,0.0
2024-10-09 18:00:00+00:00,-1.39,-1.465,6.359,-2.118,9.191,0.0
2024-10-09 19:00:00+00:00,2.79,2.133,6.019,3.083,8.7,0.0
2024-10-09 20:00:00+00:00,3.34,5.461,5.303,7.894,7.664,0.0
2024-10-09 21:00:00+00:00,2.77,6.862,1.881,9.919,2.718,0.0
2024-10-09 22:00:00+00:00,1.52,6.863,-1.479,9.92,-2.138,0.0
2024-10-09 23:00:00+00:00,1.19,7.074,-5.5,10.225,-7.949,0.0
2024-10-10 00:00:00+00:00,3.22,4.105,-8.265,5.933,-11.946,0.0
2024-10-10 01:00:00+00:00,-1.16,0.614,-9.918,0.887,-14.336,0.0
2024-10-10 02:00:00+00:00,-2.92,-2.733,-7.431,-3.95,-10.741,0.0
2024-10-10 03:00:00+00:00,-1.01,-4.345,-4.753,-6.28,-6.87,0.0
2024-10-10 04:00:00+00:00,-6.8,-7.254,-3.932,-10.485,-5.684,0.0
2024-10-10 05:00:00+00:00,-7.35,-6.803,-1.673,-9.834,-2.418,0.0
2024-10-10 06:00:00+00:00,-7.5,-6.21,0.05,-8.977,0.072,0.0
2024-10-10 07:00:00+00:00,-7.44,-5.355,1.235,-7.74,1.785,0.0
2024-10-10 08:00:00+00:00,-5.55,-6.407,3.197,-9.262,4.62,104.1
2024-10-10 09:00:00+00:00,-3.8,-6.717,5.898,-9.709,8.526,161.8
2024-10-10 10:00:00+00:00,-3.77,-4.681,6.601,-6.766,9.541,276.8
2024-10-10 11:00:00+00:00,-2.16,-2.521,6.44,-3.644,9.308,324.0
2024-10-10 12:00:00+00:00,-4.58,-0.76,6.277,-1.099,9.073,340.0
2024-10-10 13:00:00+00:00,-2.65,0.675,7.101,0.976,10.264,324.0
2024-10-10 14:00:00+00:00,-4.89,2.144,6.977,3.099,10.085,262.4
2024-10-10 15:00:00+00:00,-2.14,3.303,6.436,4.775,9.302,120.3
2024-10-10 16:00:00+00:00,-1.56,3.567,4.631,5.156,6.694,22.9
2024-10-10 17:00:00+00:00,-0.48,4.23,3.852,6.114,5.568,0.0
2024-10-10 18:00:00+00:00,0.33,4.463,2.588,6.452,3.741,0.0
2024-10-10 19:00:00+00:00,1.41,5.933,2.056,8.575,2.971,0.0
2024-10-10 20:00:00+00:00,3.45,6.323,0.84,9.139,1.214,0.0
2024-10-10 21:00:00+00:00,4.54,5.279,-0.45,7.63,-0.651,0.0
2024-10-10 22:00:00+00:00,3.73,4.898,-1.451,7.08,-2.098,0.0
2024-10-10 23:00:00+00:00,5.06,5.917,-2.767,8.553,-4.0,0.0
2024-10-11 00:00:00+00:00,6.07,6.895,-4.812,9.967,-6.956,0.0
2024-10-11 01:00:00+00:00,7.37,5.909,-5.812,8.541,-8.402,0.0
2024-10-11 02:00:00+00:00,9.51,3.96,-6.493,5.724,-9.385,0.0
2024-10-11 03:00:00+00:00,9.84,2.36,-7.368,3.412,-10.65,0.0
2024-10-11 04:00:00+00:00,8.44,0.078,-8.458,0.112,-12.226,0.0
2024-10-11 05:00:00+00:00,8.05,-2.195,-7.798,-3.173,-11.271,0.0
2024-10-11 06:00:00+00:00,5.54,-3.495,-4.605,-5.051,-6.656,0.0
2024-10-11 07:00:00+00:00,6.88,-5.6,-3.845,-8.095,-5.557,0.0
2024-10-11 08:00:00+00:00,7.97,-6.955,-1.55,-10.053,-2.24,85.7
2024-10-11 09:00:00+00:00,7.72,-6.215,1.041,-8.984,1.504,144.2
2024-10-11 10:00:00+00:00,7.04,-5.603,3.645,-8.099,5.268,250.7
2024-10-11 11:00:00+00:00,7.2,-3.901,5.369,-5.639,7.761,291.2
2024-10-11 12:00:00+00:00,3.47,-1.356,6.145,-1.96,8.882,280.1
2024-10-11 13:00:00+00:00,5.39,1.087,4.42,1.571,6.389,298.7
2024-10-11 14:00:00+00:00,5.44,3.015,3.875,4.359,5.601,270.3
2024-10-11 15:00:00+00:00,5.1,4.082,2.381,5.9,3.442,157.8
2024-10-11 16:00:00+00:00,6.4,4.988,0.319,7.209,0.461,97.7
2024-10-11 17:00:00+00:00,8.45,4.504,-2.359,6.51,-3.41,0.0
2024-10-11 18:00:00+00:00,10.08,2.703,-3.857,3.908,-5.575,0.0
2024-10-11 19:00:00+00:00,9.22,0.848,-4.85,1.226,-7.01,0.0
2024-10-11 20:00:00+00:00,10.01,-1.043,-5.058,-1.508,-7.311,0.0
2024-10-11 21:00:00+00:00,12.0,-2.659,-4.455,-3.843,-6.439,0.0
2024-10-11 22:00:00+00:00,13.24,-4.49,-3.606,-6.489,-5.212,0.0
2024-10-11 23:00:00+00:00,14.03,-5.239,-1.915,-7.573,-2.767,0.0
2024-10-12 00:00:00+00:00,13.24,-6.703,-0.646,-9.689,-0.934,0.0
2024-10-12 01:00:00+00:00,11.0,-7.959,0.485,-11.504,0.702,0.0
2024-10-12 02:00:00+00:00,10.98,-6.822,1.817,-9.861,2.626,0.0
2024-10-12 03:00:00+00:00,10.62,-6.37,3.583,-9.207,5.179,0.0
2024-10-12 04:00:00+00:00,10.04,-5.043,5.734,-7.289,8.288,0.0
2024-10-12 05:00:00+00:00,10.83,-2.098,6.474,-3.033,9.358,0.0
2024-10-12 06:00:00+00:00,10.38,1.118,7.872,1.615,11.378,0.0
2024-10-12 07:00:00+00:00,9.48,3.997,6.46,5.778,9.338,0.0
2024-10-12 08:00:00+00:00,6.13,5.433,4.375,7.854,6.324,76.0
2024-10-12 09:00:00+00:00,4.07,7.734,2.534,11.179,3.663,150.6
2024-10-12 10:00:00+00:00,4.89,9.201,-0.391,13.3,-0.565,161.9
2024-10-12 11:00:00+00:00,5.22,6.692,-3.174,9.673,-4.587,181.7
2024-10-12 12:00:00+00:00,3.49,4.109,-4.372,5.94,-6.319,275.7
2024-10-12 13:00:00+00:00,3.85,3.001,-6.364,4.338,-9.199,198.7
2024-10-12 14:00:00+00:00,3.27,0.296,-6.892,0.428,-9.962,161.9
2024-10-12 15:00:00+00:00,3.32,-2.538,-6.548,-3.668,-9.464,109.7
2024-10-12 16:00:00+00:00,4.93,-4.412,-5.157,-6.378,-7.455,34.9
2024-10-12 17:00:00+00:00,5.49,-8.146,-4.341,-11.775,-6.275,0.0
2024-10-12 18:00:00+00:00,5.77,-8.504,-0.55,-12.293,-0.794,0.0
2024-10-12 19:00:00+00:00,6.16,-7.434,2.689,-10.745,3.887,0.0
2024-10-12 20:00:00+00:00,6.81,-5.228,5.393,-7.557,7.796,0.0
2024-10-12 21:00:00+00:00,5.83,-2.172,6.127,-3.139,8.856,0.0
2024-10-12 22:00:00+00:00,7.0,0.774,6.048,1.118,8.742,0.0
2024-10-12 23:00:00+00:00,7.56,3.148,5.075,4.55,7.335,0.0
2024-10-13 00:00:00+00:00,8.39,4.004,2.904,5.788,4.198,0.0
2024-10-13 01:00:00+00:00,9.11,4.014,0.632,5.802,0.914,0.0
2024-10-13 02:00:00+00:00,7.68,3.441,-1.178,4.974,-1.703,0.0
2024-10-13 03:00:00+00:00,9.83,2.47,-2.505,3.57,-3.621,0.0
2024-10-13 04:00:00+00:00,7.14,0.881,-3.616,1.274,-5.227,0.0
2024-10-13 05:00:00+00:00,5.9,-1.386,-4.139,-2.004,-5.982,0.0
2024-10-13 06:00:00+00:00,6.77,-3.869,-2.961,-5.593,-4.279,0.0
2024-10-13 07:00:00+00:00,4.4,-3.72,-0.616,-5.377,-0.89,0.0
2024-10-13 08:00:00+00:00,2.11,-3.648,1.512,-5.273,2.185,36.7
2024-10-13 09:00:00+00:00,1.22,-1.983,3.027,-2.866,4.376,105.9
2024-10-13 10:00:00+00:00,3.15,0.154,3.487,0.223,5.04,152.4
2024-10-13 11:00:00+00:00,5.87,1.945,2.522,2.811,3.646,102.3
2024-10-13 12:00:00+00:00,5.56,3.81,1.224,5.507,1.769,70.5
2024-10-13 13:00:00+00:00,4.84,6.552,-1.75,9.47,-2.53,67.0
2024-10-13 14:00:00+00:00,1.34,3.91,-4.255,5.651,-6.15,72.5
2024-10-13 15:00:00+00:00,-0.46,0.803,-4.857,1.16,-7.021,78.0
2024-10-13 16:00:00+00:00,-0.52,-2.048,-5.512,-2.96,-7.967,47.4
2024-10-13 17:00:00+00:00,0.83,-4.291,-3.545,-6.203,-5.123,0.0
2024-10-13 18:00:00+00:00,2.94,-5.401,-1.364,-7.807,-1.972,0.0
2024-10-13 19:00:00+00:00,4.71,-4.589,1.014,-6.632,1.466,0.0
2024-10-13 20:00:00+00:00,5.37,-3.461,3.174,-5.003,4.588,0.0
2024-10-13 21:00:00+00:00,6.17,-1.107,3.971,-1.6,5.74,0.0
2024-10-13 22:00:00+00:00,7.99,0.871,3.556,1.259,5.139,0.0
2024-10-13 23:00:00+00:00,8.64,3.558,3.491,5.143,5.046,0.0
2024-10-14 00:00:00+00:00,10.4,6.455,1.917,9.33,2.771,0.0
2024-10-14 01:00:00+00:00,10.46,7.268,-1.807,10.505,-2.612,0.0
2024-10-14 02:00:00+00:00,9.57,5.36,-6.094,7.748,-8.808,0.0
2024-10-14 03:00:00+00:00,14.0,0.361,-7.692,0.522,-11.118,0.0
2024-10-14 04:00:00+00:00,14.57,-4.283,-5.794,-6.191,-8.374,0.0
2024-10-14 05:00:00+00:00,13.54,-6.488,-1.607,-9.378,-2.323,0.0
2024-10-14 06:00:00+00:00,11.45,-6.293,2.896,-9.096,4.186,0.0
2024-10-14 07:00:00+00:00,10.33,-3.274,5.822,-4.733,8.415,0.0
2024-10-14 08:00:00+00:00,8.01,0.606,5.943,0.877,8.591,79.0
2024-10-14 09:00:00+00:00,4.84,3.985,4.619,5.76,6.676,176.3
2024-10-14 10:00:00+00:00,5.01,5.032,1.487,7.274,2.15,251.0
2024-10-14 11:00:00+00:00,5.73,5.014,-1.871,7.248,-2.705,238.5
2024-10-14 12:00:00+00:00,4.51,2.646,-4.61,3.824,-6.664,255.9
2024-10-14 13:00:00+00:00,3.55,-0.691,-5.765,-0.998,-8.333,116.0
2024-10-14 14:00:00+00:00,3.24,-3.799,-4.234,-5.492,-6.12,129.3
2024-10-14 15:00:00+00:00,4.8,-5.346,-0.885,-7.728,-1.279,132.4
2024-10-14 16:00:00+00:00,4.02,-4.57,2.201,-6.606,3.181,79.0
2024-10-14 17:00:00+00:00,6.48,-1.809,4.509,-2.614,6.518,0.0
2024-10-14 18:00:00+00:00,8.97,1.237,3.758,1.789,5.431,0.0
2024-10-14 19:00:00+00:00,10.82,4.284,2.712,6.192,3.919,0.0
2024-10-14 20:00:00+00:00,9.38,4.814,-0.335,6.958,-0.485,0.0
2024-10-14 21:00:00+00:00,9.24,3.249,-2.494,4.696,-3.605,0.0
2024-10-14 22:00:00+00:00,10.26,1.338,-4.092,1.934,-5.915,0.0
2024-10-14 23:00:00+00:00,9.22,-1.185,-5.226,-1.712,-7.554,0.0
2024-10-15 00:00:00+00:00,11.5,-3.692,-3.812,-5.336,-5.509,0.0
2024-10-15 01:00:00+00:00,11.33,-4.383,-1.219,-6.335,-1.762,0.0
2024-10-15 02:00:00+00:00,11.07,-4.56,1.163,-6.592,1.682,0.0
2024-10-15 03:00:00+00:00,12.74,-3.502,3.374,-5.061,4.877,0.0
2024-10-15 04:00:00+00:00,11.46,-1.216,4.478,-1.758,6.472,0.0
2024-10-15 05:00:00+00:00,10.64,1.419,5.202,2.051,7.52,0.0
2024-10-15 06:00:00+00:00,9.54,4.337,3.511,6.269,5.075,0.0
2024-10-15 07:00:00+00:00,9.79,5.745,0.391,8.304,0.565,0.0
2024-10-15 08:00:00+00:00,10.35,6.369,-3.37,9.206,-4.871,31.1
2024-10-15 09:00:00+00:00,8.2,3.092,-6.692,4.469,-9.672,56.7
2024-10-15 10:00:00+00:00,6.26,-1.376,-6.425,-1.989,-9.287,244.0
2024-10-15 11:00:00+00:00,5.51,-4.583,-4.413,-6.624,-6.379,280.7
2024-10-15 12:00:00+00:00,6.61,-8.822,-1.706,-12.752,-2.466,307.6
2024-10-15 13:00:00+00:00,4.42,-6.77,3.446,-9.785,4.982,291.6
2024-10-15 14:00:00+00:00,4.32,-2.586,7.676,-3.737,11.096,244.7
2024-10-15 15:00:00+00:00,7.05,3.861,7.697,5.581,11.126,170.1
2024-10-15 16:00:00+00:00,5.73,8.673,2.517,12.536,3.638,72.8
2024-10-15 17:00:00+00:00,5.74,6.291,-3.928,9.093,-5.678,0.0
2024-10-15 18:00:00+00:00,4.07,0.572,-8.22,0.826,-11.881,0.0
2024-10-15 19:00:00+00:00,5.06,-4.883,-4.922,-7.059,-7.115,0.0
2024-10-15 20:00:00+00:00,4.33,-6.85,0.251,-9.901,0.363,0.0
2024-10-15 21:00:00+00:00,4.1,-5.271,5.907,-7.619,8.539,0.0
2024-10-15 22:00:00+00:00,3.85,0.138,7.198,0.199,10.404,0.0
2024-10-15 23:00:00+00:00,5.78,4.679,5.535,6.763,8.0,0.0
2024-10-16 00:00:00+00:00,4.4,7.404,1.772,10.703,2.561,0.0
2024-10-16 01:00:00+00:00,7.75,7.667,-3.118,11.082,-4.507,0.0
2024-10-16 02:00:00+00:00,5.88,5.02,-8.21,7.256,-11.867,0.0
2024-10-16 03:00:00+00:00,6.05,-1.292,-8.709,-1.868,-12.588,0.0
2024-10-16 04:00:00+00:00,4.79,-5.902,-6.123,-8.531,-8.851,0.0
2024-10-16 05:00:00+00:00,6.17,-8.875,-1.57,-12.828,-2.27,0.0
2024-10-16 06:00:00+00:00,8.0,-7.915,3.495,-11.441,5.053,0.0
2024-10-16 07:00:00+00:00,7.16,-4.498,7.619,-6.502,11.013,0.0
2024-10-16 08:00:00+00:00,5.39,0.493,6.673,0.712,9.645,14.7
2024-10-16 09:00:00+00:00,5.66,5.075,6.044,7.336,8.737,36.0
2024-10-16 10:00:00+00:00,4.83,6.777,1.932,9.796,2.793,52.4
2024-10-16 11:00:00+00:00,1.82,7.375,-2.29,10.66,-3.311,84.3
2024-10-16 12:00:00+00:00,1.37,4.071,-4.143,5.885,-5.989,86.8
2024-10-16 13:00:00+00:00,2.45,0.711,-4.482,1.027,-6.478,138.3
2024-10-16 14:00:00+00:00,3.09,-2.088,-3.359,-3.017,-4.855,181.4
2024-10-16 15:00:00+00:00,2.53,-4.057,-1.505,-5.864,-2.176,91.8
2024-10-16 16:00:00+00:00,2.61,-3.981,1.009,-5.755,1.459,34.7
2024-10-16 17:00:00+00:00,7.4,-3.595,3.379,-5.197,4.884,0.0
2024-10-16 18:00:00+00:00,7.03,-1.894,4.995,-2.738,7.22,0.0
2024-10-16 19:00:00+00:00,8.39,0.474,5.463,0.685,7.896,0.0
2024-10-16 20:00:00+00:00,8.64,2.506,4.056,3.623,5.863,0.0
2024-10-16 21:00:00+00:00,7.63,4.73,2.677,6.837,3.869,0.0
2024-10-16 22:00:00+00:00,7.7,4.405,0.247,6.367,0.357,0.0
2024-10-16 23:00:00+00:00,6.53,3.845,-1.793,5.558,-2.592,0.0
2024-10-17 00:00:00+00:00,5.54,3.392,-3.599,4.903,-5.202,0.0
2024-10-17 01:00:00+00:00,9.3,1.924,-5.124,2.78,-7.407,0.0
2024-10-17 02:00:00+00:00,8.78,-0.129,-5.332,-0.187,-7.707,0.0
2024-10-17 03:00:00+00:00,7.73,-1.876,-5.59,-2.712,-8.08,0.0
2024-10-17 04:00:00+00:00,5.88,-4.352,-5.138,-6.29,-7.427,0.0
2024-10-17 05:00:00+00:00,8.19,-5.334,-2.496,-7.71,-3.607,0.0
2024-10-17 06:00:00+00:00,6.22,-5.486,-0.018,-7.93,-0.027,0.0
2024-10-17 07:00:00+00:00,2.47,-5.595,2.232,-8.088,3.227,0.0
2024-10-17 08:00:00+00:00,2.05,-5.063,5.184,-7.318,7.493,13.3
2024-10-17 09:00:00+00:00,0.04,-3.161,6.069,-4.569,8.773,34.7
2024-10-17 10:00:00+00:00,0.43,-0.915,5.003,-1.323,7.232,51.1
2024-10-17 11:00:00+00:00,0.32,0.336,4.987,0.486,7.208,86.6
2024-10-17 12:00:00+00:00,-0.41,1.237,4.43,1.788,6.404,187.0
2024-10-17 13:00:00+00:00,-0.67,2.203,4.134,3.185,5.975,173.5
2024-10-17 14:00:00+00:00,-0.21,3.616,4.344,5.226,6.28,110.3
2024-10-17 15:00:00+00:00,0.66,4.357,3.605,6.297,5.211,157.7
2024-10-17 16:00:00+00:00,0.01,4.203,2.318,6.076,3.351,60.4
2024-10-17 17:00:00+00:00,-1.36,4.637,1.759,6.702,2.542,0.0
2024-10-17 18:00:00+00:00,0.35,5.23,1.049,7.56,1.517,0.0
2024-10-17 19:00:00+00:00,-0.99,4.51,0.457,6.519,0.66,0.0
2024-10-17 20:00:00+00:00,-1.28,3.688,-0.075,5.33,-0.108,0.0
2024-10-17 21:00:00+00:00,1.73,3.672,-0.322,5.308,-0.466,0.0
2024-10-17 22:00:00+00:00,1.37,4.27,-0.7,6.172,-1.011,0.0
2024-10-17 23:00:00+00:00,2.69,4.358,-0.821,6.3,-1.186,0.0
2024-10-18 00:00:00+00:00,2.55,4.842,-0.997,6.999,-1.44,0.0
2024-10-18 01:00:00+00:00,1.17,6.432,-0.748,9.297,-1.081,0.0
2024-10-18 02:00:00+00:00,1.88,6.279,0.296,9.076,0.428,0.0
2024-10-18 03:00:00+00:00,0.15,6.506,1.393,9.404,2.013,0.0
2024-10-18 04:00:00+00:00,-0.76,5.312,2.224,7.678,3.214,0.0
2024-10-18 05:00:00+00:00,-1.08,5.353,3.385,7.737,4.893,0.0
2024-10-18 06:00:00+00:00,0.02,3.872,3.52,5.596,5.088,0.0
2024-10-18 07:00:00+00:00,2.69,4.259,5.355,6.156,7.74,0.0
2024-10-18 08:00:00+00:00,0.29,4.26,7.029,6.158,10.16,12.8
2024-10-18 09:00:00+00:00,-0.75,3.146,6.348,4.548,9.176,58.7
2024-10-18 10:00:00+00:00,-0.13,2.725,7.529,3.938,10.882,207.8
2024-10-18 11:00:00+00:00,1.06,1.394,6.956,2.015,10.055,219.5
2024-10-18 12:00:00+00:00,1.59,0.413,8.06,0.597,11.651,111.1
2024-10-18 13:00:00+00:00,1.75,-0.949,6.387,-1.371,9.232,117.8
2024-10-18 14:00:00+00:00,-3.49,-3.13,7.269,-4.524,10.507,98.9
2024-10-18 15:00:00+00:00,-4.76,-5.599,6.123,-8.093,8.851,108.4
2024-10-18 16:00:00+00:00,-5.13,-6.704,3.584,-9.69,5.181,32.8
2024-10-18 17:00:00+00:00,-1.66,-7.425,1.589,-10.732,2.296,0.0
2024-10-18 18:00:00+00:00,-1.28,-6.833,-0.763,-9.877,-1.103,0.0
2024-10-18 19:00:00+00:00,2.5,-7.742,-4.169,-11.191,-6.026,0.0
2024-10-18 20:00:00+00:00,4.25,-4.985,-6.444,-7.205,-9.315,0.0
2024-10-18 21:00:00+00:00,5.38,-3.045,-8.642,-4.401,-12.491,0.0
2024-10-18 22:00:00+00:00,6.72,-1.009,-8.409,-1.458,-12.154,0.0
2024-10-18 23:00:00+00:00,5.05,1.329,-10.992,1.921,-15.888,0.0
2024-10-19 00:00:00+00:00,3.48,3.837,-10.615,5.546,-15.343,0.0
2024-10-19 01:00:00+00:00,0.61,5.617,-9.102,8.118,-13.157,0.0
2024-10-19 02:00:00+00:00,0.83,6.64,-6.509,9.597,-9.409,0.0
2024-10-19 03:00:00+00:00,3.02,6.753,-4.108,9.761,-5.938,0.0
2024-10-19 04:00:00+00:00,0.56,7.464,-2.612,10.788,-3.775,0.0
2024-10-19 05:00:00+00:00,-0.69,8.542,-1.112,12.347,-1.608,0.0
2024-10-19 06:00:00+00:00,-1.28,6.781,0.301,9.802,0.436,0.0
2024-10-19 07:00:00+00:00,-1.0,5.855,1.386,8.464,2.003,0.0
2024-10-19 08:00:00+00:00,1.31,6.312,2.799,9.123,4.045,20.0
2024-10-19 09:00:00+00:00,2.33,5.023,3.871,7.26,5.595,113.0
2024-10-19 10:00:00+00:00,2.71,4.428,6.117,6.4,8.841,193.7
2024-10-19 11:00:00+00:00,2.24,3.022,7.391,4.369,10.683,186.1
2024-10-19 12:00:00+00:00,3.36,1.517,6.716,2.192,9.707,261.2
2024-10-19 13:00:00+00:00,2.63,0.503,6.6,0.727,9.54,167.3
2024-10-19 14:00:00+00:00,0.39,-0.398,5.494,-0.575,7.941,138.1
2024-10-19 15:00:00+00:00,0.65,-1.594,6.361,-2.304,9.195,46.1
2024-10-19 16:00:00+00:00,-0.76,-2.782,6.453,-4.021,9.328,10.7
2024-10-19 17:00:00+00:00,0.65,-3.294,4.375,-4.762,6.324,0.0
2024-10-19 18:00:00+00:00,3.03,-4.221,3.301,-6.101,4.772,0.0
2024-10-19 19:00:00+00:00,1.41,-5.848,2.767,-8.453,3.999,0.0
2024-10-19 20:00:00+00:00,2.21,-6.07,1.416,-8.774,2.046,0.0
2024-10-19 21:00:00+00:00,2.14,-6.241,0.375,-9.02,0.543,0.0
2024-10-19 22:00:00+00:00,1.99,-5.597,-0.696,-8.091,-1.006,0.0
2024-10-19 23:00:00+00:00,0.42,-4.669,-1.434,-6.749,-2.073,0.0
2024-10-20 00:00:00+00:00,1.21,-4.157,-1.832,-6.009,-2.648,0.0
2024-10-20 01:00:00+00:00,1.79,-3.476,-1.938,-5.024,-2.802,0.0
2024-10-20 02:00:00+00:00,1.83,-2.844,-1.865,-4.111,-2.696,0.0
2024-10-20 03:00:00+00:00,2.21,-3.623,-3.175,-5.236,-4.59,0.0
2024-10-20 04:00:00+00:00,3.38,-3.216,-4.297,-4.649,-6.211,0.0
2024-10-20 05:00:00+00:00,6.85,-2.964,-6.276,-4.284,-9.072,0.0
2024-10-20 06:00:00+00:00,8.4,-1.321,-5.645,-1.91,-8.159,0.0
2024-10-20 07:00:00+00:00,8.58,0.29,-6.049,0.419,-8.744,0.0
2024-10-20 08:00:00+00:00,5.91,1.915,-5.728,2.767,-8.28,31.9
2024-10-20 09:00:00+00:00,4.09,2.958,-5.009,4.276,-7.241,97.4
2024-10-20 10:00:00+00:00,1.47,3.868,-3.82,5.591,-5.522,169.4
2024-10-20 11:00:00+00:00,2.65,5.237,-2.594,7.569,-3.75,157.1
2024-10-20 12:00:00+00:00,3.39,5.336,-0.486,7.713,-0.702,189.0
2024-10-20 13:00:00+00:00,3.9,5.079,1.779,7.341,2.572,236.8
2024-10-20 14:00:00+00:00,5.13,4.542,3.358,6.565,4.854,213.6
2024-10-20 15:00:00+00:00,6.82,3.065,4.476,4.43,6.47,139.4
2024-10-20 16:00:00+00:00,5.29,1.46,5.538,2.111,8.004,42.8
2024-10-20 17:00:00+00:00,7.66,-0.697,8.01,-1.008,11.578,0.0
2024-10-20 18:00:00+00:00,4.26,-2.937,7.498,-4.245,10.838,0.0
2024-10-20 19:00:00+00:00,1.44,-3.885,6.4,-5.616,9.251,0.0
2024-10-20 20:00:00+00:00,0.37,-5.548,5.99,-8.019,8.658,0.0
2024-10-20 21:00:00+00:00,3.98,-5.405,3.746,-7.812,5.414,0.0
2024-10-20 22:00:00+00:00,5.92,-4.192,1.891,-6.059,2.733,0.0
2024-10-20 23:00:00+00:00,6.95,-5.542,1.624,-8.011,2.347,0.0
2024-10-21 00:00:00+00:00,6.97,-6.339,0.793,-9.163,1.146,0.0
2024-10-21 01:00:00+00:00,7.14,-4.474,0.012,-6.467,0.017,0.0
2024-10-21 02:00:00+00:00,8.32,-4.104,-0.403,-5.933,-0.583,0.0
2024-10-21 03:00:00+00:00,8.11,-4.573,-0.705,-6.61,-1.019,0.0
2024-10-21 04:00:00+00:00,8.11,-5.241,-1.391,-7.575,-2.01,0.0
2024-10-21 05:00:00+00:00,7.08,-4.841,-1.867,-6.998,-2.699,0.0
2024-10-21 06:00:00+00:00,6.92,-4.561,-2.725,-6.592,-3.939,0.0
2024-10-21 07:00:00+00:00,6.43,-3.739,-3.533,-5.404,-5.107,0.0
2024-10-21 08:00:00+00:00,5.07,-2.5,-3.844,-3.613,-5.556,32.7
2024-10-21 09:00:00+00:00,3.05,-1.156,-4.128,-1.671,-5.967,133.4
2024-10-21 10:00:00+00:00,2.71,0.148,-3.861,0.214,-5.581,207.5
2024-10-21 11:00:00+00:00,2.83,1.447,-3.479,2.092,-5.029,254.1
2024-10-21 12:00:00+00:00,0.62,2.701,-2.865,3.905,-4.142,270.0
2024-10-21 13:00:00+00:00,0.73,3.826,-1.732,5.53,-2.503,254.1
2024-10-21 14:00:00+00:00,-0.77,3.52,-0.031,5.087,-0.045,207.5
2024-10-21 15:00:00+00:00,-3.67,3.837,1.612,5.546,2.33,133.4
2024-10-21 16:00:00+00:00,-0.25,2.671,2.311,3.86,3.341,36.9
2024-10-21 17:00:00+00:00,-3.13,2.478,3.543,3.582,5.121,0.0
2024-10-21 18:00:00+00:00,-2.2,1.889,4.918,2.73,7.109,0.0
2024-10-21 19:00:00+00:00,-0.8,0.819,5.02,1.184,7.256,0.0
2024-10-21 20:00:00+00:00,1.6,0.058,4.324,0.084,6.25,0.0
2024-10-21 21:00:00+00:00,0.72,-0.5,3.417,-0.723,4.938,0.0
2024-10-21 22:00:00+00:00,3.44,-1.052,3.732,-1.52,5.395,0.0
2024-10-21 23:00:00+00:00,4.64,-1.414,4.671,-2.044,6.752,0.0
2024-10-22 00:00:00+00:00,3.84,-0.947,4.331,-1.368,6.26,0.0
2024-10-22 01:00:00+00:00,2.4,-1.145,6.276,-1.655,9.072,0.0
2024-10-22 02:00:00+00:00,2.26,-0.88,5.232,-1.272,7.563,0.0
2024-10-22 03:00:00+00:00,3.24,-1.038,6.134,-1.501,8.866,0.0
2024-10-22 04:00:00+00:00,4.63,-0.811,5.612,-1.173,8.111,0.0
2024-10-22 05:00:00+00:00,3.7,-0.486,5.026,-0.702,7.265,0.0
2024-10-22 06:00:00+00:00,3.92,-0.424,5.319,-0.612,7.688,0.0
2024-10-22 07:00:00+00:00,4.37,-0.568,4.98,-0.821,7.198,0.0
2024-10-22 08:00:00+00:00,3.63,-0.907,5.684,-1.311,8.216,12.2
2024-10-22 09:00:00+00:00,1.96,-1.023,5.493,-1.479,7.94,36.5
2024-10-22 10:00:00+00:00,1.33,-0.69,6.426,-0.998,9.288,60.0
2024-10-22 11:00:00+00:00,-3.49,0.221,6.702,0.319,9.687,147.5
2024-10-22 12:00:00+00:00,-2.95,0.89,6.335,1.287,9.157,149.5
2024-10-22 13:00:00+00:00,-2.19,1.651,6.289,2.386,9.091,70.0
2024-10-22 14:00:00+00:00,-1.51,2.56,6.636,3.701,9.591,44.3
2024-10-22 15:00:00+00:00,-1.25,3.229,5.603,4.667,8.099,28.1
2024-10-22 16:00:00+00:00,-3.82,4.346,5.734,6.282,8.288,6.8
2024-10-22 17:00:00+00:00,-3.69,5.047,5.111,7.295,7.388,0.0
2024-10-22 18:00:00+00:00,-2.15,6.243,4.883,9.024,7.058,0.0
2024-10-22 19:00:00+00:00,-3.66,8.921,4.995,12.895,7.22,0.0
2024-10-22 20:00:00+00:00,-1.61,8.572,4.193,12.391,6.061,0.0
2024-10-22 21:00:00+00:00,-0.17,9.473,4.14,13.692,5.985,0.0
2024-10-22 22:00:00+00:00,0.56,8.181,2.941,11.826,4.251,0.0
2024-10-22 23:00:00+00:00,1.1,9.829,3.477,14.207,5.026,0.0
2024-10-23 00:00:00+00:00,1.28,8.048,2.474,11.634,3.576,0.0
2024-10-23 01:00:00+00:00,2.53,7.141,1.837,10.322,2.655,0.0
2024-10-23 02:00:00+00:00,1.95,6.793,1.197,9.818,1.731,0.0
2024-10-23 03:00:00+00:00,2.58,5.696,0.481,8.234,0.695,0.0
2024-10-23 04:00:00+00:00,3.25,6.086,0.809,8.797,1.169,0.0
2024-10-23 05:00:00+00:00,-1.0,6.659,0.98,9.625,1.416,0.0
2024-10-23 06:00:00+00:00,-0.38,5.928,1.057,8.569,1.528,0.0
2024-10-23 07:00:00+00:00,-1.34,5.146,0.784,7.438,1.133,0.0
2024-10-23 08:00:00+00:00,-2.15,5.035,0.884,7.277,1.277,5.6
2024-10-23 09:00:00+00:00,-3.87,4.553,1.129,6.58,1.632,26.8
2024-10-23 10:00:00+00:00,-4.73,3.908,1.039,5.649,1.501,43.0
2024-10-23 11:00:00+00:00,-5.04,3.817,0.957,5.517,1.384,61.7
2024-10-23 12:00:00+00:00,-5.78,3.263,0.753,4.716,1.088,56.7
2024-10-23 13:00:00+00:00,-5.22,2.989,0.724,4.32,1.047,53.2
2024-10-23 14:00:00+00:00,-4.8,3.362,0.86,4.86,1.243,52.8
2024-10-23 15:00:00+00:00,-6.76,3.227,1.227,4.664,1.773,72.9
2024-10-23 16:00:00+00:00,-8.71,4.123,2.398,5.959,3.466,15.9
2024-10-23 17:00:00+00:00,-7.92,3.346,2.749,4.836,3.974,0.0
2024-10-23 18:00:00+00:00,-6.11,2.459,2.467,3.554,3.566,0.0
2024-10-23 19:00:00+00:00,-5.2,2.542,2.869,3.675,4.148,0.0
2024-10-23 20:00:00+00:00,-5.79,2.483,3.131,3.588,4.525,0.0
2024-10-23 21:00:00+00:00,-4.83,2.573,3.75,3.719,5.42,0.0
2024-10-23 22:00:00+00:00,-5.98,2.119,4.068,3.064,5.881,0.0
2024-10-23 23:00:00+00:00,-3.87,0.98,3.807,1.416,5.503,0.0
2024-10-24 00:00:00+00:00,-1.39,0.276,3.086,0.399,4.46,0.0
2024-10-24 01:00:00+00:00,-3.51,-0.314,3.317,-0.454,4.795,0.0
2024-10-24 02:00:00+00:00,-4.15,-0.72,2.622,-1.041,3.791,0.0
2024-10-24 03:00:00+00:00,-3.0,-1.286,2.256,-1.859,3.261,0.0
2024-10-24 04:00:00+00:00,-4.61,-1.677,1.904,-2.424,2.752,0.0
2024-10-24 05:00:00+00:00,-5.17,-2.026,1.377,-2.928,1.99,0.0
2024-10-24 06:00:00+00:00,-4.93,-2.597,0.729,-3.754,1.054,0.0
2024-10-24 07:00:00+00:00,-6.15,-3.18,-0.163,-4.597,-0.236,0.0
2024-10-24 08:00:00+00:00,-5.88,-2.792,-1.28,-4.035,-1.85,18.2
2024-10-24 09:00:00+00:00,-6.59,-2.433,-2.109,-3.517,-3.048,115.9
2024-10-24 10:00:00+00:00,-2.25,-1.755,-3.149,-2.536,-4.552,116.3
2024-10-24 11:00:00+00:00,-1.53,-0.563,-3.019,-0.814,-4.363,156.0
2024-10-24 12:00:00+00:00,-0.45,0.694,-3.361,1.003,-4.858,135.2
2024-10-24 13:00:00+00:00,-2.92,1.876,-3.187,2.712,-4.606,62.9
2024-10-24 14:00:00+00:00,1.58,3.262,-2.918,4.716,-4.218,81.4
2024-10-24 15:00:00+00:00,2.42,3.75,-1.656,5.42,-2.394,25.5
2024-10-24 16:00:00+00:00,3.6,4.627,-0.274,6.688,-0.396,4.3
2024-10-24 17:00:00+00:00,4.7,3.942,1.301,5.699,1.881,0.0
2024-10-24 18:00:00+00:00,4.49,3.744,3.278,5.412,4.738,0.0
2024-10-24 19:00:00+00:00,4.52,2.465,4.763,3.564,6.885,0.0
2024-10-24 20:00:00+00:00,3.86,0.297,5.017,0.429,7.252,0.0
2024-10-24 21:00:00+00:00,6.2,-1.062,3.656,-1.535,5.284,0.0
2024-10-24 22:00:00+00:00,4.53,-2.432,3.319,-3.515,4.798,0.0
2024-10-24 23:00:00+00:00,4.31,-3.659,2.57,-5.289,3.715,0.0
2024-10-25 00:00:00+00:00,6.61,-3.847,1.299,-5.561,1.877,0.0
2024-10-25 01:00:00+00:00,6.39,-3.739,0.226,-5.404,0.326,0.0
2024-10-25 02:00:00+00:00,5.19,-3.603,-0.645,-5.208,-0.932,0.0
2024-10-25 03:00:00+00:00,7.43,-3.824,-1.606,-5.527,-2.321,0.0
2024-10-25 04:00:00+00:00,7.11,-3.91,-2.306,-5.652,-3.332,0.0
2024-10-25 05:00:00+00:00,4.21,-4.838,-3.597,-6.993,-5.199,0.0
2024-10-25 06:00:00+00:00,1.58,-4.808,-4.296,-6.95,-6.209,0.0
2024-10-25 07:00:00+00:00,3.44,-4.395,-4.632,-6.353,-6.695,0.0
2024-10-25 08:00:00+00:00,3.33,-3.553,-4.035,-5.135,-5.833,10.5
2024-10-25 09:00:00+00:00,2.13,-3.659,-4.295,-5.289,-6.209,90.1
2024-10-25 10:00:00+00:00,1.15,-3.889,-4.729,-5.622,-6.836,125.8
2024-10-25 11:00:00+00:00,1.59,-3.373,-4.299,-4.876,-6.214,73.0
2024-10-25 12:00:00+00:00,1.41,-3.67,-4.755,-5.304,-6.874,140.5
2024-10-25 13:00:00+00:00,-1.13,-3.26,-5.197,-4.712,-7.512,135.0
2024-10-25 14:00:00+00:00,-0.36,-2.504,-4.96,-3.62,-7.169,73.0
2024-10-25 15:00:00+00:00,-1.53,-2.19,-4.05,-3.165,-5.854,24.5
2024-10-25 16:00:00+00:00,1.45,-2.633,-3.763,-3.806,-5.439,3.1
2024-10-25 17:00:00+00:00,3.65,-2.322,-3.294,-3.356,-4.762,0.0
2024-10-25 18:00:00+00:00,5.43,-2.76,-3.461,-3.989,-5.002,0.0
2024-10-25 19:00:00+00:00,6.4,-3.176,-3.677,-4.591,-5.315,0.0
2024-10-25 20:00:00+00:00,5.35,-3.023,-3.291,-4.369,-4.757,0.0
2024-10-25 21:00:00+00:00,3.48,-2.934,-2.793,-4.241,-4.037,0.0
2024-10-25 22:00:00+00:00,6.07,-2.889,-3.12,-4.176,-4.509,0.0
2024-10-25 23:00:00+00:00,5.48,-2.271,-2.532,-3.283,-3.66,0.0
2024-10-26 00:00:00+00:00,6.61,-2.277,-2.838,-3.292,-4.102,0.0
2024-10-26 01:00:00+00:00,3.48,-2.031,-3.245,-2.936,-4.691,0.0
2024-10-26 02:00:00+00:00,2.89,-1.418,-3.183,-2.05,-4.601,0.0
2024-10-26 03:00:00+00:00,1.14,-1.467,-3.744,-2.12,-5.411,0.0
2024-10-26 04:00:00+00:00,0.66,-1.683,-4.332,-2.432,-6.262,0.0
2024-10-26 05:00:00+00:00,1.59,-1.615,-3.729,-2.334,-5.39,0.0
2024-10-26 06:00:00+00:00,3.62,-1.38,-3.326,-1.994,-4.808,0.0
2024-10-26 07:00:00+00:00,1.49,-1.594,-3.487,-2.304,-5.041,0.0
2024-10-26 08:00:00+00:00,1.68,-1.79,-3.156,-2.587,-4.561,4.6
2024-10-26 09:00:00+00:00,3.33,-1.812,-2.519,-2.619,-3.641,31.2
2024-10-26 10:00:00+00:00,3.27,-2.321,-2.596,-3.356,-3.753,52.6
2024-10-26 11:00:00+00:00,2.83,-2.92,-2.568,-4.221,-3.711,83.8
2024-10-26 12:00:00+00:00,0.57,-2.932,-2.124,-4.238,-3.071,62.6
2024-10-26 13:00:00+00:00,1.69,-3.034,-1.569,-4.385,-2.268,79.3
2024-10-26 14:00:00+00:00,3.59,-3.02,-0.595,-4.366,-0.861,139.3
2024-10-26 15:00:00+00:00,2.79,-3.603,0.579,-5.207,0.837,104.5
2024-10-26 16:00:00+00:00,3.45,-3.483,2.075,-5.035,3.0,8.0
2024-10-26 17:00:00+00:00,2.76,-3.597,4.291,-5.199,6.202,0.0
2024-10-26 18:00:00+00:00,1.6,-1.741,4.404,-2.516,6.365,0.0
2024-10-26 19:00:00+00:00,2.22,-0.237,5.625,-0.342,8.131,0.0
2024-10-26 20:00:00+00:00,3.33,1.72,5.836,2.486,8.436,0.0
2024-10-26 21:00:00+00:00,1.48,3.94,4.924,5.695,7.118,0.0
2024-10-26 22:00:00+00:00,4.04,6.372,4.259,9.21,6.156,0.0
2024-10-26 23:00:00+00:00,3.11,6.325,1.866,9.142,2.697,0.0
2024-10-27 00:00:00+00:00,2.27,7.478,0.105,10.809,0.152,0.0
2024-10-27 01:00:00+00:00,0.62,6.84,-1.587,9.887,-2.294,0.0
2024-10-27 02:00:00+00:00,-0.16,7.168,-3.543,10.361,-5.122,0.0
2024-10-27 03:00:00+00:00,1.11,5.842,-3.916,8.444,-5.66,0.0
2024-10-27 04:00:00+00:00,3.02,3.702,-3.67,5.352,-5.305,0.0
2024-10-27 05:00:00+00:00,1.61,2.779,-4.262,4.017,-6.161,0.0
2024-10-27 06:00:00+00:00,-0.16,1.778,-4.213,2.57,-6.089,0.0
2024-10-27 07:00:00+00:00,-1.87,1.046,-3.92,1.512,-5.667,0.0
2024-10-27 08:00:00+00:00,-2.41,0.501,-4.055,0.724,-5.861,0.7
2024-10-27 09:00:00+00:00,-1.89,-0.285,-4.313,-0.412,-6.235,54.1
2024-10-27 10:00:00+00:00,-2.83,-0.977,-4.237,-1.413,-6.124,102.2
2024-10-27 11:00:00+00:00,-0.42,-1.454,-4.037,-2.101,-5.835,170.0
2024-10-27 12:00:00+00:00,0.34,-1.577,-3.165,-2.279,-4.574,202.9
2024-10-27 13:00:00+00:00,4.09,-1.867,-3.506,-2.699,-5.068,218.5
2024-10-27 14:00:00+00:00,3.91,-2.079,-4.014,-3.005,-5.802,124.2
2024-10-27 15:00:00+00:00,4.4,-2.37,-4.039,-3.425,-5.838,80.3
2024-10-27 16:00:00+00:00,2.99,-2.036,-3.635,-2.942,-5.254,3.1
2024-10-27 17:00:00+00:00,5.16,-1.748,-3.247,-2.527,-4.694,0.0
2024-10-27 18:00:00+00:00,4.05,-1.697,-3.468,-2.452,-5.013,0.0
2024-10-27 19:00:00+00:00,5.63,-1.763,-3.318,-2.549,-4.797,0.0
2024-10-27 20:00:00+00:00,3.51,-2.412,-4.036,-3.486,-5.834,0.0
2024-10-27 21:00:00+00:00,4.44,-3.496,-4.222,-5.054,-6.102,0.0
2024-10-27 22:00:00+00:00,8.16,-2.995,-2.724,-4.329,-3.937,0.0
2024-10-27 23:00:00+00:00,9.45,-4.274,-3.257,-6.178,-4.708,0.0
2024-10-28 00:00:00+00:00,4.69,-4.335,-3.022,-6.266,-4.368,0.0
2024-10-28 01:00:00+00:00,7.87,-4.929,-3.263,-7.125,-4.717,0.0
2024-10-28 02:00:00+00:00,8.69,-4.776,-2.986,-6.903,-4.316,0.0
2024-10-28 03:00:00+00:00,9.5,-5.269,-3.055,-7.615,-4.415,0.0
2024-10-28 04:00:00+00:00,6.6,-4.554,-2.543,-6.582,-3.675,0.0
2024-10-28 05:00:00+00:00,4.16,-4.411,-2.218,-6.376,-3.205,0.0
2024-10-28 06:00:00+00:00,5.2,-3.137,-1.701,-4.534,-2.458,0.0
2024-10-28 07:00:00+00:00,8.64,-3.867,-2.024,-5.589,-2.926,0.0
2024-10-28 08:00:00+00:00,9.71,-4.142,-2.332,-5.987,-3.371,0.0
2024-10-28 09:00:00+00:00,6.01,-3.545,-2.182,-5.125,-3.155,93.3
2024-10-28 10:00:00+00:00,7.01,-2.822,-2.109,-4.079,-3.048,166.7
2024-10-28 11:00:00+00:00,6.97,-3.625,-3.17,-5.24,-4.582,212.8
2024-10-28 12:00:00+00:00,5.98,-3.413,-3.065,-4.933,-4.43,228.5
2024-10-28 13:00:00+00:00,5.4,-3.534,-3.037,-5.109,-4.39,212.8
2024-10-28 14:00:00+00:00,4.75,-2.623,-2.145,-3.791,-3.1,166.7
2024-10-28 15:00:00+00:00,2.7,-3.482,-2.404,-5.033,-3.475,93.3
2024-10-28 16:00:00+00:00,0.4,-3.641,-2.389,-5.263,-3.453,0.0
2024-10-28 17:00:00+00:00,-1.78,-3.789,-2.369,-5.477,-3.425,0.0
2024-10-28 18:00:00+00:00,-1.17,-3.626,-2.183,-5.241,-3.155,0.0
2024-10-28 19:00:00+00:00,0.19,-3.399,-1.954,-4.914,-2.824,0.0
2024-10-28 20:00:00+00:00,-1.98,-3.444,-1.677,-4.978,-2.424,0.0
2024-10-28 21:00:00+00:00,-0.02,-3.766,-1.773,-5.443,-2.563,0.0
2024-10-28 22:00:00+00:00,-0.27,-3.392,-1.605,-4.902,-2.319,0.0
2024-10-28 23:00:00+00:00,-0.18,-3.217,-1.733,-4.65,-2.504,0.0
2024-10-29 00:00:00+00:00,-1.69,-3.231,-2.051,-4.671,-2.965,0.0
2024-10-29 01:00:00+00:00,-1.39,-3.172,-2.303,-4.585,-3.328,0.0
2024-10-29 02:00:00+00:00,-1.45,-2.646,-2.296,-3.824,-3.319,0.0
2024-10-29 03:00:00+00:00,0.22,-2.776,-2.439,-4.012,-3.525,0.0
2024-10-29 04:00:00+00:00,2.8,-2.599,-2.171,-3.757,-3.138,0.0
2024-10-29 05:00:00+00:00,1.04,-2.845,-2.327,-4.113,-3.363,0.0
2024-10-29 06:00:00+00:00,-0.23,-3.303,-2.593,-4.774,-3.748,0.0
2024-10-29 07:00:00+00:00,0.08,-2.696,-1.892,-3.897,-2.734,0.0
2024-10-29 08:00:00+00:00,-0.95,-3.054,-1.838,-4.415,-2.657,0.0
2024-10-29 09:00:00+00:00,-0.14,-3.178,-1.863,-4.594,-2.694,19.3
2024-10-29 10:00:00+00:00,-2.73,-3.166,-1.975,-4.577,-2.854,35.4
2024-10-29 11:00:00+00:00,-2.18,-3.291,-2.287,-4.757,-3.305,45.6
2024-10-29 12:00:00+00:00,-3.39,-2.863,-2.478,-4.139,-3.582,49.0
2024-10-29 13:00:00+00:00,-2.96,-2.598,-2.639,-3.756,-3.815,45.6
2024-10-29 14:00:00+00:00,-3.19,-2.635,-2.987,-3.808,-4.318,35.4
2024-10-29 15:00:00+00:00,-5.82,-2.286,-3.281,-3.304,-4.742,24.2
2024-10-29 16:00:00+00:00,-4.89,-2.929,-4.107,-4.234,-5.937,0.0
2024-10-29 17:00:00+00:00,-2.95,-2.587,-4.122,-3.739,-5.959,0.0
2024-10-29 18:00:00+00:00,-3.01,-1.946,-3.986,-2.813,-5.762,0.0
2024-10-29 19:00:00+00:00,-0.92,-1.493,-3.792,-2.158,-5.481,0.0
2024-10-29 20:00:00+00:00,4.66,-1.291,-4.313,-1.866,-6.234,0.0
2024-10-29 21:00:00+00:00,4.28,-0.896,-4.22,-1.295,-6.1,0.0
2024-10-29 22:00:00+00:00,3.85,-0.42,-3.686,-0.607,-5.328,0.0
2024-10-29 23:00:00+00:00,3.38,-0.191,-4.401,-0.275,-6.362,0.0
2024-10-30 00:00:00+00:00,-1.24,0.371,-4.481,0.537,-6.476,0.0
2024-10-30 01:00:00+00:00,-1.22,0.766,-3.888,1.107,-5.621,0.0
2024-10-30 02:00:00+00:00,-2.52,1.025,-3.533,1.482,-5.107,0.0
2024-10-30 03:00:00+00:00,-3.88,1.916,-3.963,2.769,-5.729,0.0
2024-10-30 04:00:00+00:00,-4.81,2.197,-3.469,3.175,-5.015,0.0
2024-10-30 05:00:00+00:00,-5.76,2.139,-2.742,3.092,-3.963,0.0
2024-10-30 06:00:00+00:00,-6.99,2.125,-2.881,3.071,-4.164,0.0
2024-10-30 07:00:00+00:00,-6.4,1.614,-2.541,2.332,-3.672,0.0
2024-10-30 08:00:00+00:00,-7.47,1.194,-2.389,1.726,-3.452,0.0
2024-10-30 09:00:00+00:00,-6.4,1.066,-2.446,1.541,-3.535,82.5
2024-10-30 10:00:00+00:00,-6.7,1.158,-2.818,1.674,-4.073,155.6
2024-10-30 11:00:00+00:00,-7.31,1.162,-2.658,1.68,-3.842,201.6
2024-10-30 12:00:00+00:00,-8.63,1.24,-2.67,1.793,-3.86,217.3
2024-10-30 13:00:00+00:00,-8.18,1.21,-2.625,1.749,-3.794,199.7
2024-10-30 14:00:00+00:00,-7.68,1.263,-2.787,1.825,-4.028,151.1
2024-10-30 15:00:00+00:00,-6.6,1.443,-3.438,2.086,-4.97,82.5
2024-10-30 16:00:00+00:00,-5.66,1.587,-3.779,2.294,-5.462,0.0
2024-10-30 17:00:00+00:00,-6.58,1.495,-3.884,2.161,-5.614,0.0
2024-10-30 18:00:00+00:00,-5.42,1.293,-3.223,1.868,-4.658,0.0
2024-10-30 19:00:00+00:00,-6.6,1.461,-3.17,2.112,-4.582,0.0
2024-10-30 20:00:00+00:00,-3.92,1.672,-2.731,2.417,-3.948,0.0
2024-10-30 21:00:00+00:00,-1.04,2.235,-2.37,3.23,-3.426,0.0
2024-10-30 22:00:00+00:00,-1.12,3.071,-1.714,4.439,-2.478,0.0
2024-10-30 23:00:00+00:00,-2.05,2.801,-0.701,4.049,-1.013,0.0
2024-10-31 00:00:00+00:00,-4.71,2.965,-0.104,4.286,-0.151,0.0
2024-10-31 01:00:00+00:00,-6.59,3.623,0.788,5.237,1.139,0.0
2024-10-31 02:00:00+00:00,-6.74,3.014,1.421,4.357,2.054,0.0
2024-10-31 03:00:00+00:00,-7.38,3.607,2.323,5.214,3.358,0.0
2024-10-31 04:00:00+00:00,-7.4,2.584,2.606,3.736,3.767,0.0
2024-10-31 05:00:00+00:00,-6.34,1.73,2.404,2.5,3.474,0.0
2024-10-31 06:00:00+00:00,-6.14,1.598,3.032,2.31,4.382,0.0
2024-10-31 07:00:00+00:00,-5.68,0.735,3.027,1.062,4.375,0.0
2024-10-31 08:00:00+00:00,-5.0,0.149,2.8,0.216,4.047,0.0
2024-10-31 09:00:00+00:00,-4.39,-0.458,2.478,-0.662,3.582,17.0
2024-10-31 10:00:00+00:00,-7.72,-1.301,2.701,-1.881,3.904,33.0
2024-10-31 11:00:00+00:00,-7.22,-2.129,2.627,-3.077,3.797,43.1
2024-10-31 12:00:00+00:00,-6.37,-2.313,1.95,-3.343,2.818,46.6
2024-10-31 13:00:00+00:00,-4.77,-2.771,1.771,-4.005,2.56,43.1
2024-10-31 14:00:00+00:00,-7.16,-3.489,1.497,-5.043,2.164,33.0
2024-10-31 15:00:00+00:00,-7.76,-3.91,1.421,-5.652,2.053,17.0
2024-10-31 16:00:00+00:00,-8.74,-5.347,1.441,-7.729,2.083,0.0
2024-10-31 17:00:00+00:00,-8.0,-4.587,1.581,-6.631,2.286,0.0
2024-10-31 18:00:00+00:00,-7.64,-5.133,1.984,-7.42,2.867,0.0
2024-10-31 19:00:00+00:00,-6.15,-4.812,1.969,-6.956,2.846,0.0
2024-10-31 20:00:00+00:00,-5.21,-5.61,2.507,-8.109,3.623,0.0
2024-10-31 21:00:00+00:00,-6.76,-5.045,2.026,-7.292,2.929,0.0
2024-10-31 22:00:00+00:00,-4.37,-5.628,2.028,-8.135,2.931,0.0
2024-10-31 23:00:00+00:00,-2.35,-5.185,0.872,-7.495,1.26,0.0
2024-11-01 00:00:00+00:00,-0.68,-4.97,-0.156,-7.184,-0.225,0.0
2024-11-01 01:00:00+00:00,-1.96,-4.844,-0.977,-7.001,-1.412,0.0
2024-11-01 02:00:00+00:00,-0.56,-5.181,-2.039,-7.489,-2.947,0.0
2024-11-01 03:00:00+00:00,-0.44,-4.807,-2.972,-6.949,-4.296,0.0
2024-11-01 04:00:00+00:00,-2.68,-4.268,-3.907,-6.17,-5.648,0.0
2024-11-01 05:00:00+00:00,0.14,-2.79,-3.385,-4.032,-4.892,0.0
2024-11-01 06:00:00+00:00,1.09,-2.411,-3.003,-3.485,-4.341,0.0
2024-11-01 07:00:00+00:00,1.3,-2.13,-2.553,-3.078,-3.69,0.0
2024-11-01 08:00:00+00:00,2.64,-1.801,-2.155,-2.603,-3.114,0.0
2024-11-01 09:00:00+00:00,-0.33,-1.865,-2.085,-2.695,-3.014,42.6
2024-11-01 10:00:00+00:00,-3.17,-1.651,-1.985,-2.387,-2.87,108.4
2024-11-01 11:00:00+00:00,-4.67,-1.348,-1.798,-1.948,-2.599,180.5
2024-11-01 12:00:00+00:00,-4.57,-1.456,-1.915,-2.105,-2.768,206.4
2024-11-01 13:00:00+00:00,-3.76,-1.635,-2.488,-2.363,-3.596,157.9
2024-11-01 14:00:00+00:00,-1.5,-1.697,-2.868,-2.452,-4.145,135.2
2024-11-01 15:00:00+00:00,-1.9,-1.783,-3.313,-2.577,-4.789,67.5
2024-11-01 16:00:00+00:00,-1.51,-1.6,-3.387,-2.313,-4.896,0.0
2024-11-01 17:00:00+00:00,0.67,-1.286,-3.386,-1.859,-4.894,0.0
2024-11-01 18:00:00+00:00,1.39,-1.027,-3.607,-1.485,-5.214,0.0
2024-11-01 19:00:00+00:00,1.97,-0.549,-4.047,-0.793,-5.85,0.0
2024-11-01 20:00:00+00:00,2.98,-0.408,-4.932,-0.589,-7.128,0.0
2024-11-01 21:00:00+00:00,3.01,-0.177,-5.165,-0.256,-7.466,0.0
2024-11-01 22:00:00+00:00,4.2,0.123,-3.729,0.177,-5.39,0.0
2024-11-01 23:00:00+00:00,3.84,0.602,-4.489,0.87,-6.488,0.0
2024-11-02 00:00:00+00:00,5.98,1.025,-3.544,1.481,-5.123,0.0
2024-11-02 01:00:00+00:00,7.74,1.156,-3.165,1.671,-4.575,0.0
2024-11-02 02:00:00+00:00,6.39,1.663,-3.568,2.404,-5.157,0.0
2024-11-02 03:00:00+00:00,5.4,1.768,-2.988,2.555,-4.318,0.0
2024-11-02 04:00:00+00:00,6.15,1.881,-2.839,2.719,-4.104,0.0
2024-11-02 05:00:00+00:00,4.79,2.233,-3.043,3.228,-4.398,0.0
2024-11-02 06:00:00+00:00,3.97,2.251,-2.528,3.253,-3.654,0.0
2024-11-02 07:00:00+00:00,4.28,2.564,-2.262,3.706,-3.27,0.0
2024-11-02 08:00:00+00:00,0.18,3.056,-1.877,4.417,-2.713,0.0
2024-11-02 09:00:00+00:00,-1.93,4.696,-1.323,6.788,-1.913,56.5
2024-11-02 10:00:00+00:00,-3.51,4.426,-0.229,6.398,-0.331,139.6
2024-11-02 11:00:00+00:00,-6.68,3.53,0.592,5.102,0.855,185.4
2024-11-02 12:00:00+00:00,-8.16,4.099,1.724,5.926,2.492,201.0
2024-11-02 13:00:00+00:00,-10.05,3.775,2.403,5.457,3.474,185.4
2024-11-02 14:00:00+00:00,-11.02,3.379,3.792,4.885,5.481,139.6
2024-11-02 15:00:00+00:00,-12.31,1.736,3.872,2.509,5.596,66.8
2024-11-02 16:00:00+00:00,-10.64,0.491,4.688,0.709,6.777,0.0
2024-11-02 17:00:00+00:00,-9.07,-1.111,4.583,-1.606,6.624,0.0
2024-11-02 18:00:00+00:00,-5.71,-2.766,4.172,-3.998,6.031,0.0
2024-11-02 19:00:00+00:00,-7.25,-4.085,3.454,-5.904,4.992,0.0
2024-11-02 20:00:00+00:00,-4.74,-4.656,1.553,-6.729,2.245,0.0
2024-11-02 21:00:00+00:00,-4.54,-5.508,-0.137,-7.961,-0.199,0.0
2024-11-02 22:00:00+00:00,0.9,-5.256,-1.915,-7.597,-2.769,0.0
2024-11-02 23:00:00+00:00,0.74,-4.374,-4.122,-6.322,-5.957,0.0
2024-11-03 00:00:00+00:00,-2.77,-1.984,-6.006,-2.867,-8.681,0.0
2024-11-03 01:00:00+00:00,-2.99,0.879,-6.293,1.27,-9.096,0.0
2024-11-03 02:00:00+00:00,-2.6,3.515,-5.66,5.081,-8.181,0.0
2024-11-03 03:00:00+00:00,-1.8,6.466,-4.276,9.346,-6.181,0.0
2024-11-03 04:00:00+00:00,-0.8,5.824,-0.66,8.418,-0.954,0.0
2024-11-03 05:00:00+00:00,-1.05,4.392,1.744,6.348,2.521,0.0
2024-11-03 06:00:00+00:00,-2.89,3.133,3.548,4.529,5.129,0.0
2024-11-03 07:00:00+00:00,-0.86,1.019,3.282,1.473,4.744,0.0
2024-11-03 08:00:00+00:00,-1.36,-0.143,3.6,-0.207,5.203,0.0
2024-11-03 09:00:00+00:00,-0.74,-2.011,3.938,-2.907,5.692,61.7
2024-11-03 10:00:00+00:00,-0.13,-2.705,2.353,-3.911,3.401,134.4
2024-11-03 11:00:00+00:00,-1.38,-3.608,1.288,-5.215,1.861,180.1
2024-11-03 12:00:00+00:00,-0.71,-3.303,-0.084,-4.775,-0.121,195.7
2024-11-03 13:00:00+00:00,-1.81,-3.299,-1.432,-4.768,-2.07,180.1
2024-11-03 14:00:00+00:00,-1.11,-2.287,-2.423,-3.306,-3.502,134.4
2024-11-03 15:00:00+00:00,-1.93,-1.357,-3.235,-1.962,-4.676,61.7
2024-11-03 16:00:00+00:00,-2.0,-0.182,-2.676,-0.263,-3.867,0.0
2024-11-03 17:00:00+00:00,-5.22,0.484,-2.409,0.7,-3.482,0.0
2024-11-03 18:00:00+00:00,-6.78,1.492,-2.622,2.157,-3.79,0.0
2024-11-03 19:00:00+00:00,-5.69,1.985,-1.632,2.869,-2.359,0.0
2024-11-03 20:00:00+00:00,-1.69,3.299,-1.059,4.768,-1.53,0.0
2024-11-03 21:00:00+00:00,-0.7,3.659,0.41,5.29,0.592,0.0
2024-11-03 22:00:00+00:00,2.56,2.674,1.665,3.865,2.407,0.0
2024-11-03 23:00:00+00:00,3.59,1.977,3.285,2.857,4.748,0.0
2024-11-04 00:00:00+00:00,1.99,0.137,3.166,0.198,4.577,0.0
2024-11-04 01:00:00+00:00,1.69,-1.642,2.689,-2.374,3.886,0.0
2024-11-04 02:00:00+00:00,4.54,-3.824,1.405,-5.527,2.031,0.0
2024-11-04 03:00:00+00:00,3.2,-3.345,-1.17,-4.835,-1.691,0.0
2024-11-04 04:00:00+00:00,1.63,-2.072,-3.487,-2.995,-5.04,0.0
2024-11-04 05:00:00+00:00,-0.98,1.104,-5.581,1.596,-8.067,0.0
2024-11-04 06:00:00+00:00,0.7,5.025,-3.762,7.263,-5.438,0.0
2024-11-04 07:00:00+00:00,0.92,5.463,0.323,7.897,0.466,0.0
2024-11-04 08:00:00+00:00,-0.25,4.396,3.9,6.354,5.638,0.0
2024-11-04 09:00:00+00:00,-1.01,0.989,4.518,1.43,6.531,56.7
2024-11-04 10:00:00+00:00,-2.68,-2.083,5.412,-3.011,7.823,129.3
2024-11-04 11:00:00+00:00,-2.02,-4.331,3.373,-6.261,4.875,174.9
2024-11-04 12:00:00+00:00,-1.4,-5.103,0.725,-7.376,1.049,190.5
2024-11-04 13:00:00+00:00,-4.81,-5.213,-1.845,-7.535,-2.667,174.9
2024-11-04 14:00:00+00:00,-1.98,-2.794,-3.681,-4.039,-5.32,129.3
2024-11-04 15:00:00+00:00,-3.52,-0.329,-4.765,-0.475,-6.888,20.5
2024-11-04 16:00:00+00:00,-4.37,2.413,-4.375,3.488,-6.324,0.0
2024-11-04 17:00:00+00:00,-6.32,3.663,-2.206,5.294,-3.189,0.0
2024-11-04 18:00:00+00:00,-7.29,6.324,-0.32,9.141,-0.463,0.0
2024-11-04 19:00:00+00:00,-3.94,5.822,2.418,8.416,3.496,0.0
2024-11-04 20:00:00+00:00,-3.17,4.246,4.902,6.138,7.086,0.0
2024-11-04 21:00:00+00:00,-3.81,1.644,4.333,2.376,6.263,0.0
2024-11-04 22:00:00+00:00,-1.64,0.145,3.092,0.209,4.469,0.0
2024-11-04 23:00:00+00:00,-0.46,-0.78,2.574,-1.128,3.72,0.0
2024-11-05 00:00:00+00:00,1.24,-1.791,2.796,-2.589,4.041,0.0
2024-11-05 01:00:00+00:00,2.31,-2.214,1.888,-3.2,2.728,0.0
2024-11-05 02:00:00+00:00,3.9,-3.592,1.655,-5.192,2.392,0.0
2024-11-05 03:00:00+00:00,2.52,-4.013,0.558,-5.801,0.807,0.0
2024-11-05 04:00:00+00:00,2.75,-3.891,-0.793,-5.624,-1.146,0.0
2024-11-05 05:00:00+00:00,1.83,-4.106,-2.023,-5.935,-2.924,0.0
2024-11-05 06:00:00+00:00,2.33,-3.023,-2.602,-4.37,-3.761,0.0
2024-11-05 07:00:00+00:00,0.74,-1.856,-3.002,-2.683,-4.339,0.0
2024-11-05 08:00:00+00:00,0.34,-0.778,-3.49,-1.125,-5.045,0.0
2024-11-05 09:00:00+00:00,-3.27,0.176,-3.603,0.254,-5.208,51.8
2024-11-05 10:00:00+00:00,-6.12,1.082,-3.122,1.563,-4.513,124.3
2024-11-05 11:00:00+00:00,-5.59,2.425,-2.784,3.505,-4.024,169.9
2024-11-05 12:00:00+00:00,-5.59,2.954,-1.819,4.269,-2.63,179.3
2024-11-05 13:00:00+00:00,-5.56,3.52,-1.147,5.088,-1.658,141.1
2024-11-05 14:00:00+00:00,-5.53,3.879,-0.534,5.606,-0.771,124.3
2024-11-05 15:00:00+00:00,-5.09,3.507,-0.012,5.069,-0.017,51.8
2024-11-05 16:00:00+00:00,-5.5,4.6,0.953,6.65,1.378,0.0
2024-11-05 17:00:00+00:00,-4.32,4.95,2.202,7.154,3.183,0.0
2024-11-05 18:00:00+00:00,-5.01,4.538,3.189,6.56,4.61,0.0
2024-11-05 19:00:00+00:00,-3.84,3.51,3.951,5.073,5.711,0.0
2024-11-05 20:00:00+00:00,-0.69,2.497,5.182,3.609,7.49,0.0
2024-11-05 21:00:00+00:00,1.1,1.204,4.705,1.741,6.801,0.0
2024-11-05 22:00:00+00:00,1.81,0.507,5.781,0.733,8.356,0.0
2024-11-05 23:00:00+00:00,0.71,-0.446,6.071,-0.645,8.775,0.0
2024-11-06 00:00:00+00:00,2.12,-1.828,5.58,-2.643,8.066,0.0
2024-11-06 01:00:00+00:00,2.36,-2.989,4.579,-4.32,6.619,0.0
2024-11-06 02:00:00+00:00,3.04,-4.686,3.554,-6.774,5.136,0.0
2024-11-06 03:00:00+00:00,1.82,-4.849,1.75,-7.009,2.53,0.0
2024-11-06 04:00:00+00:00,-1.97,-5.876,-0.033,-8.493,-0.048,0.0
2024-11-06 05:00:00+00:00,-2.78,-5.896,-2.117,-8.523,-3.06,0.0
2024-11-06 06:00:00+00:00,-4.93,-5.084,-3.858,-7.349,-5.577,0.0
2024-11-06 07:00:00+00:00,-4.91,-3.248,-4.651,-4.695,-6.723,0.0
2024-11-06 08:00:00+00:00,-5.7,-1.233,-5.622,-1.782,-8.126,0.0
2024-11-06 09:00:00+00:00,-4.16,1.135,-5.178,1.641,-7.485,10.3
2024-11-06 10:00:00+00:00,-3.55,3.646,-4.629,5.27,-6.691,26.3
2024-11-06 11:00:00+00:00,-4.67,5.62,-2.396,8.123,-3.463,36.3
2024-11-06 12:00:00+00:00,-4.7,4.61,0.395,6.664,0.57,39.7
2024-11-06 13:00:00+00:00,-5.21,3.663,2.539,5.294,3.67,104.7
2024-11-06 14:00:00+00:00,-8.06,2.568,5.215,3.711,7.538,47.5
2024-11-06 15:00:00+00:00,-7.14,-0.347,6.651,-0.501,9.613,10.3
2024-11-06 16:00:00+00:00,-6.56,-2.938,4.921,-4.246,7.113,0.0
2024-11-06 17:00:00+00:00,-2.05,-4.681,2.792,-6.766,4.035,0.0
2024-11-06 18:00:00+00:00,-2.52,-7.572,0.941,-10.945,1.36,0.0
2024-11-06 19:00:00+00:00,-4.34,-7.902,-3.31,-11.423,-4.784,0.0
2024-11-06 20:00:00+00:00,-6.1,-4.462,-6.776,-6.45,-9.794,0.0
2024-11-06 21:00:00+00:00,-4.85,0.027,-7.364,0.038,-10.645,0.0
2024-11-06 22:00:00+00:00,-4.46,3.896,-6.042,5.631,-8.733,0.0
2024-11-06 23:00:00+00:00,-3.7,7.449,-3.106,10.767,-4.489,0.0
2024-11-07 00:00:00+00:00,-3.56,7.583,1.881,10.96,2.718,0.0
2024-11-07 01:00:00+00:00,-2.26,4.756,7.374,6.874,10.659,0.0
2024-11-07 02:00:00+00:00,-1.53,-1.408,6.772,-2.036,9.789,0.0
2024-11-07 03:00:00+00:00,0.43,-4.107,2.658,-5.937,3.841,0.0
2024-11-07 04:00:00+00:00,-0.71,-5.472,-1.56,-7.91,-2.255,0.0
2024-11-07 05:00:00+00:00,-0.01,-2.806,-6.428,-4.056,-9.292,0.0
2024-11-07 06:00:00+00:00,-1.83,3.847,-6.569,5.561,-9.496,0.0
2024-11-07 07:00:00+00:00,-2.54,6.943,-0.483,10.036,-0.699,0.0
2024-11-07 08:00:00+00:00,-2.18,4.898,5.988,7.08,8.655,0.0
2024-11-07 09:00:00+00:00,-3.46,-1.834,7.719,-2.651,11.158,16.4
2024-11-07 10:00:00+00:00,-5.99,-5.02,2.748,-7.256,3.972,25.2
2024-11-07 11:00:00+00:00,-3.47,-5.736,-1.567,-8.291,-2.266,62.1
2024-11-07 12:00:00+00:00,-4.34,-2.8,-4.361,-4.048,-6.304,38.6
2024-11-07 13:00:00+00:00,-8.34,0.694,-5.905,1.003,-8.536,35.2
2024-11-07 14:00:00+00:00,-10.01,4.788,-4.223,6.921,-6.104,27.8
2024-11-07 15:00:00+00:00,-10.35,7.354,0.073,10.63,0.106,9.7
2024-11-07 16:00:00+00:00,-10.82,4.226,3.641,6.108,5.263,0.0
2024-11-07 17:00:00+00:00,-9.83,1.03,4.201,1.489,6.072,0.0
2024-11-07 18:00:00+00:00,-7.27,-1.484,3.922,-2.145,5.669,0.0
2024-11-07 19:00:00+00:00,-8.37,-4.534,2.821,-6.553,4.077,0.0
2024-11-07 20:00:00+00:00,-7.39,-5.342,-0.286,-7.722,-0.413,0.0
2024-11-07 21:00:00+00:00,-7.54,-3.736,-2.854,-5.4,-4.125,0.0
2024-11-07 22:00:00+00:00,-5.53,-1.343,-3.87,-1.941,-5.594,0.0
2024-11-07 23:00:00+00:00,-5.99,0.946,-3.856,1.368,-5.574,0.0
2024-11-08 00:00:00+00:00,-3.69,3.364,-3.034,4.862,-4.386,0.0
2024-11-08 01:00:00+00:00,-4.08,4.766,-0.401,6.889,-0.58,0.0
2024-11-08 02:00:00+00:00,-3.08,5.199,3.335,7.514,4.821,0.0
2024-11-08 03:00:00+00:00,-3.56,2.373,5.687,3.43,8.22,0.0
2024-11-08 04:00:00+00:00,-3.79,-1.118,5.478,-1.617,7.918,0.0
2024-11-08 05:00:00+00:00,-5.59,-4.278,3.78,-6.183,5.463,0.0
2024-11-08 06:00:00+00:00,-6.16,-6.186,0.36,-8.941,0.52,0.0
2024-11-08 07:00:00+00:00,-7.94,-4.192,-2.87,-6.059,-4.149,0.0
2024-11-08 08:00:00+00:00,-8.53,-1.412,-4.848,-2.041,-7.008,0.0
2024-11-08 09:00:00+00:00,-6.85,1.728,-4.014,2.498,-5.802,28.1
2024-11-08 10:00:00+00:00,-7.77,4.338,-2.251,6.27,-3.253,109.7
2024-11-08 11:00:00+00:00,-10.44,4.524,0.342,6.539,0.495,155.1
2024-11-08 12:00:00+00:00,-12.55,3.892,2.987,5.625,4.318,170.6
2024-11-08 13:00:00+00:00,-15.03,2.037,5.762,2.945,8.328,155.1
2024-11-08 14:00:00+00:00,-14.86,-2.565,7.576,-3.707,10.951,109.7
2024-11-08 15:00:00+00:00,-15.03,-6.146,4.007,-8.884,5.792,37.5
2024-11-08 16:00:00+00:00,-12.56,-7.824,-0.37,-11.309,-0.535,0.0
2024-11-08 17:00:00+00:00,-11.97,-5.918,-4.588,-8.554,-6.632,0.0
2024-11-08 18:00:00+00:00,-13.42,-2.493,-6.779,-3.604,-9.799,0.0
2024-11-08 19:00:00+00:00,-10.12,1.696,-8.314,2.451,-12.017,0.0
2024-11-08 20:00:00+00:00,-9.57,6.637,-8.217,9.593,-11.877,0.0
2024-11-08 21:00:00+00:00,-7.92,6.705,-2.649,9.692,-3.829,0.0
2024-11-08 22:00:00+00:00,-7.63,6.45,1.361,9.323,1.968,0.0
2024-11-08 23:00:00+00:00,-8.21,4.193,4.099,6.061,5.925,0.0
2024-11-09 00:00:00+00:00,-9.66,0.717,5.111,1.036,7.387,0.0
2024-11-09 01:00:00+00:00,-9.15,-1.904,3.863,-2.752,5.583,0.0
2024-11-09 02:00:00+00:00,-6.89,-3.861,2.062,-5.582,2.98,0.0
2024-11-09 03:00:00+00:00,-9.0,-3.855,-0.534,-5.572,-0.771,0.0
2024-11-09 04:00:00+00:00,-7.92,-2.046,-1.873,-2.958,-2.707,0.0
2024-11-09 05:00:00+00:00,-8.12,-0.571,-2.891,-0.826,-4.179,0.0
2024-11-09 06:00:00+00:00,-7.59,1.693,-3.549,2.447,-5.129,0.0
2024-11-09 07:00:00+00:00,-7.43,4.659,-2.195,6.734,-3.172,0.0
2024-11-09 08:00:00+00:00,-8.61,3.983,0.92,5.757,1.33,0.0
2024-11-09 09:00:00+00:00,-7.48,2.752,2.984,3.978,4.312,7.3
2024-11-09 10:00:00+00:00,-7.31,0.455,3.806,0.657,5.501,23.1
2024-11-09 11:00:00+00:00,-7.41,-2.051,3.395,-2.965,4.907,33.1
2024-11-09 12:00:00+00:00,-7.02,-3.663,1.293,-5.295,1.868,36.5
2024-11-09 13:00:00+00:00,-9.6,-3.773,-1.283,-5.453,-1.854,33.1
2024-11-09 14:00:00+00:00,-9.22,-2.56,-3.632,-3.7,-5.25,23.1
2024-11-09 15:00:00+00:00,-7.48,0.33,-4.216,0.477,-6.094,7.3
2024-11-09 16:00:00+00:00,-8.34,2.486,-2.832,3.594,-4.094,0.0
2024-11-09 17:00:00+00:00,-4.67,3.576,-0.531,5.17,-0.768,0.0
2024-11-09 18:00:00+00:00,-3.72,3.759,2.447,5.433,3.537,0.0
2024-11-09 19:00:00+00:00,-3.05,1.419,4.681,2.051,6.767,0.0
2024-11-09 20:00:00+00:00,-3.79,-2.023,5.1,-2.924,7.372,0.0
2024-11-09 21:00:00+00:00,-4.06,-5.361,2.531,-7.75,3.658,0.0
2024-11-09 22:00:00+00:00,-5.04,-5.457,-1.804,-7.888,-2.608,0.0
2024-11-09 23:00:00+00:00,-5.89,-3.132,-5.107,-4.528,-7.382,0.0
2024-11-10 00:00:00+00:00,-5.73,0.387,-6.591,0.56,-9.527,0.0
2024-11-10 01:00:00+00:00,-5.31,4.585,-4.985,6.628,-7.205,0.0
2024-11-10 02:00:00+00:00,-6.22,8.191,-1.474,11.84,-2.131,0.0
2024-11-10 03:00:00+00:00,-6.42,6.732,3.817,9.731,5.517,0.0
2024-11-10 04:00:00+00:00,-5.15,2.978,6.777,4.304,9.795,0.0
2024-11-10 05:00:00+00:00,-6.19,-2.08,7.152,-3.007,10.338,0.0
2024-11-10 06:00:00+00:00,-5.55,-5.994,3.978,-8.664,5.75,0.0
2024-11-10 07:00:00+00:00,-7.75,-8.089,-0.298,-11.692,-0.431,0.0
2024-11-10 08:00:00+00:00,-6.7,-6.221,-4.766,-8.992,-6.889,0.0
2024-11-10 09:00:00+00:00,-6.71,-1.969,-6.973,-2.846,-10.079,6.3
2024-11-10 10:00:00+00:00,-3.62,3.216,-6.725,4.648,-9.721,22.1
2024-11-10 11:00:00+00:00,-3.96,5.811,-2.122,8.399,-3.068,32.1
2024-11-10 12:00:00+00:00,-5.1,4.891,2.055,7.07,2.971,35.5
2024-11-10 13:00:00+00:00,-5.75,1.959,4.634,2.832,6.698,65.4
2024-11-10 14:00:00+00:00,-6.81,-2.16,6.07,-3.123,8.774,33.9
2024-11-10 15:00:00+00:00,-5.68,-5.52,2.564,-7.978,3.706,6.3
2024-11-10 16:00:00+00:00,-4.79,-6.128,-2.138,-8.858,-3.09,0.0
2024-11-10 17:00:00+00:00,-0.77,-2.712,-5.755,-3.92,-8.319,0.0
2024-11-10 18:00:00+00:00,-4.75,1.87,-5.856,2.703,-8.465,0.0
2024-11-10 19:00:00+00:00,-4.97,6.088,-2.712,8.8,-3.92,0.0
2024-11-10 20:00:00+00:00,-5.71,5.529,2.927,7.992,4.231,0.0
2024-11-10 21:00:00+00:00,-5.84,0.799,5.743,1.154,8.301,0.0
2024-11-10 22:00:00+00:00,-2.95,-4.231,4.049,-6.116,5.853,0.0
2024-11-10 23:00:00+00:00,-3.41,-5.037,-0.956,-7.281,-1.383,0.0
2024-11-11 00:00:00+00:00,-4.05,-2.73,-6.339,-3.946,-9.162,0.0
2024-11-11 01:00:00+00:00,-5.36,3.331,-5.258,4.815,-7.601,0.0
2024-11-11 02:00:00+00:00,-2.23,6.653,0.448,9.617,0.648,0.0
2024-11-11 03:00:00+00:00,-0.73,2.428,4.902,3.51,7.085,0.0
2024-11-11 04:00:00+00:00,-1.86,-2.771,4.794,-4.005,6.93,0.0
2024-11-11 05:00:00+00:00,-2.6,-4.618,0.436,-6.675,0.63,0.0
2024-11-11 06:00:00+00:00,-2.39,-3.068,-3.171,-4.434,-4.583,0.0
2024-11-11 07:00:00+00:00,-1.42,0.194,-4.593,0.28,-6.64,0.0
2024-11-11 08:00:00+00:00,-1.36,2.353,-2.189,3.401,-3.164,0.0
2024-11-11 09:00:00+00:00,-3.1,4.33,-0.026,6.259,-0.038,21.4
2024-11-11 10:00:00+00:00,-4.96,2.215,2.099,3.202,3.034,58.9
2024-11-11 11:00:00+00:00,-5.78,0.278,3.228,0.402,4.666,141.2
2024-11-11 12:00:00+00:00,-6.63,-1.862,2.933,-2.692,4.24,156.6
2024-11-11 13:00:00+00:00,-7.03,-2.969,1.223,-4.292,1.768,139.8
2024-11-11 14:00:00+00:00,-6.76,-3.157,-0.658,-4.564,-0.951,76.3
2024-11-11 15:00:00+00:00,-4.77,-2.201,-2.691,-3.181,-3.889,15.6
2024-11-11 16:00:00+00:00,-3.17,-0.18,-4.024,-0.261,-5.816,0.0
2024-11-11 17:00:00+00:00,-3.15,2.667,-4.247,3.855,-6.139,0.0
2024-11-11 18:00:00+00:00,-4.13,4.453,-1.991,6.436,-2.878,0.0
2024-11-11 19:00:00+00:00,-5.26,5.063,0.717,7.319,1.037,0.0
2024-11-11 20:00:00+00:00,-4.24,4.375,3.928,6.324,5.677,0.0
2024-11-11 21:00:00+00:00,-4.05,1.823,6.257,2.635,9.045,0.0
2024-11-11 22:00:00+00:00,-3.41,-1.598,5.556,-2.31,8.031,0.0
2024-11-11 23:00:00+00:00,-3.58,-4.084,3.815,-5.903,5.514,0.0
2024-11-12 00:00:00+00:00,-3.1,-5.223,0.747,-7.549,1.079,0.0
2024-11-12 01:00:00+00:00,-4.7,-3.99,-1.709,-5.767,-2.471,0.0
2024-11-12 02:00:00+00:00,-4.29,-2.086,-2.939,-3.016,-4.248,0.0
2024-11-12 03:00:00+00:00,-4.79,-0.466,-3.877,-0.673,-5.604,0.0
2024-11-12 04:00:00+00:00,-4.95,1.421,-3.688,2.054,-5.331,0.0
2024-11-12 05:00:00+00:00,-4.56,3.161,-2.897,4.569,-4.188,0.0
2024-11-12 06:00:00+00:00,-6.9,4.241,-1.204,6.13,-1.74,0.0
2024-11-12 07:00:00+00:00,-6.15,4.844,1.084,7.002,1.568,0.0
2024-11-12 08:00:00+00:00,-6.04,3.767,2.621,5.445,3.788,0.0
2024-11-12 09:00:00+00:00,-4.71,2.178,3.461,3.148,5.002,13.0
2024-11-12 10:00:00+00:00,-3.77,0.508,3.861,0.735,5.581,88.8
2024-11-12 11:00:00+00:00,-6.46,-1.066,3.368,-1.541,4.868,128.8
2024-11-12 12:00:00+00:00,-8.52,-2.688,3.004,-3.885,4.342,115.0
2024-11-12 13:00:00+00:00,-5.37,-4.327,2.14,-6.254,3.093,120.4
2024-11-12 14:00:00+00:00,-3.98,-4.761,0.281,-6.881,0.406,38.0
2024-11-12 15:00:00+00:00,-6.52,-5.472,-2.34,-7.909,-3.382,4.4
2024-11-12 16:00:00+00:00,-6.26,-3.551,-4.42,-5.133,-6.389,0.0
2024-11-12 17:00:00+00:00,-6.41,-1.006,-5.284,-1.454,-7.638,0.0
2024-11-12 18:00:00+00:00,-6.78,1.126,-5.257,1.628,-7.599,0.0
2024-11-12 19:00:00+00:00,-4.36,2.818,-3.868,4.074,-5.591,0.0
2024-11-12 20:00:00+00:00,-2.89,3.961,-2.576,5.725,-3.723,0.0
2024-11-12 21:00:00+00:00,-3.04,5.363,-0.869,7.752,-1.256,0.0
2024-11-12 22:00:00+00:00,-2.51,4.476,0.899,6.47,1.3,0.0
2024-11-12 23:00:00+00:00,-1.88,3.449,2.412,4.985,3.487,0.0
2024-11-13 00:00:00+00:00,-2.73,1.887,2.931,2.727,4.237,0.0
2024-11-13 01:00:00+00:00,-2.85,0.56,3.491,0.81,5.046,0.0
2024-11-13 02:00:00+00:00,-1.06,-0.72,2.728,-1.041,3.942,0.0
2024-11-13 03:00:00+00:00,-0.45,-1.251,1.932,-1.809,2.793,0.0
2024-11-13 04:00:00+00:00,-1.15,-1.991,1.098,-2.878,1.587,0.0
2024-11-13 05:00:00+00:00,-3.74,-2.589,0.249,-3.743,0.36,0.0
2024-11-13 06:00:00+00:00,-4.1,-2.488,-1.031,-3.596,-1.49,0.0
2024-11-13 07:00:00+00:00,-4.42,-2.966,-3.216,-4.287,-4.649,0.0
2024-11-13 08:00:00+00:00,-4.43,-1.065,-3.856,-1.539,-5.573,0.0
2024-11-13 09:00:00+00:00,-3.5,0.788,-3.913,1.139,-5.656,13.3
2024-11-13 10:00:00+00:00,-3.93,3.012,-3.637,4.354,-5.257,42.2
2024-11-13 11:00:00+00:00,-4.61,3.758,-1.626,5.432,-2.35,109.1
2024-11-13 12:00:00+00:00,-7.76,3.683,0.042,5.323,0.06,117.3
2024-11-13 13:00:00+00:00,-7.24,3.456,1.527,4.995,2.207,102.9
2024-11-13 14:00:00+00:00,-8.03,2.801,3.126,4.049,4.518,34.9
2024-11-13 15:00:00+00:00,-12.41,0.969,3.523,1.401,5.093,8.3
2024-11-13 16:00:00+00:00,-11.97,-0.756,3.469,-1.092,5.015,0.0
2024-11-13 17:00:00+00:00,-12.66,-2.103,2.481,-3.04,3.586,0.0
2024-11-13 18:00:00+00:00,-9.76,-3.262,0.783,-4.715,1.132,0.0
2024-11-13 19:00:00+00:00,-7.71,-3.423,-1.687,-4.947,-2.438,0.0
2024-11-13 20:00:00+00:00,-4.8,-1.636,-3.272,-2.365,-4.73,0.0
2024-11-13 21:00:00+00:00,-4.46,0.559,-2.957,0.808,-4.274,0.0
2024-11-13 22:00:00+00:00,-2.96,2.729,-2.41,3.945,-3.483,0.0
2024-11-13 23:00:00+00:00,-2.72,3.696,-0.25,5.343,-0.361,0.0
2024-11-14 00:00:00+00:00,-3.53,3.415,1.833,4.936,2.649,0.0
2024-11-14 01:00:00+00:00,-4.79,2.23,3.587,3.224,5.185,0.0
2024-11-14 02:00:00+00:00,-6.29,0.289,3.649,0.418,5.275,0.0
2024-11-14 03:00:00+00:00,-7.85,-1.464,3.405,-2.116,4.922,0.0
2024-11-14 04:00:00+00:00,-11.78,-2.958,2.259,-4.276,3.265,0.0
2024-11-14 05:00:00+00:00,-8.23,-3.76,0.607,-5.435,0.878,0.0
2024-11-14 06:00:00+00:00,-6.54,-3.442,-1.443,-4.975,-2.085,0.0
2024-11-14 07:00:00+00:00,-8.09,-2.256,-3.15,-3.261,-4.553,0.0
2024-11-14 08:00:00+00:00,-5.12,-0.391,-4.491,-0.565,-6.491,0.0
2024-11-14 09:00:00+00:00,-6.0,2.46,-3.861,3.555,-5.581,11.6
2024-11-14 10:00:00+00:00,-7.19,3.736,-1.376,5.4,-1.988,83.1
2024-11-14 11:00:00+00:00,-9.04,3.161,0.881,4.568,1.274,105.8
2024-11-14 12:00:00+00:00,-9.75,2.241,3.32,3.24,4.798,124.6
2024-11-14 13:00:00+00:00,-12.64,-0.052,4.304,-0.075,6.222,57.4
2024-11-14 14:00:00+00:00,-12.39,-2.536,3.448,-3.666,4.984,41.9
2024-11-14 15:00:00+00:00,-11.15,-4.68,1.616,-6.765,2.335,3.5
2024-11-14 16:00:00+00:00,-7.36,-4.754,-1.32,-6.871,-1.907,0.0
2024-11-14 17:00:00+00:00,-7.8,-3.074,-3.646,-4.443,-5.27,0.0
2024-11-14 18:00:00+00:00,-8.64,-0.41,-4.716,-0.593,-6.817,0.0
2024-11-14 19:00:00+00:00,-9.0,1.895,-3.122,2.739,-4.512,0.0
2024-11-14 20:00:00+00:00,-5.4,3.767,-1.418,5.445,-2.05,0.0
2024-11-14 21:00:00+00:00,-3.36,3.479,1.494,5.028,2.159,0.0
2024-11-14 22:00:00+00:00,-1.08,1.533,3.47,2.216,5.016,0.0
2024-11-14 23:00:00+00:00,-1.55,-1.023,3.1,-1.479,4.481,0.0
2024-11-15 00:00:00+00:00,-1.34,-3.071,1.327,-4.439,1.917,0.0
2024-11-15 01:00:00+00:00,-2.58,-3.008,-1.106,-4.348,-1.598,0.0
2024-11-15 02:00:00+00:00,-0.88,-1.686,-3.062,-2.438,-4.426,0.0
2024-11-15 03:00:00+00:00,-1.83,0.939,-3.325,1.357,-4.806,0.0
2024-11-15 04:00:00+00:00,-2.24,3.314,-2.273,4.79,-3.285,0.0
2024-11-15 05:00:00+00:00,-2.73,4.024,0.384,5.816,0.555,0.0
2024-11-15 06:00:00+00:00,-7.13,2.768,3.337,4.0,4.823,0.0
2024-11-15 07:00:00+00:00,-7.11,-0.274,4.029,-0.397,5.823,0.0
2024-11-15 08:00:00+00:00,-6.09,-3.36,2.653,-4.857,3.835,0.0
2024-11-15 09:00:00+00:00,-3.95,-4.637,-0.732,-6.703,-1.058,5.3
2024-11-15 10:00:00+00:00,-7.05,-2.734,-3.669,-3.952,-5.303,24.8
2024-11-15 11:00:00+00:00,-8.56,0.331,-3.881,0.479,-5.61,85.9
2024-11-15 12:00:00+00:00,-10.21,3.212,-2.813,4.642,-4.065,72.9
2024-11-15 13:00:00+00:00,-15.24,4.471,0.489,6.462,0.706,64.8
2024-11-15 14:00:00+00:00,-11.77,2.506,3.85,3.623,5.565,35.1
2024-11-15 15:00:00+00:00,-13.37,-0.999,4.178,-1.444,6.039,3.8
2024-11-15 16:00:00+00:00,-9.99,-3.372,2.09,-4.874,3.021,0.0
2024-11-15 17:00:00+00:00,-7.92,-4.619,-1.322,-6.677,-1.911,0.0
2024-11-15 18:00:00+00:00,-11.49,-1.824,-3.619,-2.636,-5.231,0.0
2024-11-15 19:00:00+00:00,-9.87,1.739,-3.701,2.514,-5.35,0.0
2024-11-15 20:00:00+00:00,-8.51,4.565,-0.792,6.599,-1.144,0.0
2024-11-15 21:00:00+00:00,-6.61,3.315,3.252,4.792,4.7,0.0
2024-11-15 22:00:00+00:00,-4.54,-0.898,4.709,-1.298,6.807,0.0
2024-11-15 23:00:00+00:00,-3.16,-4.919,1.996,-7.11,2.885,0.0
2024-11-16 00:00:00+00:00,-3.72,-5.206,-3.396,-7.526,-4.909,0.0
2024-11-16 01:00:00+00:00,-4.15,-0.38,-5.349,-0.55,-7.731,0.0
2024-11-16 02:00:00+00:00,-4.84,3.775,-2.664,5.456,-3.851,0.0
2024-11-16 03:00:00+00:00,-7.49,4.666,1.991,6.744,2.878,0.0
2024-11-16 04:00:00+00:00,-8.13,0.445,5.044,0.643,7.29,0.0
2024-11-16 05:00:00+00:00,-7.1,-4.951,2.918,-7.156,4.218,0.0
2024-11-16 06:00:00+00:00,-6.36,-6.445,-4.136,-9.316,-5.979,0.0
2024-11-16 07:00:00+00:00,-8.37,1.145,-8.056,1.655,-11.645,0.0
2024-11-16 08:00:00+00:00,-9.96,7.291,-2.599,10.539,-3.757,0.0
2024-11-16 09:00:00+00:00,-11.74,5.855,5.671,8.464,8.198,3.7
2024-11-16 10:00:00+00:00,-12.65,-2.263,7.764,-3.271,11.223,71.4
2024-11-16 11:00:00+00:00,-12.06,-7.154,1.255,-10.341,1.814,119.9
2024-11-16 12:00:00+00:00,-10.89,-5.127,-6.014,-7.411,-8.693,135.2
2024-11-16 13:00:00+00:00,-11.92,2.214,-7.559,3.201,-10.925,104.9
2024-11-16 14:00:00+00:00,-11.26,9.134,-3.047,13.202,-4.405,51.3
2024-11-16 15:00:00+00:00,-9.61,7.428,6.213,10.736,8.981,2.0
2024-11-16 16:00:00+00:00,-9.08,-0.798,10.557,-1.154,15.259,0.0
2024-11-16 17:00:00+00:00,-7.38,-10.602,5.539,-15.325,8.006,0.0
2024-11-16 18:00:00+00:00,-7.63,-10.462,-5.599,-15.122,-8.093,0.0
2024-11-16 19:00:00+00:00,-7.85,-2.796,-12.842,-4.041,-18.563,0.0
2024-11-16 20:00:00+00:00,-7.63,7.289,-10.991,10.536,-15.887,0.0
2024-11-16 21:00:00+00:00,-8.12,16.542,-2.878,23.911,-4.159,0.0
2024-11-16 22:00:00+00:00,-8.71,13.472,9.865,19.473,14.259,0.0
2024-11-16 23:00:00+00:00,-8.24,2.09,15.992,3.02,23.115,0.0
2024-11-17 00:00:00+00:00,-6.62,-11.412,11.531,-16.495,16.668,0.0
2024-11-17 01:00:00+00:00,-5.39,-15.796,-1.226,-22.832,-1.772,0.0
2024-11-17 02:00:00+00:00,-5.98,-9.861,-13.632,-14.254,-19.705,0.0
2024-11-17 03:00:00+00:00,-7.64,2.903,-12.447,4.197,-17.991,0.0
2024-11-17 04:00:00+00:00,-7.25,11.621,-6.283,16.797,-9.081,0.0
2024-11-17 05:00:00+00:00,-6.72,11.902,3.861,17.204,5.58,0.0
2024-11-17 06:00:00+00:00,-8.78,4.426,8.563,6.397,12.377,0.0
2024-11-17 07:00:00+00:00,-8.53,-3.125,8.616,-4.517,12.453,0.0
2024-11-17 08:00:00+00:00,-9.17,-11.024,5.045,-15.935,7.292,0.0
2024-11-17 09:00:00+00:00,-10.34,-11.65,-5.263,-16.839,-7.607,0.0
2024-11-17 10:00:00+00:00,-10.92,-3.526,-13.378,-5.096,-19.338,34.1
2024-11-17 11:00:00+00:00,-11.01,7.925,-10.473,11.455,-15.139,56.2
2024-11-17 12:00:00+00:00,-13.64,10.336,-0.085,14.94,-0.123,67.8
2024-11-17 13:00:00+00:00,-13.0,6.346,7.347,9.173,10.62,41.5
2024-11-17 14:00:00+00:00,-13.33,-1.735,10.38,-2.508,15.004,21.9
2024-11-17 15:00:00+00:00,-11.43,-6.766,3.789,-9.78,5.477,0.0
2024-11-17 16:00:00+00:00,-10.53,-5.598,-2.118,-8.092,-3.061,0.0
2024-11-17 17:00:00+00:00,-10.53,-2.22,-6.203,-3.209,-8.966,0.0
2024-11-17 18:00:00+00:00,-10.35,3.516,-6.523,5.082,-9.429,0.0
2024-11-17 19:00:00+00:00,-9.27,6.297,-1.886,9.102,-2.726,0.0
2024-11-17 20:00:00+00:00,-10.14,5.112,3.483,7.389,5.035,0.0
2024-11-17 21:00:00+00:00,-11.12,0.852,6.378,1.231,9.219,0.0
2024-11-17 22:00:00+00:00,-9.68,-4.591,5.907,-6.636,8.539,0.0
2024-11-17 23:00:00+00:00,-8.82,-7.154,0.846,-10.341,1.223,0.0
2024-11-18 00:00:00+00:00,-8.23,-5.031,-3.605,-7.272,-5.211,0.0
2024-11-18 01:00:00+00:00,-8.38,-1.492,-6.846,-2.157,-9.896,0.0
2024-11-18 02:00:00+00:00,-6.02,3.89,-5.576,5.622,-8.06,0.0
2024-11-18 03:00:00+00:00,-7.51,6.246,-1.209,9.028,-1.747,0.0
2024-11-18 04:00:00+00:00,-9.1,4.93,3.198,7.127,4.622,0.0
2024-11-18 05:00:00+00:00,-9.8,1.233,4.865,1.782,7.032,0.0
2024-11-18 06:00:00+00:00,-8.93,-2.717,4.566,-3.927,6.6,0.0
2024-11-18 07:00:00+00:00,-11.14,-4.216,0.911,-6.094,1.317,0.0
2024-11-18 08:00:00+00:00,-12.97,-3.729,-2.758,-5.39,-3.986,0.0
2024-11-18 09:00:00+00:00,-15.05,-0.132,-4.181,-0.19,-6.043,0.0
2024-11-18 10:00:00+00:00,-15.52,2.726,-2.142,3.94,-3.096,42.6
2024-11-18 11:00:00+00:00,-13.96,3.804,1.093,5.498,1.58,62.2
2024-11-18 12:00:00+00:00,-16.31,1.513,4.051,2.187,5.855,86.1
2024-11-18 13:00:00+00:00,-15.65,-2.444,3.854,-3.532,5.57,54.2
2024-11-18 14:00:00+00:00,-14.83,-4.987,0.675,-7.209,0.976,39.5
2024-11-18 15:00:00+00:00,-15.0,-3.178,-2.776,-4.594,-4.013,0.0
2024-11-18 16:00:00+00:00,-16.15,-0.124,-4.515,-0.179,-6.526,0.0
2024-11-18 17:00:00+00:00,-13.99,2.729,-2.917,3.945,-4.217,0.0
2024-11-18 18:00:00+00:00,-12.64,3.83,-0.092,5.535,-0.133,0.0
2024-11-18 19:00:00+00:00,-14.22,3.582,3.199,5.177,4.625,0.0
2024-11-18 20:00:00+00:00,-15.48,0.588,4.913,0.85,7.101,0.0
2024-11-18 21:00:00+00:00,-15.42,-3.043,4.396,-4.398,6.354,0.0
2024-11-18 22:00:00+00:00,-15.71,-4.362,1.206,-6.306,1.743,0.0
2024-11-18 23:00:00+00:00,-10.83,-3.853,-1.588,-5.57,-2.296,0.0
2024-11-19 00:00:00+00:00,-9.76,-2.395,-3.711,-3.462,-5.364,0.0
2024-11-19 01:00:00+00:00,-7.5,0.01,-4.236,0.015,-6.122,0.0
2024-11-19 02:00:00+00:00,-6.22,2.65,-3.782,3.831,-5.467,0.0
2024-11-19 03:00:00+00:00,-2.39,3.852,-1.656,5.568,-2.394,0.0
2024-11-19 04:00:00+00:00,-1.82,3.723,0.712,5.382,1.029,0.0
2024-11-19 05:00:00+00:00,-1.06,2.948,3.039,4.262,4.393,0.0
2024-11-19 06:00:00+00:00,-2.43,1.467,5.959,2.121,8.614,0.0
2024-11-19 07:00:00+00:00,-5.64,-1.685,5.947,-2.436,8.596,0.0
2024-11-19 08:00:00+00:00,-6.62,-3.579,4.452,-5.173,6.435,0.0
2024-11-19 09:00:00+00:00,-7.49,-3.831,1.987,-5.537,2.871,0.0
2024-11-19 10:00:00+00:00,-11.47,-3.745,0.134,-5.414,0.194,63.4
2024-11-19 11:00:00+00:00,-11.42,-3.426,-1.616,-4.951,-2.336,89.0
2024-11-19 12:00:00+00:00,-10.43,-2.647,-3.522,-3.825,-5.091,123.6
2024-11-19 13:00:00+00:00,-12.02,-0.685,-5.607,-0.99,-8.104,90.9
2024-11-19 14:00:00+00:00,-10.51,2.615,-5.558,3.78,-8.034,57.9
2024-11-19 15:00:00+00:00,-10.86,4.303,-2.641,6.22,-3.817,0.0
2024-11-19 16:00:00+00:00,-10.81,4.087,0.211,5.907,0.305,0.0
2024-11-19 17:00:00+00:00,-11.31,2.746,2.331,3.968,3.37,0.0
2024-11-19 18:00:00+00:00,-9.41,0.52,3.216,0.752,4.648,0.0
2024-11-19 19:00:00+00:00,-8.62,-1.374,2.744,-1.985,3.966,0.0
2024-11-19 20:00:00+00:00,-8.28,-2.972,1.367,-4.296,1.976,0.0
2024-11-19 21:00:00+00:00,-6.82,-3.442,-0.647,-4.976,-0.935,0.0
2024-11-19 22:00:00+00:00,-7.6,-1.827,-1.978,-2.64,-2.859,0.0
2024-11-19 23:00:00+00:00,-5.97,-0.174,-2.728,-0.252,-3.943,0.0
2024-11-20 00:00:00+00:00,-4.01,1.783,-2.264,2.577,-3.272,0.0
2024-11-20 01:00:00+00:00,-3.42,3.191,-0.6,4.613,-0.867,0.0
2024-11-20 02:00:00+00:00,-2.21,3.076,1.557,4.446,2.251,0.0
2024-11-20 03:00:00+00:00,-2.52,1.938,3.569,2.801,5.158,0.0
2024-11-20 04:00:00+00:00,-2.58,-0.736,4.477,-1.064,6.471,0.0
2024-11-20 05:00:00+00:00,-4.8,-3.613,3.436,-5.223,4.966,0.0
2024-11-20 06:00:00+00:00,-8.58,-4.299,0.506,-6.214,0.732,0.0
2024-11-20 07:00:00+00:00,-8.6,-3.832,-1.925,-5.539,-2.783,0.0
2024-11-20 08:00:00+00:00,-7.22,-2.435,-3.622,-3.519,-5.236,0.0
2024-11-20 09:00:00+00:00,-8.84,-0.389,-3.894,-0.563,-5.629,0.0
2024-11-20 10:00:00+00:00,-8.98,1.959,-4.667,2.831,-6.745,28.7
2024-11-20 11:00:00+00:00,-8.8,5.485,-3.34,7.929,-4.827,93.0
2024-11-20 12:00:00+00:00,-10.22,5.331,0.664,7.705,0.96,105.1
2024-11-20 13:00:00+00:00,-10.74,3.929,4.057,5.68,5.864,104.7
2024-11-20 14:00:00+00:00,-12.23,0.437,4.434,0.632,6.409,60.1
2024-11-20 15:00:00+00:00,-13.0,-2.301,3.982,-3.325,5.755,0.0
2024-11-20 16:00:00+00:00,-13.59,-4.445,2.206,-6.426,3.188,0.0
2024-11-20 17:00:00+00:00,-14.32,-3.897,-0.665,-5.633,-0.961,0.0
2024-11-20 18:00:00+00:00,-11.43,-2.688,-2.296,-3.885,-3.319,0.0
2024-11-20 19:00:00+00:00,-12.39,-1.489,-3.542,-2.152,-5.12,0.0
2024-11-20 20:00:00+00:00,-10.93,0.263,-5.963,0.381,-8.62,0.0
2024-11-20 21:00:00+00:00,-7.72,2.975,-5.107,4.3,-7.382,0.0
2024-11-20 22:00:00+00:00,-7.6,5.228,-3.144,7.557,-4.545,0.0
2024-11-20 23:00:00+00:00,-8.15,6.812,-0.558,9.846,-0.807,0.0
2024-11-21 00:00:00+00:00,-9.04,6.732,2.792,9.731,4.035,0.0
2024-11-21 01:00:00+00:00,-7.53,4.232,5.881,6.118,8.501,0.0
2024-11-21 02:00:00+00:00,-6.89,0.796,7.315,1.151,10.573,0.0
2024-11-21 03:00:00+00:00,-6.66,-3.04,8.079,-4.394,11.678,0.0
2024-11-21 04:00:00+00:00,-5.5,-6.079,6.163,-8.787,8.909,0.0
2024-11-21 05:00:00+00:00,-6.6,-8.274,3.367,-11.96,4.866,0.0
2024-11-21 06:00:00+00:00,-6.11,-11.016,-0.194,-15.923,-0.28,0.0
2024-11-21 07:00:00+00:00,-5.64,-12.072,-5.967,-17.449,-8.624,0.0
2024-11-21 08:00:00+00:00,-5.6,-5.593,-6.651,-8.084,-9.614,0.0
2024-11-21 09:00:00+00:00,-6.31,-2.796,-7.893,-4.041,-11.409,0.0
2024-11-21 10:00:00+00:00,-4.28,0.328,-7.233,0.475,-10.454,12.5
2024-11-21 11:00:00+00:00,-4.58,2.615,-6.799,3.779,-9.828,22.3
2024-11-21 12:00:00+00:00,-5.58,4.281,-5.126,6.188,-7.41,25.6
2024-11-21 13:00:00+00:00,-8.38,4.278,-2.901,6.183,-4.193,22.3
2024-11-21 14:00:00+00:00,-11.81,5.505,-1.455,7.957,-2.103,12.5
2024-11-21 15:00:00+00:00,-8.76,5.239,0.313,7.573,0.453,0.0
2024-11-21 16:00:00+00:00,-5.57,4.598,1.877,6.647,2.714,0.0
2024-11-21 17:00:00+00:00,-5.13,3.341,2.731,4.83,3.948,0.0
2024-11-21 18:00:00+00:00,-5.87,2.268,3.528,3.278,5.1,0.0
2024-11-21 19:00:00+00:00,-5.46,0.73,3.517,1.055,5.084,0.0
2024-11-21 20:00:00+00:00,-2.54,-0.735,4.299,-1.063,6.213,0.0
2024-11-21 21:00:00+00:00,-2.39,-2.786,3.897,-4.027,5.633,0.0
2024-11-21 22:00:00+00:00,-3.17,-3.725,1.962,-5.384,2.836,0.0
2024-11-21 23:00:00+00:00,-2.54,-4.547,0.329,-6.572,0.476,0.0
2024-11-22 00:00:00+00:00,0.12,-4.67,-1.315,-6.751,-1.9,0.0
2024-11-22 01:00:00+00:00,0.19,-4.33,-2.841,-6.259,-4.106,0.0
2024-11-22 02:00:00+00:00,-1.83,-2.947,-3.244,-4.259,-4.689,0.0
2024-11-22 03:00:00+00:00,-1.74,-2.448,-4.022,-3.538,-5.814,0.0
2024-11-22 04:00:00+00:00,-2.9,-2.31,-4.843,-3.339,-7.0,0.0
2024-11-22 05:00:00+00:00,-3.9,-1.335,-4.421,-1.93,-6.391,0.0
2024-11-22 06:00:00+00:00,-2.42,-1.219,-4.33,-1.762,-6.258,0.0
2024-11-22 07:00:00+00:00,-3.04,-1.514,-4.774,-2.188,-6.9,0.0
2024-11-22 08:00:00+00:00,-4.12,-1.435,-4.345,-2.074,-6.281,0.0
2024-11-22 09:00:00+00:00,-3.05,-2.277,-5.424,-3.292,-7.84,0.0
2024-11-22 10:00:00+00:00,-3.21,-1.963,-4.488,-2.837,-6.488,53.3
2024-11-22 11:00:00+00:00,-3.1,-1.863,-4.688,-2.692,-6.776,97.8
2024-11-22 12:00:00+00:00,-5.22,-1.232,-4.768,-1.78,-6.892,112.9
2024-11-22 13:00:00+00:00,-6.06,-0.515,-4.842,-0.744,-6.998,79.0
2024-11-22 14:00:00+00:00,-8.25,-0.294,-5.191,-0.426,-7.504,34.8
2024-11-22 15:00:00+00:00,-8.62,0.149,-4.915,0.215,-7.105,0.0
2024-11-22 16:00:00+00:00,-7.43,0.452,-4.436,0.653,-6.412,0.0
2024-11-22 17:00:00+00:00,-6.63,0.772,-4.335,1.116,-6.266,0.0
2024-11-22 18:00:00+00:00,-6.32,1.068,-3.925,1.544,-5.673,0.0
2024-11-22 19:00:00+00:00,-4.62,1.348,-3.621,1.949,-5.234,0.0
2024-11-22 20:00:00+00:00,-0.26,1.77,-4.474,2.558,-6.467,0.0
2024-11-22 21:00:00+00:00,-1.25,1.289,-3.551,1.864,-5.133,0.0
2024-11-22 22:00:00+00:00,1.81,1.333,-3.765,1.926,-5.441,0.0
2024-11-22 23:00:00+00:00,1.79,0.941,-2.821,1.361,-4.077,0.0
2024-11-23 00:00:00+00:00,-0.18,1.15,-3.18,1.662,-4.597,0.0
2024-11-23 01:00:00+00:00,0.61,1.118,-3.691,1.616,-5.335,0.0
2024-11-23 02:00:00+00:00,1.42,0.947,-3.501,1.369,-5.061,0.0
2024-11-23 03:00:00+00:00,2.94,1.025,-4.25,1.481,-6.143,0.0
2024-11-23 04:00:00+00:00,1.18,0.814,-4.19,1.176,-6.057,0.0
2024-11-23 05:00:00+00:00,-0.31,0.479,-4.495,0.692,-6.497,0.0
2024-11-23 06:00:00+00:00,-2.02,0.023,-5.614,0.033,-8.115,0.0
2024-11-23 07:00:00+00:00,-4.02,-0.456,-5.999,-0.659,-8.672,0.0
2024-11-23 08:00:00+00:00,-5.98,-0.795,-5.717,-1.149,-8.264,0.0
2024-11-23 09:00:00+00:00,-6.64,-0.749,-6.765,-1.082,-9.778,0.0
2024-11-23 10:00:00+00:00,-8.55,-0.813,-7.611,-1.175,-11.001,20.8
2024-11-23 11:00:00+00:00,-8.92,-0.376,-8.558,-0.543,-12.37,75.4
2024-11-23 12:00:00+00:00,-8.96,-0.187,-10.529,-0.271,-15.218,90.9
2024-11-23 13:00:00+00:00,-8.31,-0.243,-10.902,-0.352,-15.758,51.6
2024-11-23 14:00:00+00:00,-8.8,-0.207,-9.634,-0.299,-13.925,15.8
2024-11-23 15:00:00+00:00,-11.02,0.327,-9.155,0.473,-13.233,0.0
2024-11-23 16:00:00+00:00,-9.83,0.986,-9.391,1.425,-13.574,0.0
2024-11-23 17:00:00+00:00,-7.64,1.038,-8.489,1.501,-12.271,0.0
2024-11-23 18:00:00+00:00,-6.4,0.659,-7.811,0.952,-11.291,0.0
2024-11-23 19:00:00+00:00,-1.86,0.269,-7.238,0.389,-10.461,0.0
2024-11-23 20:00:00+00:00,0.35,-0.337,-7.589,-0.487,-10.969,0.0
2024-11-23 21:00:00+00:00,-1.71,-0.959,-7.004,-1.386,-10.124,0.0
2024-11-23 22:00:00+00:00,-0.26,-1.427,-7.0,-2.063,-10.118,0.0
2024-11-23 23:00:00+00:00,0.45,-1.721,-8.693,-2.487,-12.565,0.0
2024-11-24 00:00:00+00:00,3.81,-2.445,-8.035,-3.535,-11.614,0.0
2024-11-24 01:00:00+00:00,5.62,-3.85,-8.18,-5.565,-11.824,0.0
2024-11-24 02:00:00+00:00,2.51,-4.2,-7.297,-6.071,-10.548,0.0
2024-11-24 03:00:00+00:00,2.17,-4.699,-6.655,-6.793,-9.619,0.0
2024-11-24 04:00:00+00:00,1.45,-5.53,-5.306,-7.993,-7.67,0.0
2024-11-24 05:00:00+00:00,-0.66,-6.938,-4.334,-10.028,-6.264,0.0
2024-11-24 06:00:00+00:00,-0.94,-7.473,-2.231,-10.802,-3.225,0.0
2024-11-24 07:00:00+00:00,-4.43,-7.191,-0.625,-10.394,-0.903,0.0
2024-11-24 08:00:00+00:00,-4.66,-7.892,1.83,-11.407,2.646,0.0
2024-11-24 09:00:00+00:00,-5.24,-6.964,4.338,-10.066,6.271,0.0
2024-11-24 10:00:00+00:00,-6.79,-5.152,5.419,-7.447,7.832,10.3
2024-11-24 11:00:00+00:00,-7.88,-2.949,6.448,-4.263,9.32,20.1
2024-11-24 12:00:00+00:00,-7.76,-0.626,8.146,-0.904,11.774,30.2
2024-11-24 13:00:00+00:00,-8.66,2.949,8.637,4.263,12.485,51.9
2024-11-24 14:00:00+00:00,-6.76,6.841,7.18,9.888,10.378,35.0
2024-11-24 15:00:00+00:00,-2.89,9.153,3.575,13.231,5.167,0.0
2024-11-24 16:00:00+00:00,-4.01,7.376,-1.022,10.662,-1.478,0.0
2024-11-24 17:00:00+00:00,-2.15,5.967,-5.07,8.625,-7.328,0.0
2024-11-24 18:00:00+00:00,-2.14,2.187,-6.415,3.161,-9.272,0.0
2024-11-24 19:00:00+00:00,-2.73,-2.013,-7.709,-2.91,-11.142,0.0
2024-11-24 20:00:00+00:00,-5.1,-5.86,-4.493,-8.47,-6.494,0.0
2024-11-24 21:00:00+00:00,-3.66,-7.417,0.381,-10.721,0.551,0.0
2024-11-24 22:00:00+00:00,-3.47,-6.537,5.686,-9.449,8.218,0.0
2024-11-24 23:00:00+00:00,-5.81,-1.451,8.079,-2.097,11.678,0.0
2024-11-25 00:00:00+00:00,-5.97,4.058,7.73,5.865,11.173,0.0
2024-11-25 01:00:00+00:00,-5.19,6.752,2.959,9.759,4.277,0.0
2024-11-25 02:00:00+00:00,-3.69,8.054,-1.805,11.641,-2.61,0.0
2024-11-25 03:00:00+00:00,-3.77,5.224,-5.507,7.551,-7.96,0.0
2024-11-25 04:00:00+00:00,-5.81,0.715,-6.741,1.034,-9.744,0.0
2024-11-25 05:00:00+00:00,-3.97,-3.618,-6.688,-5.23,-9.668,0.0
2024-11-25 06:00:00+00:00,-4.97,-7.325,-3.119,-10.588,-4.508,0.0
2024-11-25 07:00:00+00:00,-6.27,-6.813,1.557,-9.847,2.25,0.0
2024-11-25 08:00:00+00:00,-7.31,-5.415,6.724,-7.827,9.72,0.0
2024-11-25 09:00:00+00:00,-8.06,-0.348,10.919,-0.504,15.783,0.0
2024-11-25 10:00:00+00:00,-9.96,5.829,8.698,8.426,12.573,29.6
2024-11-25 11:00:00+00:00,-8.7,9.814,3.724,14.185,5.382,48.2
2024-11-25 12:00:00+00:00,-8.17,11.476,-2.61,16.587,-3.773,26.5
2024-11-25 13:00:00+00:00,-10.63,8.128,-8.774,11.748,-12.683,59.7
2024-11-25 14:00:00+00:00,-10.45,1.3,-9.146,1.879,-13.22,37.0
2024-11-25 15:00:00+00:00,-9.22,-4.554,-9.391,-6.583,-13.574,0.0
2024-11-25 16:00:00+00:00,-8.54,-8.524,-6.11,-12.32,-8.832,0.0
2024-11-25 17:00:00+00:00,-9.02,-9.057,-1.09,-13.091,-1.576,0.0
2024-11-25 18:00:00+00:00,-8.34,-9.299,3.833,-13.441,5.541,0.0
2024-11-25 19:00:00+00:00,-6.92,-6.016,8.075,-8.695,11.672,0.0
2024-11-25 20:00:00+00:00,-2.46,-1.037,13.904,-1.498,20.098,0.0
2024-11-25 21:00:00+00:00,-1.31,6.212,13.397,8.979,19.365,0.0
2024-11-25 22:00:00+00:00,0.06,12.508,7.732,18.08,11.177,0.0
2024-11-25 23:00:00+00:00,1.15,15.293,-1.377,22.105,-1.991,0.0
2024-11-26 00:00:00+00:00,0.0,10.33,-8.931,14.932,-12.909,0.0
2024-11-26 01:00:00+00:00,0.77,2.518,-10.78,3.639,-15.582,0.0
2024-11-26 02:00:00+00:00,2.03,-5.325,-13.275,-7.697,-19.189,0.0
2024-11-26 03:00:00+00:00,2.72,-13.758,-9.057,-19.887,-13.091,0.0
2024-11-26 04:00:00+00:00,1.23,-16.119,1.349,-23.299,1.949,0.0
2024-11-26 05:00:00+00:00,3.38,-12.105,11.17,-17.497,16.146,0.0
2024-11-26 06:00:00+00:00,1.55,-1.624,19.303,-2.347,27.901,0.0
2024-11-26 07:00:00+00:00,-1.95,10.698,16.149,15.463,23.343,0.0
2024-11-26 08:00:00+00:00,-4.08,17.363,5.246,25.097,7.583,0.0
2024-11-26 09:00:00+00:00,-5.77,14.982,-6.716,21.656,-9.708,0.0
2024-11-26 10:00:00+00:00,-5.5,5.15,-11.904,7.444,-17.206,31.4
2024-11-26 11:00:00+00:00,-6.83,-3.137,-10.906,-4.535,-15.764,85.2
2024-11-26 12:00:00+00:00,-7.46,-7.698,-5.912,-11.127,-8.545,100.3
2024-11-26 13:00:00+00:00,-7.14,-8.182,-0.101,-11.826,-0.146,85.2
2024-11-26 14:00:00+00:00,-6.7,-6.637,4.268,-9.593,6.169,40.9
2024-11-26 15:00:00+00:00,-7.57,-2.751,5.615,-3.976,8.117,0.0
2024-11-26 16:00:00+00:00,-8.5,0.29,6.185,0.419,8.94,0.0
2024-11-26 17:00:00+00:00,-8.75,3.119,4.726,4.509,6.831,0.0
2024-11-26 18:00:00+00:00,-7.86,5.691,2.013,8.227,2.909,0.0
2024-11-26 19:00:00+00:00,-8.12,4.933,-1.377,7.13,-1.991,0.0
2024-11-26 20:00:00+00:00,-10.88,2.921,-3.419,4.222,-4.942,0.0
2024-11-26 21:00:00+00:00,-7.93,0.693,-5.372,1.002,-7.765,0.0
2024-11-26 22:00:00+00:00,-7.31,-2.095,-4.643,-3.028,-6.711,0.0
2024-11-26 23:00:00+00:00,-7.16,-4.148,-2.392,-5.996,-3.458,0.0
2024-11-27 00:00:00+00:00,-9.98,-4.594,0.446,-6.641,0.645,0.0
2024-11-27 01:00:00+00:00,-9.12,-4.277,3.6,-6.182,5.203,0.0
2024-11-27 02:00:00+00:00,-7.92,-2.36,6.785,-3.411,9.807,0.0
2024-11-27 03:00:00+00:00,-5.77,1.574,7.155,2.274,10.342,0.0
2024-11-27 04:00:00+00:00,-5.26,4.683,5.17,6.77,7.473,0.0
2024-11-27 05:00:00+00:00,-8.2,6.547,2.46,9.464,3.556,0.0
2024-11-27 06:00:00+00:00,-9.32,6.147,-0.944,8.885,-1.364,0.0
2024-11-27 07:00:00+00:00,-7.72,3.981,-2.925,5.754,-4.228,0.0
2024-11-27 08:00:00+00:00,-7.79,2.156,-5.179,3.117,-7.485,0.0
2024-11-27 09:00:00+00:00,-7.56,-0.689,-5.003,-0.995,-7.232,0.0
2024-11-27 10:00:00+00:00,-10.1,-3.148,-4.405,-4.551,-6.367,20.3
2024-11-27 11:00:00+00:00,-9.56,-4.676,-2.53,-6.76,-3.657,18.1
2024-11-27 12:00:00+00:00,-10.66,-4.704,-0.005,-6.799,-0.007,21.4
2024-11-27 13:00:00+00:00,-12.09,-4.122,2.151,-5.958,3.109,18.1
2024-11-27 14:00:00+00:00,-10.81,-2.644,3.94,-3.822,5.695,8.4
2024-11-27 15:00:00+00:00,-7.66,-0.106,3.607,-0.154,5.214,0.0
2024-11-27 16:00:00+00:00,-6.93,2.046,3.568,2.958,5.158,0.0
2024-11-27 17:00:00+00:00,-8.04,3.107,1.879,4.491,2.716,0.0
2024-11-27 18:00:00+00:00,-8.47,4.859,0.024,7.023,0.034,0.0
2024-11-27 19:00:00+00:00,-6.82,4.376,-1.956,6.326,-2.828,0.0
2024-11-27 20:00:00+00:00,-6.53,3.925,-4.173,5.674,-6.032,0.0
2024-11-27 21:00:00+00:00,-6.92,1.949,-4.558,2.818,-6.589,0.0
2024-11-27 22:00:00+00:00,-8.5,0.303,-5.372,0.438,-7.765,0.0
2024-11-27 23:00:00+00:00,-7.65,-1.345,-5.186,-1.943,-7.496,0.0
2024-11-28 00:00:00+00:00,-11.27,-2.382,-3.912,-3.443,-5.654,0.0
2024-11-28 01:00:00+00:00,-10.24,-2.989,-3.115,-4.32,-4.502,0.0
2024-11-28 02:00:00+00:00,-11.02,-3.546,-2.162,-5.126,-3.125,0.0
2024-11-28 03:00:00+00:00,-9.43,-3.062,-0.771,-4.427,-1.114,0.0
2024-11-28 04:00:00+00:00,-10.53,-4.415,0.494,-6.382,0.714,0.0
2024-11-28 05:00:00+00:00,-11.12,-4.612,2.499,-6.667,3.612,0.0
2024-11-28 06:00:00+00:00,-10.43,-4.008,4.176,-5.793,6.036,0.0
2024-11-28 07:00:00+00:00,-8.97,-2.451,5.075,-3.543,7.336,0.0
2024-11-28 08:00:00+00:00,-10.06,-1.063,6.592,-1.536,9.529,0.0
2024-11-28 09:00:00+00:00,-10.35,0.844,7.308,1.219,10.563,0.0
2024-11-28 10:00:00+00:00,-11.68,2.623,6.361,3.791,9.194,35.4
2024-11-28 11:00:00+00:00,-13.44,4.142,5.902,5.987,8.532,79.6
2024-11-28 12:00:00+00:00,-13.08,4.175,4.001,6.035,5.783,94.7
2024-11-28 13:00:00+00:00,-13.31,4.551,3.12,6.578,4.51,79.6
2024-11-28 14:00:00+00:00,-10.59,5.286,2.271,7.641,3.282,35.4
2024-11-28 15:00:00+00:00,-8.66,6.075,1.421,8.782,2.054,0.0
2024-11-28 16:00:00+00:00,-6.12,5.154,0.365,7.449,0.527,0.0
2024-11-28 17:00:00+00:00,-4.93,5.514,-0.481,7.97,-0.695,0.0
2024-11-28 18:00:00+00:00,-5.45,5.645,-1.056,8.16,-1.526,0.0
2024-11-28 19:00:00+00:00,-4.63,5.03,-1.618,7.271,-2.339,0.0
2024-11-28 20:00:00+00:00,-7.15,4.188,-2.118,6.054,-3.061,0.0
2024-11-28 21:00:00+00:00,-8.52,3.782,-3.426,5.467,-4.953,0.0
2024-11-28 22:00:00+00:00,-7.51,2.329,-4.616,3.366,-6.672,0.0
2024-11-28 23:00:00+00:00,-6.51,0.489,-4.02,0.707,-5.811,0.0
2024-11-29 00:00:00+00:00,-7.17,-0.983,-3.431,-1.421,-4.959,0.0
2024-11-29 01:00:00+00:00,-9.74,-1.521,-2.318,-2.198,-3.35,0.0
2024-11-29 02:00:00+00:00,-9.3,-2.348,-2.151,-3.394,-3.108,0.0
2024-11-29 03:00:00+00:00,-7.01,-2.714,-1.636,-3.923,-2.365,0.0
2024-11-29 04:00:00+00:00,-5.46,-3.052,-1.284,-4.412,-1.856,0.0
2024-11-29 05:00:00+00:00,-7.41,-3.331,-1.069,-4.815,-1.545,0.0
2024-11-29 06:00:00+00:00,-4.65,-3.073,-0.736,-4.442,-1.064,0.0
2024-11-29 07:00:00+00:00,-3.87,-3.652,-0.871,-5.279,-1.258,0.0
2024-11-29 08:00:00+00:00,-5.85,-3.925,-0.968,-5.673,-1.4,0.0
2024-11-29 09:00:00+00:00,-4.7,-3.14,-0.871,-4.539,-1.259,0.0
2024-11-29 10:00:00+00:00,-5.11,-2.373,-0.867,-3.43,-1.254,32.8
2024-11-29 11:00:00+00:00,-4.56,-2.454,-1.127,-3.547,-1.63,77.0
2024-11-29 12:00:00+00:00,-3.33,-2.028,-1.151,-2.931,-1.664,92.1
2024-11-29 13:00:00+00:00,-4.18,-1.868,-1.473,-2.699,-2.129,77.0
2024-11-29 14:00:00+00:00,-4.55,-2.224,-1.98,-3.215,-2.861,32.8
2024-11-29 15:00:00+00:00,-6.37,-2.325,-2.275,-3.361,-3.288,0.0
2024-11-29 16:00:00+00:00,-6.54,-2.018,-2.26,-2.917,-3.266,0.0
2024-11-29 17:00:00+00:00,-5.91,-2.827,-3.241,-4.086,-4.685,0.0
2024-11-29 18:00:00+00:00,-1.72,-2.561,-2.776,-3.702,-4.012,0.0
2024-11-29 19:00:00+00:00,-0.11,-2.846,-2.684,-4.114,-3.88,0.0
2024-11-29 20:00:00+00:00,-1.65,-3.146,-2.423,-4.548,-3.502,0.0
2024-11-29 21:00:00+00:00,-0.75,-3.686,-2.348,-5.328,-3.394,0.0
2024-11-29 22:00:00+00:00,0.2,-4.036,-2.064,-5.834,-2.984,0.0
2024-11-29 23:00:00+00:00,1.17,-3.617,-1.793,-5.229,-2.592,0.0
2024-11-30 00:00:00+00:00,2.37,-3.651,-1.631,-5.277,-2.358,0.0
2024-11-30 01:00:00+00:00,2.93,-3.894,-1.385,-5.629,-2.002,0.0
2024-11-30 02:00:00+00:00,3.28,-4.092,-1.268,-5.915,-1.832,0.0
2024-11-30 03:00:00+00:00,1.95,-3.589,-0.908,-5.188,-1.312,0.0
2024-11-30 04:00:00+00:00,2.38,-4.157,-1.01,-6.009,-1.46,0.0
2024-11-30 05:00:00+00:00,2.62,-3.465,-0.748,-5.009,-1.082,0.0
2024-11-30 06:00:00+00:00,4.82,-3.673,-0.505,-5.309,-0.731,0.0
2024-11-30 07:00:00+00:00,-0.0,-4.16,-0.036,-6.013,-0.052,0.0
2024-11-30 08:00:00+00:00,-0.13,-4.711,0.527,-6.81,0.762,0.0
2024-11-30 09:00:00+00:00,-2.01,-4.231,0.996,-6.115,1.44,0.0
2024-11-30 10:00:00+00:00,-3.92,-3.679,1.498,-5.318,2.166,25.7
2024-11-30 11:00:00+00:00,-7.06,-2.933,1.671,-4.239,2.416,38.8
2024-11-30 12:00:00+00:00,-5.82,-2.743,2.283,-3.965,3.3,44.2
2024-11-30 13:00:00+00:00,-6.16,-3.93,3.813,-5.681,5.512,16.4
2024-11-30 14:00:00+00:00,-6.11,-3.861,4.07,-5.581,5.883,6.7
2024-11-30 15:00:00+00:00,-7.79,-3.182,3.623,-4.599,5.236,0.0
2024-11-30 16:00:00+00:00,-8.52,-2.906,3.815,-4.2,5.515,0.0
2024-11-30 17:00:00+00:00,-10.53,-1.881,3.402,-2.718,4.917,0.0
2024-11-30 18:00:00+00:00,-12.02,-1.617,3.917,-2.337,5.662,0.0
2024-11-30 19:00:00+00:00,-11.59,-1.379,4.146,-1.994,5.993,0.0
2024-11-30 20:00:00+00:00,-8.3,-0.674,4.091,-0.974,5.914,0.0
2024-11-30 21:00:00+00:00,-9.37,-0.429,4.289,-0.62,6.199,0.0
2024-11-30 22:00:00+00:00,-9.46,-0.478,3.812,-0.691,5.51,0.0
2024-11-30 23:00:00+00:00,-6.07,-0.524,3.805,-0.758,5.5,0.0
2024-12-01 00:00:00+00:00,-7.13,-0.614,3.254,-0.887,4.703,0.0
2024-12-01 01:00:00+00:00,-9.01,-0.948,3.678,-1.371,5.317,0.0
2024-12-01 02:00:00+00:00,-9.47,-1.037,3.316,-1.499,4.793,0.0
2024-12-01 03:00:00+00:00,-8.56,-1.144,3.328,-1.654,4.81,0.0
2024-12-01 04:00:00+00:00,-9.14,-1.193,3.519,-1.724,5.087,0.0
2024-12-01 05:00:00+00:00,-10.02,-1.352,3.65,-1.955,5.276,0.0
2024-12-01 06:00:00+00:00,-10.37,-1.537,3.684,-2.222,5.326,0.0
2024-12-01 07:00:00+00:00,-11.01,-1.55,3.322,-2.241,4.802,0.0
2024-12-01 08:00:00+00:00,-11.33,-1.669,2.796,-2.413,4.042,0.0
2024-12-01 09:00:00+00:00,-6.83,-2.017,2.722,-2.916,3.934,0.0
2024-12-01 10:00:00+00:00,-8.15,-2.595,2.756,-3.751,3.984,15.7
2024-12-01 11:00:00+00:00,-6.89,-2.974,2.437,-4.299,3.523,15.9
2024-12-01 12:00:00+00:00,-8.74,-2.57,2.321,-3.715,3.356,19.2
2024-12-01 13:00:00+00:00,-10.26,-2.622,2.707,-3.79,3.913,15.9
2024-12-01 14:00:00+00:00,-9.5,-2.345,2.074,-3.39,2.998,6.2
2024-12-01 15:00:00+00:00,-6.76,-2.761,2.451,-3.991,3.543,0.0
2024-12-01 16:00:00+00:00,-8.58,-3.262,2.747,-4.715,3.971,0.0
2024-12-01 17:00:00+00:00,-8.08,-3.752,3.366,-5.423,4.865,0.0
2024-12-01 18:00:00+00:00,-6.27,-3.395,3.272,-4.907,4.73,0.0
2024-12-01 19:00:00+00:00,-6.78,-3.263,3.442,-4.717,4.975,0.0
2024-12-01 20:00:00+00:00,-6.37,-2.565,3.549,-3.708,5.13,0.0
2024-12-01 21:00:00+00:00,-5.64,-1.9,4.102,-2.747,5.929,0.0
2024-12-01 22:00:00+00:00,-4.03,-1.508,5.487,-2.18,7.931,0.0
2024-12-01 23:00:00+00:00,-4.39,-0.347,4.56,-0.502,6.592,0.0
2024-12-02 00:00:00+00:00,-2.83,0.659,5.676,0.953,8.205,0.0
2024-12-02 01:00:00+00:00,-2.96,1.745,4.792,2.522,6.926,0.0
2024-12-02 02:00:00+00:00,-3.39,2.965,4.547,4.286,6.572,0.0
2024-12-02 03:00:00+00:00,-3.98,3.292,3.003,4.759,4.341,0.0
2024-12-02 04:00:00+00:00,-4.02,4.384,2.32,6.337,3.353,0.0
2024-12-02 05:00:00+00:00,-5.74,3.794,0.938,5.483,1.356,0.0
2024-12-02 06:00:00+00:00,-6.49,4.103,0.339,5.93,0.49,0.0
2024-12-02 07:00:00+00:00,-4.09,4.167,-0.107,6.023,-0.154,0.0
2024-12-02 08:00:00+00:00,-3.75,4.195,-0.545,6.064,-0.788,0.0
2024-12-02 09:00:00+00:00,-3.03,4.291,-1.228,6.202,-1.775,0.0
2024-12-02 10:00:00+00:00,-4.92,5.029,-2.657,7.269,-3.84,15.8
2024-12-02 11:00:00+00:00,-8.99,5.226,-4.399,7.554,-6.358,57.6
2024-12-02 12:00:00+00:00,-10.82,4.28,-5.596,6.186,-8.088,35.8
2024-12-02 13:00:00+00:00,-12.93,1.898,-5.199,2.744,-7.515,44.4
2024-12-02 14:00:00+00:00,-13.48,-0.481,-6.653,-0.695,-9.617,20.1
2024-12-02 15:00:00+00:00,-13.84,-2.774,-5.877,-4.01,-8.494,0.0
2024-12-02 16:00:00+00:00,-15.24,-4.189,-4.234,-6.056,-6.12,0.0
2024-12-02 17:00:00+00:00,-11.61,-4.25,-2.448,-6.143,-3.539,0.0
2024-12-02 18:00:00+00:00,-11.77,-4.537,-0.891,-6.558,-1.288,0.0
2024-12-02 19:00:00+00:00,-11.23,-3.477,0.925,-5.026,1.337,0.0
2024-12-02 20:00:00+00:00,-9.59,-2.756,2.281,-3.984,3.297,0.0
2024-12-02 21:00:00+00:00,-10.35,-1.795,3.671,-2.595,5.306,0.0
2024-12-02 22:00:00+00:00,-10.45,-0.521,5.17,-0.754,7.473,0.0
2024-12-02 23:00:00+00:00,-12.01,0.992,4.778,1.435,6.906,0.0
2024-12-03 00:00:00+00:00,-10.64,2.518,3.838,3.639,5.548,0.0
2024-12-03 01:00:00+00:00,-12.92,4.53,3.341,6.548,4.829,0.0
2024-12-03 02:00:00+00:00,-14.08,5.502,2.066,7.953,2.986,0.0
2024-12-03 03:00:00+00:00,-12.89,6.71,1.122,9.699,1.621,0.0
2024-12-03 04:00:00+00:00,-16.54,8.346,-0.127,12.063,-0.183,0.0
2024-12-03 05:00:00+00:00,-17.57,6.627,-1.072,9.578,-1.55,0.0
2024-12-03 06:00:00+00:00,-17.55,5.044,-1.61,7.291,-2.328,0.0
2024-12-03 07:00:00+00:00,-12.96,4.731,-1.888,6.838,-2.728,0.0
2024-12-03 08:00:00+00:00,-10.92,6.317,-2.559,9.13,-3.699,0.0
2024-12-03 09:00:00+00:00,-9.61,6.342,-2.8,9.166,-4.048,0.0
2024-12-03 10:00:00+00:00,-12.18,7.293,-3.241,10.542,-4.685,23.7
2024-12-03 11:00:00+00:00,-13.04,6.752,-2.813,9.76,-4.066,67.7
2024-12-03 12:00:00+00:00,-11.18,7.475,-2.047,10.804,-2.959,82.7
2024-12-03 13:00:00+00:00,-13.43,9.301,-0.703,13.444,-1.016,67.7
2024-12-03 14:00:00+00:00,-13.89,9.955,1.354,14.389,1.957,23.7
2024-12-03 15:00:00+00:00,-16.84,8.892,2.939,12.853,4.249,0.0
2024-12-03 16:00:00+00:00,-17.39,8.171,4.86,11.811,7.024,0.0
2024-12-03 17:00:00+00:00,-17.89,8.973,7.738,12.97,11.184,0.0
2024-12-03 18:00:00+00:00,-17.6,7.264,9.85,10.499,14.238,0.0
2024-12-03 19:00:00+00:00,-16.27,4.545,11.869,6.57,17.155,0.0
2024-12-03 20:00:00+00:00,-15.64,0.299,11.26,0.431,16.276,0.0
2024-12-03 21:00:00+00:00,-17.67,-3.255,9.434,-4.704,13.637,0.0
2024-12-03 22:00:00+00:00,-16.4,-4.136,5.599,-5.978,8.093,0.0
2024-12-03 23:00:00+00:00,-13.97,-5.566,4.014,-8.046,5.802,0.0
2024-12-04 00:00:00+00:00,-13.42,-6.11,2.078,-8.832,3.003,0.0
2024-12-04 01:00:00+00:00,-12.48,-6.855,0.032,-9.908,0.046,0.0
2024-12-04 02:00:00+00:00,-14.09,-6.563,-1.978,-9.486,-2.859,0.0
2024-12-04 03:00:00+00:00,-13.85,-5.338,-3.615,-7.716,-5.225,0.0
2024-12-04 04:00:00+00:00,-14.64,-2.838,-3.875,-4.102,-5.601,0.0
2024-12-04 05:00:00+00:00,-13.24,-1.484,-4.541,-2.145,-6.563,0.0
2024-12-04 06:00:00+00:00,-12.05,0.214,-5.009,0.31,-7.24,0.0
2024-12-04 07:00:00+00:00,-11.68,1.99,-4.993,2.876,-7.217,0.0
2024-12-04 08:00:00+00:00,-12.76,3.616,-4.391,5.227,-6.347,0.0
2024-12-04 09:00:00+00:00,-15.04,4.723,-3.042,6.826,-4.397,0.0
2024-12-04 10:00:00+00:00,-17.85,5.475,-1.594,7.913,-2.304,19.9
2024-12-04 11:00:00+00:00,-16.81,5.213,0.195,7.536,0.282,62.4
2024-12-04 12:00:00+00:00,-17.82,4.597,1.465,6.644,2.117,80.7
2024-12-04 13:00:00+00:00,-21.46,3.055,1.97,4.416,2.848,49.7
2024-12-04 14:00:00+00:00,-21.56,2.096,2.595,3.03,3.751,21.7
2024-12-04 15:00:00+00:00,-20.98,1.503,3.596,2.172,5.198,0.0
2024-12-04 16:00:00+00:00,-20.39,0.258,3.366,0.373,4.865,0.0
2024-12-04 17:00:00+00:00,-20.3,-1.147,3.293,-1.658,4.76,0.0
2024-12-04 18:00:00+00:00,-21.22,-1.645,1.94,-2.378,2.804,0.0
2024-12-04 19:00:00+00:00,-18.75,-2.167,1.172,-3.132,1.694,0.0
2024-12-04 20:00:00+00:00,-16.86,-2.244,0.277,-3.244,0.401,0.0
2024-12-04 21:00:00+00:00,-14.07,-2.16,-0.518,-3.122,-0.749,0.0
2024-12-04 22:00:00+00:00,-13.3,-1.924,-1.106,-2.781,-1.599,0.0
2024-12-04 23:00:00+00:00,-10.82,-2.391,-2.313,-3.457,-3.343,0.0
2024-12-05 00:00:00+00:00,-13.17,-1.703,-2.915,-2.462,-4.213,0.0
2024-12-05 01:00:00+00:00,-9.46,-0.867,-3.293,-1.253,-4.76,0.0
2024-12-05 02:00:00+00:00,-11.76,-0.316,-4.526,-0.457,-6.542,0.0
2024-12-05 03:00:00+00:00,-11.94,0.329,-4.005,0.475,-5.79,0.0
2024-12-05 04:00:00+00:00,-10.2,1.077,-4.284,1.556,-6.192,0.0
2024-12-05 05:00:00+00:00,-12.21,1.785,-3.573,2.58,-5.164,0.0
2024-12-05 06:00:00+00:00,-9.63,2.742,-3.363,3.963,-4.862,0.0
2024-12-05 07:00:00+00:00,-11.5,2.484,-2.226,3.591,-3.217,0.0
2024-12-05 08:00:00+00:00,-12.49,2.348,-1.576,3.394,-2.278,0.0
2024-12-05 09:00:00+00:00,-14.99,2.553,-1.267,3.69,-1.831,0.0
2024-12-05 10:00:00+00:00,-15.33,2.308,-0.651,3.336,-0.941,19.8
2024-12-05 11:00:00+00:00,-12.79,2.329,-0.206,3.366,-0.298,63.8
2024-12-05 12:00:00+00:00,-16.71,2.147,0.133,3.103,0.193,64.4
2024-12-05 13:00:00+00:00,-17.41,1.98,0.371,2.862,0.536,63.8
2024-12-05 14:00:00+00:00,-16.03,2.202,0.581,3.183,0.839,19.6
2024-12-05 15:00:00+00:00,-15.65,1.952,0.74,2.821,1.069,0.0
2024-12-05 16:00:00+00:00,-18.47,1.455,0.776,2.103,1.122,0.0
2024-12-05 17:00:00+00:00,-16.19,1.345,1.087,1.944,1.571,0.0
2024-12-05 18:00:00+00:00,-14.75,1.45,1.395,2.095,2.017,0.0
2024-12-05 19:00:00+00:00,-12.63,1.325,1.465,1.915,2.118,0.0
2024-12-05 20:00:00+00:00,-9.66,1.05,1.577,1.517,2.279,0.0
2024-12-05 21:00:00+00:00,-11.37,0.738,1.677,1.066,2.425,0.0
2024-12-05 22:00:00+00:00,-10.56,0.435,1.666,0.628,2.408,0.0
2024-12-05 23:00:00+00:00,-8.61,0.171,1.827,0.247,2.641,0.0
2024-12-06 00:00:00+00:00,-9.41,-0.138,1.834,-0.2,2.65,0.0
2024-12-06 01:00:00+00:00,-6.88,-0.48,2.248,-0.694,3.249,0.0
2024-12-06 02:00:00+00:00,-6.1,-1.253,3.049,-1.812,4.407,0.0
2024-12-06 03:00:00+00:00,-3.17,-1.895,2.596,-2.739,3.753,0.0
2024-12-06 04:00:00+00:00,-2.68,-2.591,2.054,-3.746,2.969,0.0
2024-12-06 05:00:00+00:00,-6.52,-3.441,1.548,-4.973,2.237,0.0
2024-12-06 06:00:00+00:00,-6.06,-3.32,0.785,-4.799,1.135,0.0
2024-12-06 07:00:00+00:00,-6.93,-3.78,0.277,-5.464,0.4,0.0
2024-12-06 08:00:00+00:00,-5.15,-3.981,-0.109,-5.755,-0.158,0.0
2024-12-06 09:00:00+00:00,-8.32,-3.692,-0.576,-5.337,-0.832,0.0
2024-12-06 10:00:00+00:00,-7.73,-4.248,-1.354,-6.141,-1.957,18.1
2024-12-06 11:00:00+00:00,-11.81,-5.077,-2.344,-7.339,-3.388,62.0
2024-12-06 12:00:00+00:00,-11.5,-5.811,-2.632,-8.399,-3.805,76.9
2024-12-06 13:00:00+00:00,-14.02,-6.343,-2.196,-9.169,-3.174,53.5
2024-12-06 14:00:00+00:00,-11.9,-6.235,-1.154,-9.012,-1.667,6.9
2024-12-06 15:00:00+00:00,-12.62,-7.128,-0.439,-10.303,-0.634,0.0
2024-12-06 16:00:00+00:00,-10.63,-6.296,0.739,-9.101,1.069,0.0
2024-12-06 17:00:00+00:00,-9.55,-6.144,0.969,-8.881,1.4,0.0
2024-12-06 18:00:00+00:00,-6.66,-7.317,0.59,-10.576,0.853,0.0
2024-12-06 19:00:00+00:00,-7.0,-7.826,0.586,-11.312,0.846,0.0
2024-12-06 20:00:00+00:00,-7.81,-8.263,0.215,-11.943,0.311,0.0
2024-12-06 21:00:00+00:00,-9.13,-6.977,-0.44,-10.085,-0.636,0.0
2024-12-06 22:00:00+00:00,-7.99,-5.961,-0.851,-8.617,-1.231,0.0
2024-12-06 23:00:00+00:00,-5.99,-6.47,-1.129,-9.352,-1.631,0.0
2024-12-07 00:00:00+00:00,-8.74,-7.364,-1.465,-10.644,-2.117,0.0
2024-12-07 01:00:00+00:00,-6.47,-6.861,-1.372,-9.917,-1.983,0.0
2024-12-07 02:00:00+00:00,-9.34,-6.797,-1.425,-9.824,-2.06,0.0
2024-12-07 03:00:00+00:00,-6.44,-7.057,-0.987,-10.2,-1.426,0.0
2024-12-07 04:00:00+00:00,-10.02,-6.104,-0.459,-8.822,-0.663,0.0
2024-12-07 05:00:00+00:00,-10.64,-5.331,0.463,-7.705,0.669,0.0
2024-12-07 06:00:00+00:00,-9.5,-5.503,1.557,-7.955,2.251,0.0
2024-12-07 07:00:00+00:00,-9.6,-6.02,3.196,-8.701,4.619,0.0
2024-12-07 08:00:00+00:00,-13.43,-5.054,4.7,-7.305,6.793,0.0
2024-12-07 09:00:00+00:00,-14.77,-3.84,5.784,-5.551,8.361,0.0
2024-12-07 10:00:00+00:00,-12.88,-2.151,4.787,-3.108,6.919,8.5
2024-12-07 11:00:00+00:00,-13.6,-1.291,4.558,-1.866,6.589,13.3
2024-12-07 12:00:00+00:00,-15.28,-0.488,4.871,-0.706,7.041,16.6
2024-12-07 13:00:00+00:00,-15.46,0.551,5.557,0.797,8.033,13.3
2024-12-07 14:00:00+00:00,-15.39,1.561,5.475,2.256,7.914,3.6
2024-12-07 15:00:00+00:00,-13.72,2.09,3.828,3.02,5.533,0.0
2024-12-07 16:00:00+00:00,-14.53,3.178,3.083,4.593,4.457,0.0
2024-12-07 17:00:00+00:00,-13.92,3.915,1.955,5.659,2.826,0.0
2024-12-07 18:00:00+00:00,-13.92,3.352,0.859,4.845,1.241,0.0
2024-12-07 19:00:00+00:00,-12.77,3.079,-0.171,4.45,-0.247,0.0
2024-12-07 20:00:00+00:00,-11.16,2.877,-1.141,4.158,-1.649,0.0
2024-12-07 21:00:00+00:00,-9.75,2.179,-1.613,3.149,-2.332,0.0
2024-12-07 22:00:00+00:00,-11.59,1.463,-1.778,2.114,-2.569,0.0
2024-12-07 23:00:00+00:00,-12.55,0.942,-2.031,1.361,-2.936,0.0
2024-12-08 00:00:00+00:00,-12.97,0.457,-2.216,0.661,-3.203,0.0
2024-12-08 01:00:00+00:00,-13.76,0.108,-2.558,0.156,-3.698,0.0
2024-12-08 02:00:00+00:00,-12.4,-0.33,-2.756,-0.477,-3.984,0.0
2024-12-08 03:00:00+00:00,-13.47,-0.833,-2.467,-1.204,-3.566,0.0
2024-12-08 04:00:00+00:00,-10.89,-1.291,-2.731,-1.866,-3.948,0.0
2024-12-08 05:00:00+00:00,-12.12,-1.891,-3.103,-2.733,-4.485,0.0
2024-12-08 06:00:00+00:00,-12.69,-2.094,-3.111,-3.026,-4.497,0.0
2024-12-08 07:00:00+00:00,-15.06,-2.571,-3.676,-3.717,-5.313,0.0
2024-12-08 08:00:00+00:00,-13.87,-2.905,-4.068,-4.199,-5.88,0.0
2024-12-08 09:00:00+00:00,-12.65,-4.057,-5.248,-5.865,-7.585,0.0
2024-12-08 10:00:00+00:00,-13.86,-4.327,-6.38,-6.255,-9.222,3.3
2024-12-08 11:00:00+00:00,-14.76,-2.918,-5.311,-4.218,-7.677,12.9
2024-12-08 12:00:00+00:00,-15.44,-2.248,-4.531,-3.25,-6.55,16.2
2024-12-08 13:00:00+00:00,-16.25,-1.835,-3.899,-2.653,-5.636,12.9
2024-12-08 14:00:00+00:00,-14.22,-1.416,-3.192,-2.046,-4.613,3.3
2024-12-08 15:00:00+00:00,-12.85,-1.783,-4.054,-2.577,-5.86,0.0
2024-12-08 16:00:00+00:00,-12.01,-2.307,-5.428,-3.335,-7.845,0.0
2024-12-08 17:00:00+00:00,-9.94,-2.158,-6.075,-3.119,-8.781,0.0
2024-12-08 18:00:00+00:00,-10.13,-1.151,-5.114,-1.664,-7.391,0.0
2024-12-08 19:00:00+00:00,-10.86,-1.04,-6.839,-1.504,-9.886,0.0
2024-12-08 20:00:00+00:00,-9.35,-1.115,-6.949,-1.612,-10.044,0.0
2024-12-08 21:00:00+00:00,-9.66,-1.229,-7.091,-1.777,-10.25,0.0
2024-12-08 22:00:00+00:00,-9.33,-1.151,-5.411,-1.664,-7.821,0.0
2024-12-08 23:00:00+00:00,-11.62,-1.426,-6.148,-2.061,-8.887,0.0
2024-12-09 00:00:00+00:00,-9.49,-1.614,-6.984,-2.334,-10.095,0.0
2024-12-09 01:00:00+00:00,-8.2,-1.981,-8.31,-2.863,-12.012,0.0
2024-12-09 02:00:00+00:00,-7.82,-1.464,-8.269,-2.117,-11.952,0.0
2024-12-09 03:00:00+00:00,-6.33,-0.638,-9.686,-0.922,-14.0,0.0
2024-12-09 04:00:00+00:00,-4.0,0.353,-8.087,0.51,-11.689,0.0
2024-12-09 05:00:00+00:00,-5.96,1.566,-7.766,2.264,-11.225,0.0
2024-12-09 06:00:00+00:00,-4.79,2.659,-6.347,3.843,-9.174,0.0
2024-12-09 07:00:00+00:00,-8.68,3.868,-5.923,5.591,-8.561,0.0
2024-12-09 08:00:00+00:00,-8.9,5.118,-4.533,7.397,-6.552,0.0
2024-12-09 09:00:00+00:00,-8.16,5.576,-2.756,8.059,-3.983,0.0
2024-12-09 10:00:00+00:00,-8.46,6.269,-1.258,9.061,-1.819,13.6
2024-12-09 11:00:00+00:00,-10.96,6.895,0.091,9.967,0.132,24.2
2024-12-09 12:00:00+00:00,-10.42,6.806,1.048,9.838,1.515,60.7
2024-12-09 13:00:00+00:00,-11.66,5.949,2.091,8.599,3.023,53.0
2024-12-09 14:00:00+00:00,-10.86,6.504,3.57,9.402,5.16,13.6
2024-12-09 15:00:00+00:00,-10.41,6.286,5.117,9.086,7.397,0.0
2024-12-09 16:00:00+00:00,-10.06,5.292,6.091,7.65,8.804,0.0
2024-12-09 17:00:00+00:00,-10.15,4.757,7.782,6.877,11.249,0.0
2024-12-09 18:00:00+00:00,-8.89,3.254,9.276,4.703,13.408,0.0
2024-12-09 19:00:00+00:00,-8.68,1.211,11.39,1.75,16.463,0.0
2024-12-09 20:00:00+00:00,-8.74,-1.221,13.58,-1.764,19.629,0.0
2024-12-09 21:00:00+00:00,-7.37,-3.464,12.364,-5.008,17.872,0.0
2024-12-09 22:00:00+00:00,-3.92,-5.542,11.385,-8.011,16.456,0.0
2024-12-09 23:00:00+00:00,-4.82,-7.649,10.027,-11.057,14.493,0.0
2024-12-10 00:00:00+00:00,-3.8,-10.12,7.999,-14.628,11.562,0.0
2024-12-10 01:00:00+00:00,-6.09,-10.861,4.994,-15.699,7.219,0.0
2024-12-10 02:00:00+00:00,-5.07,-11.232,2.09,-16.235,3.021,0.0
2024-12-10 03:00:00+00:00,-3.44,-9.633,-0.654,-13.924,-0.945,0.0
2024-12-10 04:00:00+00:00,-3.7,-7.782,-2.991,-11.248,-4.323,0.0
2024-12-10 05:00:00+00:00,-4.83,-6.534,-4.62,-9.445,-6.678,0.0
2024-12-10 06:00:00+00:00,-9.32,-5.387,-5.604,-7.786,-8.101,0.0
2024-12-10 07:00:00+00:00,-11.99,-3.317,-6.747,-4.795,-9.752,0.0
2024-12-10 08:00:00+00:00,-10.02,-1.368,-9.305,-1.977,-13.449,0.0
2024-12-10 09:00:00+00:00,-11.99,1.434,-7.966,2.073,-11.514,0.0
2024-12-10 10:00:00+00:00,-12.35,4.263,-7.544,6.162,-10.904,2.7
2024-12-10 11:00:00+00:00,-12.48,5.778,-4.389,8.351,-6.344,34.0
2024-12-10 12:00:00+00:00,-12.16,6.357,-1.429,9.189,-2.066,24.5
2024-12-10 13:00:00+00:00,-12.57,6.964,1.692,10.067,2.446,21.5
2024-12-10 14:00:00+00:00,-12.39,5.918,4.595,8.554,6.642,5.2
2024-12-10 15:00:00+00:00,-11.64,4.533,7.65,6.552,11.058,0.0
2024-12-10 16:00:00+00:00,-10.94,1.608,9.483,2.324,13.706,0.0
2024-12-10 17:00:00+00:00,-9.89,-1.076,9.099,-1.555,13.151,0.0
2024-12-10 18:00:00+00:00,-9.95,-3.568,7.641,-5.158,11.044,0.0
2024-12-10 19:00:00+00:00,-9.86,-5.765,5.849,-8.333,8.454,0.0
2024-12-10 20:00:00+00:00,-9.35,-8.381,3.81,-12.114,5.507,0.0
2024-12-10 21:00:00+00:00,-8.33,-8.898,1.188,-12.861,1.717,0.0
2024-12-10 22:00:00+00:00,-7.94,-9.13,-1.069,-13.196,-1.545,0.0
2024-12-10 23:00:00+00:00,-6.06,-8.094,-3.381,-11.7,-4.888,0.0
2024-12-11 00:00:00+00:00,-4.27,-7.43,-6.473,-10.739,-9.356,0.0
2024-12-11 01:00:00+00:00,-3.76,-3.903,-6.831,-5.641,-9.874,0.0
2024-12-11 02:00:00+00:00,-0.86,-2.099,-9.59,-3.034,-13.862,0.0
2024-12-11 03:00:00+00:00,2.21,0.507,-8.026,0.733,-11.6,0.0
2024-12-11 04:00:00+00:00,-0.19,2.371,-6.256,3.427,-9.043,0.0
2024-12-11 05:00:00+00:00,-0.46,4.358,-5.929,6.299,-8.571,0.0
2024-12-11 06:00:00+00:00,-2.77,6.044,-4.599,8.736,-6.648,0.0
2024-12-11 07:00:00+00:00,-5.06,7.366,-3.7,10.647,-5.348,0.0
2024-12-11 08:00:00+00:00,-7.98,8.031,-1.379,11.608,-1.993,0.0
2024-12-11 09:00:00+00:00,-8.86,7.542,1.215,10.901,1.757,0.0
2024-12-11 10:00:00+00:00,-10.06,7.636,3.845,11.037,5.557,11.2
2024-12-11 11:00:00+00:00,-12.41,6.811,5.931,9.845,8.572,54.9
2024-12-11 12:00:00+00:00,-10.13,3.904,5.796,5.643,8.378,69.9
2024-12-11 13:00:00+00:00,-10.17,2.631,6.1,3.803,8.818,48.7
2024-12-11 14:00:00+00:00,-10.0,1.931,6.281,2.79,9.079,10.8
2024-12-11 15:00:00+00:00,-11.64,1.286,7.637,1.859,11.038,0.0
2024-12-11 16:00:00+00:00,-11.26,0.629,6.823,0.909,9.862,0.0
2024-12-11 17:00:00+00:00,-9.7,-0.146,6.09,-0.212,8.803,0.0
2024-12-11 18:00:00+00:00,-11.83,-0.692,5.527,-1.0,7.988,0.0
2024-12-11 19:00:00+00:00,-11.29,-1.108,6.593,-1.601,9.53,0.0
2024-12-11 20:00:00+00:00,-10.92,-1.959,6.548,-2.831,9.464,0.0
2024-12-11 21:00:00+00:00,-12.0,-3.224,5.989,-4.66,8.657,0.0
2024-12-11 22:00:00+00:00,-13.25,-3.775,4.343,-5.457,6.278,0.0
2024-12-11 23:00:00+00:00,-12.94,-4.388,3.478,-6.343,5.027,0.0
2024-12-12 00:00:00+00:00,-10.2,-5.733,2.707,-8.287,3.913,0.0
2024-12-12 01:00:00+00:00,-7.41,-6.431,2.397,-9.296,3.465,0.0
2024-12-12 02:00:00+00:00,-7.93,-5.462,1.117,-7.895,1.615,0.0
2024-12-12 03:00:00+00:00,-7.34,-6.364,1.02,-9.198,1.474,0.0
2024-12-12 04:00:00+00:00,-5.28,-6.02,0.576,-8.702,0.833,0.0
2024-12-12 05:00:00+00:00,-7.76,-5.251,0.002,-7.59,0.002,0.0
2024-12-12 06:00:00+00:00,-10.08,-6.833,-0.172,-9.877,-0.248,0.0
2024-12-12 07:00:00+00:00,-9.37,-7.278,0.666,-10.52,0.963,0.0
2024-12-12 08:00:00+00:00,-12.29,-7.5,1.25,-10.841,1.806,0.0
2024-12-12 09:00:00+00:00,-11.1,-6.096,2.059,-8.811,2.976,0.0
2024-12-12 10:00:00+00:00,-12.9,-6.749,4.247,-9.755,6.138,10.1
2024-12-12 11:00:00+00:00,-13.9,-5.773,5.431,-8.345,7.849,53.9
2024-12-12 12:00:00+00:00,-11.05,-3.456,5.39,-4.995,7.792,34.1
2024-12-12 13:00:00+00:00,-10.33,-2.014,4.64,-2.911,6.707,16.4
2024-12-12 14:00:00+00:00,-12.65,-1.212,6.926,-1.751,10.011,5.0
2024-12-12 15:00:00+00:00,-11.61,0.294,6.299,0.424,9.104,0.0
2024-12-12 16:00:00+00:00,-10.69,2.553,7.433,3.69,10.744,0.0
2024-12-12 17:00:00+00:00,-9.94,5.528,6.325,7.991,9.142,0.0
2024-12-12 18:00:00+00:00,-7.98,9.229,5.047,13.34,7.295,0.0
2024-12-12 19:00:00+00:00,-8.24,10.806,1.617,15.619,2.338,0.0
2024-12-12 20:00:00+00:00,-7.46,8.852,-2.528,12.796,-3.654,0.0
2024-12-12 21:00:00+00:00,-7.83,7.09,-5.479,10.248,-7.92,0.0
2024-12-12 22:00:00+00:00,-6.7,3.425,-6.305,4.95,-9.114,0.0
2024-12-12 23:00:00+00:00,-6.59,1.197,-6.564,1.73,-9.487,0.0
2024-12-13 00:00:00+00:00,-2.76,-0.577,-5.293,-0.834,-7.65,0.0
2024-12-13 01:00:00+00:00,-3.89,-2.483,-5.699,-3.589,-8.237,0.0
2024-12-13 02:00:00+00:00,-3.52,-3.129,-3.316,-4.523,-4.793,0.0
2024-12-13 03:00:00+00:00,-3.39,-3.905,-2.331,-5.645,-3.37,0.0
2024-12-13 04:00:00+00:00,-7.98,-5.337,-1.796,-7.714,-2.596,0.0
2024-12-13 05:00:00+00:00,-7.71,-6.708,-0.473,-9.696,-0.683,0.0
2024-12-13 06:00:00+00:00,-8.12,-7.173,1.474,-10.368,2.13,0.0
2024-12-13 07:00:00+00:00,-10.36,-6.882,3.202,-9.948,4.628,0.0
2024-12-13 08:00:00+00:00,-11.16,-6.605,5.205,-9.547,7.524,0.0
2024-12-13 09:00:00+00:00,-11.52,-4.133,5.393,-5.974,7.795,0.0
2024-12-13 10:00:00+00:00,-10.14,-3.75,7.258,-5.421,10.491,8.8
2024-12-13 11:00:00+00:00,-11.77,-2.172,7.708,-3.139,11.142,40.4
2024-12-13 12:00:00+00:00,-14.19,-0.891,8.171,-1.288,11.81,52.6
2024-12-13 13:00:00+00:00,-12.46,0.366,8.589,0.529,12.415,12.8
2024-12-13 14:00:00+00:00,-12.57,1.078,8.382,1.558,12.116,5.0
2024-12-13 15:00:00+00:00,-12.82,1.745,9.87,2.523,14.267,0.0
2024-12-13 16:00:00+00:00,-12.84,2.178,10.007,3.149,14.465,0.0
2024-12-13 17:00:00+00:00,-12.9,1.452,8.785,2.099,12.699,0.0
2024-12-13 18:00:00+00:00,-11.14,0.366,8.617,0.529,12.455,0.0
2024-12-13 19:00:00+00:00,-10.01,-0.361,8.643,-0.522,12.493,0.0
2024-12-13 20:00:00+00:00,-12.58,-1.119,10.263,-1.617,14.835,0.0
2024-12-13 21:00:00+00:00,-14.05,-2.342,7.46,-3.385,10.783,0.0
2024-12-13 22:00:00+00:00,-13.34,-3.836,6.196,-5.545,8.956,0.0
2024-12-13 23:00:00+00:00,-13.3,-4.838,4.301,-6.993,6.217,0.0
2024-12-14 00:00:00+00:00,-14.74,-5.733,2.741,-8.286,3.962,0.0
2024-12-14 01:00:00+00:00,-12.64,-7.963,1.481,-11.51,2.141,0.0
2024-12-14 02:00:00+00:00,-13.13,-7.188,-1.086,-10.39,-1.57,0.0
2024-12-14 03:00:00+00:00,-12.92,-6.589,-3.766,-9.525,-5.444,0.0
2024-12-14 04:00:00+00:00,-12.9,-5.161,-6.288,-7.459,-9.089,0.0
2024-12-14 05:00:00+00:00,-11.84,-1.964,-8.273,-2.839,-11.959,0.0
2024-12-14 06:00:00+00:00,-10.19,1.561,-8.44,2.256,-12.2,0.0
2024-12-14 07:00:00+00:00,-12.07,4.67,-7.388,6.75,-10.679,0.0
2024-12-14 08:00:00+00:00,-9.7,5.74,-4.333,8.297,-6.264,0.0
2024-12-14 09:00:00+00:00,-10.4,6.546,-1.752,9.462,-2.532,0.0
2024-12-14 10:00:00+00:00,-11.12,6.429,0.831,9.292,1.201,1.9
2024-12-14 11:00:00+00:00,-11.37,5.057,2.902,7.309,4.195,22.7
2024-12-14 12:00:00+00:00,-13.51,3.984,5.219,5.759,7.544,14.8
2024-12-14 13:00:00+00:00,-13.98,1.104,5.685,1.595,8.218,11.5
2024-12-14 14:00:00+00:00,-13.38,-1.395,5.674,-2.017,8.202,1.9
2024-12-14 15:00:00+00:00,-14.77,-4.103,4.82,-5.93,6.966,0.0
2024-12-14 16:00:00+00:00,-14.12,-6.094,2.48,-8.808,3.585,0.0
2024-12-14 17:00:00+00:00,-14.36,-4.93,-0.723,-7.126,-1.045,0.0
2024-12-14 18:00:00+00:00,-14.45,-4.186,-2.662,-6.05,-3.847,0.0
2024-12-14 19:00:00+00:00,-15.22,-1.894,-3.981,-2.738,-5.755,0.0
2024-12-14 20:00:00+00:00,-13.68,0.588,-4.306,0.85,-6.225,0.0
2024-12-14 21:00:00+00:00,-14.05,2.447,-2.669,3.538,-3.858,0.0
2024-12-14 22:00:00+00:00,-11.06,4.046,-0.823,5.849,-1.19,0.0
2024-12-14 23:00:00+00:00,-10.82,4.074,1.856,5.889,2.682,0.0
2024-12-15 00:00:00+00:00,-14.76,2.89,4.771,4.178,6.896,0.0
2024-12-15 01:00:00+00:00,-13.29,-0.463,7.747,-0.669,11.197,0.0
2024-12-15 02:00:00+00:00,-12.24,-5.715,5.662,-8.26,8.184,0.0
2024-12-15 03:00:00+00:00,-9.14,-8.375,0.261,-12.106,0.377,0.0
2024-12-15 04:00:00+00:00,-11.79,-6.945,-5.086,-10.038,-7.352,0.0
2024-12-15 05:00:00+00:00,-10.91,-1.819,-6.71,-2.629,-9.698,0.0
2024-12-15 06:00:00+00:00,-9.78,2.608,-6.45,3.769,-9.322,0.0
2024-12-15 07:00:00+00:00,-10.88,5.796,-3.977,8.377,-5.748,0.0
2024-12-15 08:00:00+00:00,-9.54,6.038,0.311,8.728,0.449,0.0
2024-12-15 09:00:00+00:00,-11.28,5.271,4.561,7.619,6.592,0.0
2024-12-15 10:00:00+00:00,-10.38,1.105,5.697,1.597,8.235,1.7
2024-12-15 11:00:00+00:00,-10.33,-2.691,4.195,-3.89,6.064,11.3
2024-12-15 12:00:00+00:00,-9.01,-4.52,1.359,-6.533,1.964,14.6
2024-12-15 13:00:00+00:00,-12.48,-4.825,-1.775,-6.974,-2.565,11.3
2024-12-15 14:00:00+00:00,-15.32,-3.401,-4.754,-4.916,-6.871,1.7
2024-12-15 15:00:00+00:00,-14.01,-0.05,-7.295,-0.072,-10.545,0.0
2024-12-15 16:00:00+00:00,-14.91,3.753,-5.467,5.425,-7.903,0.0
2024-12-15 17:00:00+00:00,-15.97,6.662,-2.44,9.63,-3.526,0.0
2024-12-15 18:00:00+00:00,-13.91,7.295,2.139,10.545,3.092,0.0
2024-12-15 19:00:00+00:00,-14.35,4.959,6.044,7.168,8.737,0.0
2024-12-15 20:00:00+00:00,-12.72,0.247,8.676,0.357,12.541,0.0
2024-12-15 21:00:00+00:00,-13.67,-4.453,6.245,-6.436,9.027,0.0
2024-12-15 22:00:00+00:00,-12.23,-9.191,3.318,-13.284,4.796,0.0
2024-12-15 23:00:00+00:00,-13.48,-7.985,-1.953,-11.542,-2.823,0.0
2024-12-16 00:00:00+00:00,-10.16,-5.317,-5.866,-7.685,-8.479,0.0
2024-12-16 01:00:00+00:00,-12.69,-1.584,-7.761,-2.289,-11.218,0.0
2024-12-16 02:00:00+00:00,-14.09,2.229,-6.566,3.222,-9.49,0.0
2024-12-16 03:00:00+00:00,-13.23,4.913,-4.31,7.101,-6.23,0.0
2024-12-16 04:00:00+00:00,-15.07,6.475,-1.641,9.36,-2.372,0.0
2024-12-16 05:00:00+00:00,-16.56,8.096,1.881,11.702,2.719,0.0
2024-12-16 06:00:00+00:00,-15.1,6.537,6.163,9.448,8.909,0.0
2024-12-16 07:00:00+00:00,-16.52,3.705,12.115,5.355,17.511,0.0
2024-12-16 08:00:00+00:00,-16.27,-2.71,9.655,-3.918,13.955,0.0
2024-12-16 09:00:00+00:00,-17.81,-7.698,6.6,-11.127,9.539,0.0
2024-12-16 10:00:00+00:00,-18.91,-10.508,1.493,-15.188,2.158,2.8
2024-12-16 11:00:00+00:00,-19.45,-10.495,-4.859,-15.17,-7.024,24.8
2024-12-16 12:00:00+00:00,-20.37,-5.408,-9.001,-7.817,-13.01,16.0
2024-12-16 13:00:00+00:00,-17.72,0.47,-10.001,0.68,-14.457,13.0
2024-12-16 14:00:00+00:00,-18.9,6.75,-8.957,9.757,-12.947,3.4
2024-12-16 15:00:00+00:00,-16.95,9.708,-3.429,14.032,-4.957,0.0
2024-12-16 16:00:00+00:00,-17.65,7.046,1.644,10.185,2.376,0.0
2024-12-16 17:00:00+00:00,-18.27,7.071,6.981,10.221,10.09,0.0
2024-12-16 18:00:00+00:00,-18.73,0.759,9.403,1.097,13.591,0.0
2024-12-16 19:00:00+00:00,-17.73,-5.462,9.631,-7.895,13.921,0.0
2024-12-16 20:00:00+00:00,-14.44,-9.292,3.946,-13.43,5.704,0.0
2024-12-16 21:00:00+00:00,-15.31,-8.083,-1.521,-11.684,-2.198,0.0
2024-12-16 22:00:00+00:00,-15.22,-6.346,-6.298,-9.172,-9.103,0.0
2024-12-16 23:00:00+00:00,-15.62,-1.671,-6.939,-2.416,-10.03,0.0
2024-12-17 00:00:00+00:00,-14.53,1.275,-5.917,1.844,-8.552,0.0
2024-12-17 01:00:00+00:00,-13.03,3.537,-4.814,5.113,-6.959,0.0
2024-12-17 02:00:00+00:00,-10.74,7.439,-3.751,10.753,-5.421,0.0
2024-12-17 03:00:00+00:00,-12.55,8.701,0.043,12.577,0.062,0.0
2024-12-17 04:00:00+00:00,-12.87,6.974,4.172,10.081,6.03,0.0
2024-12-17 05:00:00+00:00,-11.2,4.211,8.453,6.087,12.219,0.0
2024-12-17 06:00:00+00:00,-12.26,-0.448,8.998,-0.647,13.007,0.0
2024-12-17 07:00:00+00:00,-13.59,-5.148,7.552,-7.441,10.916,0.0
2024-12-17 08:00:00+00:00,-13.79,-7.935,3.381,-11.47,4.887,0.0
2024-12-17 09:00:00+00:00,-13.98,-7.482,-2.201,-10.814,-3.181,0.0
2024-12-17 10:00:00+00:00,-12.68,-4.912,-6.6,-7.1,-9.54,1.5
2024-12-17 11:00:00+00:00,-13.78,0.686,-9.076,0.991,-13.119,11.1
2024-12-17 12:00:00+00:00,-15.3,5.944,-7.05,8.592,-10.19,17.9
2024-12-17 13:00:00+00:00,-16.03,9.54,-2.886,13.79,-4.171,11.1
2024-12-17 14:00:00+00:00,-16.22,8.718,2.334,12.602,3.374,1.5
2024-12-17 15:00:00+00:00,-16.19,5.003,5.148,7.232,7.442,0.0
2024-12-17 16:00:00+00:00,-17.56,1.735,6.691,2.507,9.672,0.0
2024-12-17 17:00:00+00:00,-17.2,-1.774,8.029,-2.564,11.605,0.0
2024-12-17 18:00:00+00:00,-12.95,-5.837,7.381,-8.437,10.669,0.0
2024-12-17 19:00:00+00:00,-13.0,-7.442,3.863,-10.757,5.583,0.0
2024-12-17 20:00:00+00:00,-12.1,-9.075,1.141,-13.117,1.649,0.0
2024-12-17 21:00:00+00:00,-13.13,-7.534,-1.191,-10.889,-1.721,0.0
2024-12-17 22:00:00+00:00,-12.61,-6.049,-2.892,-8.743,-4.18,0.0
2024-12-17 23:00:00+00:00,-12.81,-5.5,-4.941,-7.95,-7.142,0.0
2024-12-18 00:00:00+00:00,-15.44,-3.274,-6.519,-4.732,-9.423,0.0
2024-12-18 01:00:00+00:00,-14.03,-0.198,-7.315,-0.286,-10.573,0.0
2024-12-18 02:00:00+00:00,-14.07,2.941,-5.239,4.251,-7.573,0.0
2024-12-18 03:00:00+00:00,-14.73,4.992,-2.702,7.215,-3.906,0.0
2024-12-18 04:00:00+00:00,-13.26,6.097,0.785,8.813,1.134,0.0
2024-12-18 05:00:00+00:00,-14.18,5.254,4.617,7.594,6.673,0.0
2024-12-18 06:00:00+00:00,-14.49,1.22,7.132,1.763,10.308,0.0
2024-12-18 07:00:00+00:00,-14.26,-2.836,4.823,-4.099,6.971,0.0
2024-12-18 08:00:00+00:00,-14.15,-5.9,1.993,-8.528,2.88,0.0
2024-12-18 09:00:00+00:00,-13.96,-4.874,-1.664,-7.045,-2.405,0.0
2024-12-18 10:00:00+00:00,-15.02,-3.334,-4.956,-4.819,-7.164,6.6
2024-12-18 11:00:00+00:00,-14.06,0.206,-5.767,0.297,-8.336,50.3
2024-12-18 12:00:00+00:00,-11.87,4.594,-5.298,6.64,-7.659,65.2
2024-12-18 13:00:00+00:00,-10.61,7.099,-1.798,10.261,-2.599,49.1
2024-12-18 14:00:00+00:00,-10.96,7.608,3.574,10.997,5.166,4.9
2024-12-18 15:00:00+00:00,-12.69,3.107,6.411,4.491,9.267,0.0
2024-12-18 16:00:00+00:00,-14.76,-1.221,7.443,-1.765,10.759,0.0
2024-12-18 17:00:00+00:00,-13.46,-5.21,5.53,-7.53,7.993,0.0
2024-12-18 18:00:00+00:00,-12.34,-7.181,1.893,-10.38,2.737,0.0
2024-12-18 19:00:00+00:00,-13.81,-6.112,-1.825,-8.835,-2.638,0.0
2024-12-18 20:00:00+00:00,-13.5,-4.425,-5.143,-6.396,-7.434,0.0
2024-12-18 21:00:00+00:00,-12.24,-0.948,-6.456,-1.37,-9.332,0.0
2024-12-18 22:00:00+00:00,-14.96,2.48,-5.994,3.585,-8.663,0.0
2024-12-18 23:00:00+00:00,-8.75,3.591,-3.03,5.191,-4.38,0.0
2024-12-19 00:00:00+00:00,-8.92,5.072,-1.463,7.332,-2.115,0.0
2024-12-19 01:00:00+00:00,-9.99,5.87,1.183,8.485,1.71,0.0
2024-12-19 02:00:00+00:00,-5.7,4.463,4.17,6.452,6.028,0.0
2024-12-19 03:00:00+00:00,-8.82,1.311,5.359,1.896,7.746,0.0
2024-12-19 04:00:00+00:00,-10.34,-2.209,6.007,-3.192,8.683,0.0
2024-12-19 05:00:00+00:00,-13.38,-5.275,2.9,-7.625,4.192,0.0
2024-12-19 06:00:00+00:00,-13.61,-4.631,-0.902,-6.694,-1.304,0.0
2024-12-19 07:00:00+00:00,-13.85,-3.375,-4.056,-4.878,-5.862,0.0
2024-12-19 08:00:00+00:00,-14.5,-0.272,-5.595,-0.394,-8.088,0.0
2024-12-19 09:00:00+00:00,-16.05,3.683,-5.134,5.324,-7.42,0.0
2024-12-19 10:00:00+00:00,-19.73,5.448,-1.146,7.874,-1.657,1.4
2024-12-19 11:00:00+00:00,-20.6,4.408,2.637,6.372,3.811,11.0
2024-12-19 12:00:00+00:00,-18.7,1.573,6.059,2.274,8.759,22.1
2024-12-19 13:00:00+00:00,-17.14,-2.979,5.105,-4.306,7.378,11.0
2024-12-19 14:00:00+00:00,-17.87,-4.563,1.11,-6.595,1.604,5.1
2024-12-19 15:00:00+00:00,-15.62,-3.989,-2.92,-5.766,-4.221,0.0
2024-12-19 16:00:00+00:00,-15.74,-0.303,-4.281,-0.438,-6.188,0.0
2024-12-19 17:00:00+00:00,-16.7,3.181,-3.661,4.598,-5.292,0.0
2024-12-19 18:00:00+00:00,-14.63,5.673,-0.676,8.2,-0.977,0.0
2024-12-19 19:00:00+00:00,-10.95,5.604,3.978,8.101,5.75,0.0
2024-12-19 20:00:00+00:00,-10.13,1.376,7.655,1.989,11.066,0.0
2024-12-19 21:00:00+00:00,-9.53,-4.741,8.411,-6.853,12.158,0.0
2024-12-19 22:00:00+00:00,-8.71,-8.403,3.372,-12.146,4.874,0.0
2024-12-19 23:00:00+00:00,-7.69,-7.036,-2.568,-10.171,-3.712,0.0
2024-12-20 00:00:00+00:00,-7.41,-2.52,-5.716,-3.642,-8.263,0.0
2024-12-20 01:00:00+00:00,-5.99,1.768,-5.557,2.555,-8.033,0.0
2024-12-20 02:00:00+00:00,-5.78,5.321,-3.495,7.692,-5.052,0.0
2024-12-20 03:00:00+00:00,-5.57,8.687,0.643,12.557,0.929,0.0
2024-12-20 04:00:00+00:00,-5.43,5.161,5.11,7.46,7.386,0.0
2024-12-20 05:00:00+00:00,-8.1,1.031,8.123,1.49,11.741,0.0
2024-12-20 06:00:00+00:00,-9.59,-4.764,7.7,-6.887,11.13,0.0
2024-12-20 07:00:00+00:00,-10.56,-8.717,2.081,-12.6,3.007,0.0
2024-12-20 08:00:00+00:00,-13.79,-6.938,-4.821,-10.028,-6.969,0.0
2024-12-20 09:00:00+00:00,-13.01,-1.313,-7.691,-1.898,-11.116,0.0
2024-12-20 10:00:00+00:00,-15.85,4.31,-5.19,6.23,-7.502,2.8
2024-12-20 11:00:00+00:00,-16.53,5.105,-0.196,7.379,-0.283,11.0
2024-12-20 12:00:00+00:00,-18.08,3.276,3.702,4.735,5.352,14.3
2024-12-20 13:00:00+00:00,-18.18,-1.233,4.035,-1.783,5.832,24.6
2024-12-20 14:00:00+00:00,-19.6,-3.406,0.862,-4.923,1.245,1.5
2024-12-20 15:00:00+00:00,-19.53,-3.099,-3.182,-4.479,-4.6,0.0
2024-12-20 16:00:00+00:00,-15.58,1.057,-4.253,1.528,-6.148,0.0
2024-12-20 17:00:00+00:00,-14.1,4.376,-1.757,6.326,-2.54,0.0
2024-12-20 18:00:00+00:00,-11.8,3.815,2.084,5.515,3.012,0.0
2024-12-20 19:00:00+00:00,-12.4,0.959,4.057,1.386,5.865,0.0
2024-12-20 20:00:00+00:00,-10.43,-2.438,2.909,-3.523,4.205,0.0
2024-12-20 21:00:00+00:00,-12.26,-3.825,-0.18,-5.529,-0.26,0.0
2024-12-20 22:00:00+00:00,-10.63,-2.594,-3.635,-3.749,-5.255,0.0
2024-12-20 23:00:00+00:00,-10.02,0.758,-4.444,1.095,-6.423,0.0
2024-12-21 00:00:00+00:00,-9.06,4.289,-2.888,6.2,-4.174,0.0
2024-12-21 01:00:00+00:00,-10.21,5.173,0.947,7.478,1.369,0.0
2024-12-21 02:00:00+00:00,-11.02,3.146,4.367,4.547,6.313,0.0
2024-12-21 03:00:00+00:00,-10.61,-1.223,5.792,-1.767,8.371,0.0
2024-12-21 04:00:00+00:00,-12.4,-4.391,2.52,-6.346,3.642,0.0
2024-12-21 05:00:00+00:00,-15.29,-4.451,-1.373,-6.433,-1.985,0.0
2024-12-21 06:00:00+00:00,-13.22,-1.629,-3.557,-2.355,-5.142,0.0
2024-12-21 07:00:00+00:00,-11.4,1.46,-2.875,2.111,-4.155,0.0
2024-12-21 08:00:00+00:00,-12.07,2.588,-0.459,3.741,-0.663,0.0
2024-12-21 09:00:00+00:00,-13.28,2.045,1.737,2.956,2.51,0.0
2024-12-21 10:00:00+00:00,-10.84,0.105,3.005,0.151,4.344,5.7
2024-12-21 11:00:00+00:00,-7.82,-2.626,2.522,-3.795,3.645,44.3
2024-12-21 12:00:00+00:00,-9.63,-4.083,-0.164,-5.902,-0.238,56.8
2024-12-21 13:00:00+00:00,-9.0,-3.517,-3.487,-5.084,-5.04,50.2
2024-12-21 14:00:00+00:00,-9.2,-0.381,-4.471,-0.551,-6.463,6.5
2024-12-21 15:00:00+00:00,-10.28,2.261,-3.246,3.268,-4.693,0.0
2024-12-21 16:00:00+00:00,-12.22,3.761,-0.962,5.436,-1.391,0.0
2024-12-21 17:00:00+00:00,-11.08,3.536,1.677,5.111,2.423,0.0
2024-12-21 18:00:00+00:00,-13.32,1.639,3.42,2.369,4.944,0.0
2024-12-21 19:00:00+00:00,-12.13,-0.707,3.34,-1.021,4.828,0.0
2024-12-21 20:00:00+00:00,-10.96,-2.705,2.087,-3.91,3.017,0.0
2024-12-21 21:00:00+00:00,-9.93,-3.422,0.035,-4.946,0.051,0.0
2024-12-21 22:00:00+00:00,-11.81,-3.416,-2.497,-4.938,-3.61,0.0
2024-12-21 23:00:00+00:00,-11.01,-1.177,-4.763,-1.701,-6.884,0.0
2024-12-22 00:00:00+00:00,-12.2,2.161,-4.101,3.123,-5.928,0.0
2024-12-22 01:00:00+00:00,-13.66,4.432,-1.725,6.406,-2.494,0.0
2024-12-22 02:00:00+00:00,-13.12,4.404,1.794,6.366,2.594,0.0
2024-12-22 03:00:00+00:00,-12.4,2.404,5.018,3.475,7.253,0.0
2024-12-22 04:00:00+00:00,-12.64,-1.621,5.055,-2.343,7.307,0.0
2024-12-22 05:00:00+00:00,-14.64,-4.68,2.688,-6.765,3.886,0.0
2024-12-22 06:00:00+00:00,-12.61,-5.19,-1.172,-7.502,-1.694,0.0
2024-12-22 07:00:00+00:00,-14.07,-3.342,-5.376,-4.831,-7.771,0.0
2024-12-22 08:00:00+00:00,-13.77,1.461,-7.224,2.112,-10.442,0.0
2024-12-22 09:00:00+00:00,-10.39,6.889,-5.431,9.957,-7.85,0.0
2024-12-22 10:00:00+00:00,-10.68,6.913,0.098,9.992,0.142,5.0
2024-12-22 11:00:00+00:00,-12.05,4.928,3.024,7.123,4.37,28.1
2024-12-22 12:00:00+00:00,-11.67,2.603,5.023,3.762,7.26,14.4
2024-12-22 13:00:00+00:00,-12.05,-0.462,6.668,-0.668,9.637,18.6
2024-12-22 14:00:00+00:00,-11.33,-3.166,4.596,-4.577,6.643,2.9
2024-12-22 15:00:00+00:00,-9.84,-5.222,2.309,-7.548,3.338,0.0
2024-12-22 16:00:00+00:00,-9.34,-5.121,-0.45,-7.402,-0.65,0.0
2024-12-22 17:00:00+00:00,-7.51,-4.586,-2.873,-6.629,-4.153,0.0
2024-12-22 18:00:00+00:00,-6.18,-3.291,-5.537,-4.757,-8.003,0.0
2024-12-22 19:00:00+00:00,-8.84,-0.478,-6.121,-0.692,-8.847,0.0
2024-12-22 20:00:00+00:00,-11.53,2.568,-5.62,3.713,-8.123,0.0
2024-12-22 21:00:00+00:00,-10.96,4.928,-3.5,7.123,-5.06,0.0
2024-12-22 22:00:00+00:00,-14.69,5.842,-0.778,8.444,-1.125,0.0
2024-12-22 23:00:00+00:00,-15.35,5.412,2.107,7.822,3.046,0.0
2024-12-23 00:00:00+00:00,-11.31,4.23,4.765,6.114,6.887,0.0
2024-12-23 01:00:00+00:00,-9.47,1.523,4.895,2.201,7.075,0.0
2024-12-23 02:00:00+00:00,-9.21,-0.417,5.315,-0.603,7.682,0.0
2024-12-23 03:00:00+00:00,-7.92,-2.266,5.444,-3.275,7.869,0.0
2024-12-23 04:00:00+00:00,-10.26,-3.361,3.824,-4.859,5.528,0.0
2024-12-23 05:00:00+00:00,-10.98,-3.93,2.488,-5.68,3.596,0.0
2024-12-23 06:00:00+00:00,-11.46,-4.268,1.017,-6.169,1.47,0.0
2024-12-23 07:00:00+00:00,-12.65,-4.536,-0.273,-6.557,-0.395,0.0
2024-12-23 08:00:00+00:00,-11.74,-3.751,-1.329,-5.422,-1.921,0.0
2024-12-23 09:00:00+00:00,-12.16,-3.687,-2.791,-5.329,-4.034,0.0
2024-12-23 10:00:00+00:00,-8.27,-3.008,-4.167,-4.347,-6.023,1.6
2024-12-23 11:00:00+00:00,-6.35,-1.808,-5.409,-2.613,-7.819,17.3
2024-12-23 12:00:00+00:00,-7.65,-0.317,-5.86,-0.458,-8.47,24.9
2024-12-23 13:00:00+00:00,-7.39,1.381,-5.917,1.996,-8.553,26.4
2024-12-23 14:00:00+00:00,-7.72,2.97,-4.874,4.292,-7.046,3.5
2024-12-23 15:00:00+00:00,-6.71,3.196,-2.776,4.619,-4.012,0.0
2024-12-23 16:00:00+00:00,-4.97,3.877,-1.791,5.604,-2.588,0.0
2024-12-23 17:00:00+00:00,-4.88,3.677,-0.585,5.315,-0.845,0.0
2024-12-23 18:00:00+00:00,-4.65,4.386,0.245,6.34,0.354,0.0
2024-12-23 19:00:00+00:00,-3.84,5.096,1.796,7.366,2.596,0.0
2024-12-23 20:00:00+00:00,-5.58,3.583,2.617,5.179,3.783,0.0
2024-12-23 21:00:00+00:00,-4.15,2.082,2.828,3.009,4.088,0.0
2024-12-23 22:00:00+00:00,-6.62,1.021,3.05,1.476,4.408,0.0
2024-12-23 23:00:00+00:00,-7.56,-0.094,3.083,-0.136,4.456,0.0
2024-12-24 00:00:00+00:00,-8.42,-1.222,3.073,-1.767,4.441,0.0
2024-12-24 01:00:00+00:00,-8.93,-2.122,2.605,-3.068,3.765,0.0
2024-12-24 02:00:00+00:00,-10.6,-2.963,1.941,-4.282,2.806,0.0
2024-12-24 03:00:00+00:00,-12.81,-3.915,1.264,-5.658,1.827,0.0
2024-12-24 04:00:00+00:00,-12.89,-4.281,0.003,-6.188,0.004,0.0
2024-12-24 05:00:00+00:00,-14.68,-4.297,-1.257,-6.211,-1.816,0.0
2024-12-24 06:00:00+00:00,-14.84,-4.026,-2.612,-5.819,-3.775,0.0
2024-12-24 07:00:00+00:00,-14.71,-3.348,-3.904,-4.839,-5.644,0.0
2024-12-24 08:00:00+00:00,-12.0,-2.231,-5.438,-3.225,-7.86,0.0
2024-12-24 09:00:00+00:00,-11.74,-0.671,-7.758,-0.969,-11.214,0.0
2024-12-24 10:00:00+00:00,-13.87,2.003,-7.675,2.895,-11.093,1.7
2024-12-24 11:00:00+00:00,-11.96,3.777,-6.414,5.46,-9.27,11.3
2024-12-24 12:00:00+00:00,-12.7,5.204,-5.275,7.522,-7.625,47.9
2024-12-24 13:00:00+00:00,-12.98,5.597,-3.14,8.091,-4.539,23.2
2024-12-24 14:00:00+00:00,-12.14,6.808,-1.649,9.841,-2.383,4.0
2024-12-24 15:00:00+00:00,-11.39,6.787,0.386,9.811,0.558,0.0
2024-12-24 16:00:00+00:00,-15.13,6.035,2.84,8.724,4.105,0.0
2024-12-24 17:00:00+00:00,-15.89,5.353,6.277,7.738,9.073,0.0
2024-12-24 18:00:00+00:00,-15.57,2.621,9.396,3.788,13.582,0.0
2024-12-24 19:00:00+00:00,-15.05,-1.884,9.998,-2.723,14.452,0.0
2024-12-24 20:00:00+00:00,-13.54,-6.119,8.591,-8.844,12.417,0.0
2024-12-24 21:00:00+00:00,-9.53,-9.41,5.576,-13.601,8.06,0.0
2024-12-24 22:00:00+00:00,-9.34,-9.905,1.112,-14.318,1.607,0.0
2024-12-24 23:00:00+00:00,-8.31,-10.319,-3.679,-14.915,-5.318,0.0
2024-12-25 00:00:00+00:00,-8.12,-6.535,-6.915,-9.446,-9.995,0.0
2024-12-25 01:00:00+00:00,-6.94,-2.621,-8.515,-3.789,-12.308,0.0
2024-12-25 02:00:00+00:00,-7.15,0.881,-9.506,1.274,-13.741,0.0
2024-12-25 03:00:00+00:00,-8.51,5.992,-9.083,8.661,-13.128,0.0
2024-12-25 04:00:00+00:00,-7.19,7.296,-4.108,10.546,-5.938,0.0
2024-12-25 05:00:00+00:00,-7.24,7.547,-0.474,10.908,-0.685,0.0
2024-12-25 06:00:00+00:00,-7.08,8.448,2.599,12.211,3.757,0.0
2024-12-25 07:00:00+00:00,-5.85,5.232,4.655,7.562,6.729,0.0
2024-12-25 08:00:00+00:00,-6.1,2.143,6.297,3.098,9.102,0.0
2024-12-25 09:00:00+00:00,-7.25,-1.057,7.424,-1.528,10.73,0.0
2024-12-25 10:00:00+00:00,-8.97,-4.396,7.003,-6.354,10.122,1.8
2024-12-25 11:00:00+00:00,-13.54,-8.014,5.181,-11.584,7.488,11.4
2024-12-25 12:00:00+00:00,-15.57,-9.277,1.304,-13.409,1.885,14.7
2024-12-25 13:00:00+00:00,-14.55,-7.699,-1.395,-11.129,-2.017,11.4
2024-12-25 14:00:00+00:00,-15.74,-6.028,-2.724,-8.714,-3.937,1.8
2024-12-25 15:00:00+00:00,-18.21,-4.782,-3.896,-6.912,-5.632,0.0
2024-12-25 16:00:00+00:00,-18.9,-3.025,-5.009,-4.372,-7.241,0.0
2024-12-25 17:00:00+00:00,-17.98,-1.009,-7.867,-1.459,-11.372,0.0
2024-12-25 18:00:00+00:00,-19.22,2.481,-7.112,3.586,-10.28,0.0
2024-12-25 19:00:00+00:00,-18.55,6.913,-5.684,9.992,-8.216,0.0
2024-12-25 20:00:00+00:00,-15.76,9.025,-1.235,13.046,-1.785,0.0
2024-12-25 21:00:00+00:00,-17.79,8.908,3.184,12.876,4.602,0.0
2024-12-25 22:00:00+00:00,-16.77,6.788,7.572,9.812,10.945,0.0
2024-12-25 23:00:00+00:00,-16.21,1.348,10.064,1.948,14.547,0.0
2024-12-26 00:00:00+00:00,-16.09,-5.402,8.627,-7.808,12.47,0.0
2024-12-26 01:00:00+00:00,-14.35,-9.22,3.061,-13.327,4.425,0.0
2024-12-26 02:00:00+00:00,-12.28,-6.605,-2.711,-9.548,-3.919,0.0
2024-12-26 03:00:00+00:00,-12.87,-4.149,-7.724,-5.996,-11.164,0.0
2024-12-26 04:00:00+00:00,-15.5,1.255,-9.72,1.814,-14.049,0.0
2024-12-26 05:00:00+00:00,-13.46,6.126,-6.494,8.854,-9.386,0.0
2024-12-26 06:00:00+00:00,-12.38,7.757,-0.718,11.212,-1.038,0.0
2024-12-26 07:00:00+00:00,-11.85,5.18,3.913,7.488,5.656,0.0
2024-12-26 08:00:00+00:00,-16.07,1.11,6.91,1.604,9.989,0.0
2024-12-26 09:00:00+00:00,-16.99,-4.475,7.55,-6.468,10.914,0.0
2024-12-26 10:00:00+00:00,-17.19,-8.428,2.777,-12.182,4.014,2.0
2024-12-26 11:00:00+00:00,-17.65,-7.86,-3.859,-11.361,-5.578,32.8
2024-12-26 12:00:00+00:00,-16.84,-3.403,-7.219,-4.918,-10.435,14.8
2024-12-26 13:00:00+00:00,-13.71,1.776,-7.746,2.568,-11.196,24.2
2024-12-26 14:00:00+00:00,-14.3,6.99,-5.128,10.104,-7.412,5.5
2024-12-26 15:00:00+00:00,-13.5,7.381,0.446,10.669,0.644,0.0
2024-12-26 16:00:00+00:00,-14.2,5.093,4.708,7.362,6.805,0.0
2024-12-26 17:00:00+00:00,-14.82,1.476,7.919,2.134,11.447,0.0
2024-12-26 18:00:00+00:00,-14.49,-4.431,8.582,-6.405,12.405,0.0
2024-12-26 19:00:00+00:00,-14.87,-9.811,4.589,-14.181,6.633,0.0
2024-12-26 20:00:00+00:00,-12.21,-11.141,-3.101,-16.104,-4.482,0.0
2024-12-26 21:00:00+00:00,-11.37,-5.184,-8.822,-7.494,-12.752,0.0
2024-12-26 22:00:00+00:00,-10.94,2.284,-10.481,3.302,-15.15,0.0
2024-12-26 23:00:00+00:00,-12.13,7.677,-4.915,11.097,-7.104,0.0
2024-12-27 00:00:00+00:00,-9.06,11.687,2.249,16.893,3.25,0.0
2024-12-27 01:00:00+00:00,-7.73,5.875,8.094,8.492,11.7,0.0
2024-12-27 02:00:00+00:00,-7.6,0.077,11.983,0.112,17.32,0.0
2024-12-27 03:00:00+00:00,-9.13,-5.295,7.045,-7.653,10.183,0.0
2024-12-27 04:00:00+00:00,-6.65,-8.626,2.499,-12.469,3.613,0.0
2024-12-27 05:00:00+00:00,-8.48,-6.07,-2.257,-8.774,-3.262,0.0
2024-12-27 06:00:00+00:00,-7.81,-3.528,-5.022,-5.099,-7.258,0.0
2024-12-27 07:00:00+00:00,-9.84,0.787,-7.209,1.137,-10.42,0.0
2024-12-27 08:00:00+00:00,-7.99,4.702,-4.303,6.796,-6.219,0.0
2024-12-27 09:00:00+00:00,-11.34,6.168,-0.086,8.915,-0.124,0.0
2024-12-27 10:00:00+00:00,-14.28,5.076,4.051,7.338,5.855,7.0
2024-12-27 11:00:00+00:00,-14.6,1.696,6.344,2.452,9.169,43.1
2024-12-27 12:00:00+00:00,-11.69,-2.506,6.559,-3.622,9.48,35.5
2024-12-27 13:00:00+00:00,-13.57,-5.44,3.824,-7.864,5.527,44.8
2024-12-27 14:00:00+00:00,-12.38,-6.741,-0.168,-9.744,-0.243,8.0
2024-12-27 15:00:00+00:00,-10.31,-5.583,-4.67,-8.07,-6.751,0.0
2024-12-27 16:00:00+00:00,-10.08,-1.201,-6.266,-1.735,-9.058,0.0
2024-12-27 17:00:00+00:00,-10.18,2.74,-4.521,3.961,-6.534,0.0
2024-12-27 18:00:00+00:00,-8.94,5.37,-1.215,7.762,-1.756,0.0
2024-12-27 19:00:00+00:00,-5.59,4.397,2.439,6.356,3.525,0.0
2024-12-27 20:00:00+00:00,-6.16,2.102,4.777,3.038,6.905,0.0
2024-12-27 21:00:00+00:00,-4.07,-1.612,5.821,-2.33,8.414,0.0
2024-12-27 22:00:00+00:00,-3.82,-4.715,3.374,-6.815,4.876,0.0
2024-12-27 23:00:00+00:00,-2.86,-7.248,-0.502,-10.477,-0.726,0.0
2024-12-28 00:00:00+00:00,-2.59,-5.099,-5.505,-7.371,-7.957,0.0
2024-12-28 01:00:00+00:00,-0.74,-0.141,-7.045,-0.204,-10.183,0.0
2024-12-28 02:00:00+00:00,-0.22,4.425,-4.652,6.397,-6.724,0.0
2024-12-28 03:00:00+00:00,-2.41,5.174,0.142,7.478,0.205,0.0
2024-12-28 04:00:00+00:00,-4.08,3.112,3.59,4.499,5.189,0.0
2024-12-28 05:00:00+00:00,-6.59,-0.245,5.63,-0.354,8.137,0.0
2024-12-28 06:00:00+00:00,-6.45,-4.078,3.353,-5.894,4.846,0.0
2024-12-28 07:00:00+00:00,-7.37,-4.929,-0.792,-7.124,-1.144,0.0
2024-12-28 08:00:00+00:00,-11.39,-2.971,-3.964,-4.294,-5.73,0.0
2024-12-28 09:00:00+00:00,-9.53,0.768,-5.226,1.11,-7.554,0.0
2024-12-28 10:00:00+00:00,-9.52,4.367,-3.54,6.312,-5.116,7.4
2024-12-28 11:00:00+00:00,-7.04,6.037,-0.35,8.726,-0.506,41.3
2024-12-28 12:00:00+00:00,-9.75,5.598,3.194,8.092,4.617,69.3
2024-12-28 13:00:00+00:00,-10.29,2.482,4.245,3.587,6.136,37.2
2024-12-28 14:00:00+00:00,-13.01,0.169,4.456,0.244,6.441,10.0
2024-12-28 15:00:00+00:00,-13.26,-1.461,3.475,-2.112,5.023,0.0
2024-12-28 16:00:00+00:00,-13.02,-2.524,2.597,-3.649,3.753,0.0
2024-12-28 17:00:00+00:00,-14.32,-2.822,1.377,-4.079,1.99,0.0
2024-12-28 18:00:00+00:00,-13.27,-3.356,0.572,-4.851,0.827,0.0
2024-12-28 19:00:00+00:00,-14.09,-3.527,-0.383,-5.097,-0.553,0.0
2024-12-28 20:00:00+00:00,-10.55,-3.507,-1.766,-5.07,-2.553,0.0
2024-12-28 21:00:00+00:00,-9.9,-2.87,-3.11,-4.148,-4.495,0.0
2024-12-28 22:00:00+00:00,-11.11,-1.117,-3.531,-1.615,-5.104,0.0
2024-12-28 23:00:00+00:00,-10.62,0.668,-3.894,0.966,-5.628,0.0
2024-12-29 00:00:00+00:00,-10.84,2.763,-4.287,3.993,-6.197,0.0
2024-12-29 01:00:00+00:00,-11.67,4.275,-2.714,6.179,-3.922,0.0
2024-12-29 02:00:00+00:00,-13.6,5.364,-0.8,7.754,-1.157,0.0
2024-12-29 03:00:00+00:00,-12.32,5.823,2.044,8.416,2.954,0.0
2024-12-29 04:00:00+00:00,-12.57,4.811,5.162,6.954,7.462,0.0
2024-12-29 05:00:00+00:00,-13.67,2.058,7.316,2.975,10.574,0.0
2024-12-29 06:00:00+00:00,-12.3,-2.122,8.905,-3.068,12.871,0.0
2024-12-29 07:00:00+00:00,-14.21,-5.77,5.849,-8.34,8.454,0.0
2024-12-29 08:00:00+00:00,-12.67,-7.407,1.723,-10.706,2.49,0.0
2024-12-29 09:00:00+00:00,-12.44,-7.53,-2.668,-10.885,-3.856,0.0
2024-12-29 10:00:00+00:00,-10.13,-4.708,-6.501,-6.805,-9.397,9.9
2024-12-29 11:00:00+00:00,-12.34,0.422,-8.874,0.61,-12.827,28.9
2024-12-29 12:00:00+00:00,-16.0,6.252,-6.794,9.037,-9.82,37.2
2024-12-29 13:00:00+00:00,-14.42,7.956,-2.059,11.5,-2.976,33.4
2024-12-29 14:00:00+00:00,-13.81,8.288,2.089,11.98,3.02,3.6
2024-12-29 15:00:00+00:00,-14.16,6.308,6.086,9.118,8.797,0.0
2024-12-29 16:00:00+00:00,-16.41,2.293,7.365,3.315,10.646,0.0
2024-12-29 17:00:00+00:00,-15.58,-1.61,7.768,-2.327,11.228,0.0
2024-12-29 18:00:00+00:00,-17.34,-3.347,4.923,-4.837,7.116,0.0
2024-12-29 19:00:00+00:00,-15.64,-4.576,2.893,-6.615,4.181,0.0
2024-12-29 20:00:00+00:00,-18.69,-5.664,0.733,-8.187,1.06,0.0
2024-12-29 21:00:00+00:00,-18.17,-4.839,-1.786,-6.995,-2.582,0.0
2024-12-29 22:00:00+00:00,-14.89,-3.148,-4.014,-4.55,-5.802,0.0
2024-12-29 23:00:00+00:00,-14.47,-0.461,-4.701,-0.666,-6.795,0.0
2024-12-30 00:00:00+00:00,-16.15,1.904,-3.383,2.752,-4.89,0.0
2024-12-30 01:00:00+00:00,-16.57,3.291,-1.456,4.757,-2.104,0.0
2024-12-30 02:00:00+00:00,-16.26,3.703,1.12,5.352,1.619,0.0
2024-12-30 03:00:00+00:00,-15.4,1.976,2.889,2.856,4.176,0.0
2024-12-30 04:00:00+00:00,-18.0,-0.307,3.628,-0.443,5.244,0.0
2024-12-30 05:00:00+00:00,-17.5,-2.627,2.768,-3.797,4.001,0.0
2024-12-30 06:00:00+00:00,-17.68,-4.345,0.499,-6.281,0.722,0.0
2024-12-30 07:00:00+00:00,-17.8,-3.984,-2.334,-5.758,-3.373,0.0
2024-12-30 08:00:00+00:00,-16.27,-2.202,-4.678,-3.182,-6.762,0.0
2024-12-30 09:00:00+00:00,-17.51,0.785,-4.945,1.134,-7.147,0.0
2024-12-30 10:00:00+00:00,-17.62,3.223,-3.586,4.659,-5.183,2.8
2024-12-30 11:00:00+00:00,-16.3,4.45,-1.343,6.432,-1.941,12.5
2024-12-30 12:00:00+00:00,-16.29,4.465,1.193,6.454,1.724,23.7
2024-12-30 13:00:00+00:00,-16.67,3.189,3.292,4.609,4.758,42.2
2024-12-30 14:00:00+00:00,-15.37,0.75,3.585,1.084,5.182,11.0
2024-12-30 15:00:00+00:00,-15.83,-1.36,2.969,-1.966,4.291,0.0
2024-12-30 16:00:00+00:00,-14.99,-2.623,1.066,-3.791,1.541,0.0
2024-12-30 17:00:00+00:00,-13.14,-1.803,-0.822,-2.607,-1.188,0.0
2024-12-30 18:00:00+00:00,-8.41,-0.596,-1.315,-0.861,-1.901,0.0
2024-12-30 19:00:00+00:00,-7.91,0.416,-1.777,0.601,-2.568,0.0
2024-12-30 20:00:00+00:00,-7.29,1.464,-1.307,2.116,-1.89,0.0
2024-12-30 21:00:00+00:00,-5.63,2.326,-0.158,3.362,-0.229,0.0
2024-12-30 22:00:00+00:00,-8.27,1.754,1.334,2.536,1.928,0.0
2024-12-30 23:00:00+00:00,-5.65,0.412,2.333,0.596,3.372,0.0
2024-12-31 00:00:00+00:00,-6.39,-1.493,2.176,-2.158,3.145,0.0
2024-12-31 01:00:00+00:00,-6.17,-3.189,0.64,-4.609,0.925,0.0
2024-12-31 02:00:00+00:00,-3.69,-1.945,-1.268,-2.812,-1.833,0.0
2024-12-31 03:00:00+00:00,-4.43,-0.256,-2.426,-0.37,-3.506,0.0
2024-12-31 04:00:00+00:00,-7.0,1.613,-1.684,2.332,-2.434,0.0
2024-12-31 05:00:00+00:00,-7.97,3.064,0.278,4.429,0.402,0.0
2024-12-31 06:00:00+00:00,-9.12,1.46,2.258,2.11,3.264,0.0
2024-12-31 07:00:00+00:00,-10.09,-0.953,3.084,-1.378,4.458,0.0
2024-12-31 08:00:00+00:00,-12.66,-4.609,2.03,-6.663,2.934,0.0
2024-12-31 09:00:00+00:00,-11.02,-4.78,-1.811,-6.91,-2.617,0.0
2024-12-31 10:00:00+00:00,-13.14,-1.918,-4.465,-2.772,-6.455,14.1
2024-12-31 11:00:00+00:00,-16.54,1.911,-5.329,2.762,-7.703,51.7
2024-12-31 12:00:00+00:00,-16.73,4.842,-2.508,6.999,-3.626,37.4
2024-12-31 13:00:00+00:00,-15.66,5.421,1.303,7.836,1.883,23.1
2024-12-31 14:00:00+00:00,-16.49,3.43,4.084,4.959,5.904,3.7
2024-12-31 15:00:00+00:00,-15.37,0.556,4.588,0.804,6.631,0.0
2024-12-31 16:00:00+00:00,-13.97,-2.559,4.643,-3.698,6.711,0.0
2024-12-31 17:00:00+00:00,-11.71,-3.639,1.808,-5.26,2.614,0.0
2024-12-31 18:00:00+00:00,-12.14,-3.01,-0.592,-4.351,-0.855,0.0
2024-12-31 19:00:00+00:00,-11.33,-2.067,-2.353,-2.988,-3.401,0.0
2024-12-31 20:00:00+00:00,-11.72,-0.264,-3.2,-0.381,-4.626,0.0
2024-12-31 21:00:00+00:00,-12.27,1.585,-2.563,2.291,-3.705,0.0
2024-12-31 22:00:00+00:00,-12.24,3.001,-1.272,4.337,-1.839,0.0
2024-12-31 23:00:00+00:00,-13.59,2.949,0.658,4.263,0.951,0.0
